// Noto Sans SC subset (159744 bytes), licensed under the SIL Open Font License 1.1.
// Exported using binary_to_compressed_c.cpp
static const unsigned int NotoSansSC_compressed_size = 151324;
static const unsigned int NotoSansSC_compressed_data[151324/4] =
{
    0x0000bc57, 0x00000000, 0x00700200, 0x00000400, 0x544f4708, 0x0e004f54, 0x03008000, 0x46436000, 0xf1632046, 0x00002ae5, 0x0200f400, 0x5047a41f,
    0xc4c1534f, 0x02008e07, 0x00006045, 0x53472e10, 0x75854255, 0x0200b255, 0x00009055, 0x534f9c11, 0x4462322f, 0x02000763, 0x3382202e, 0x56602c08,
    0xc947524f, 0x007aa601, 0x002c6702, 0x63100200, 0x0f70616d, 0x0083445e, 0x00ac3602, 0x68940e00, 0x1e646165, 0x0091332d, 0x82982002, 0x6836212f,
    0x0c271082, 0x00ba0b11, 0x82fc2d02, 0x6824280f, 0xd178746d, 0x8278e6b4, 0x00d02b1f, 0x6d2c0d00, 0x03707861, 0x1a82504e, 0x82ec0021, 0x6e062804,
    0xd1656d61, 0x822bfe66, 0x00802c6f, 0x702a0800, 0xff74736f, 0x82320086, 0x8240209f, 0x7620211f, 0x9e264f83, 0x02002017, 0x0f82dc6f, 0x82762421,
    0xa82e084f, 0x00c6a632, 0x003c6902, 0x009e0600, 0x03005000, 0x0100004e, 0x00030400, 0x13010101, 0x6f746f4e, 0x736e6153, 0x522d4353, 0x6c756765,
    0x16837261, 0xf8464808, 0x8b1cf81b, 0x1df81e0c, 0x021ef801, 0xf8031ff8, 0x2afb0418, 0x7efe030c, 0x0b1cacfe, 0x10071c70, 0x002a1e05, 0x0c1f0020,
    0x00001d1f, 0x220cf9ff, 0x0f96101c, 0x0ce5161c, 0x01001d25, 0x240c72ef, 0x1126171c, 0x82020f00, 0x06390868, 0x5f000e00, 0x7f007300, 0xbf009c00,
    0xf400da00, 0x2c010d01, 0x68014901, 0xaf018a01, 0x626f6441, 0x65644965, 0x7469746e, 0x706f4379, 0x67697279, 0x2d207468, 0x30323032, 0x2d1c8420,
    0x74682820, 0x2f3a7074, 0x7777772f, 0x2e83612e, 0x6f632e27, 0x2e292f6d, 0x3dba8320, 0x20736920, 0x72742061, 0x6d656461, 0x206b7261, 0x4720666f,
    0x6c676f6f, 0x6e492065, 0x21842e63, 0x2023dd83, 0x86204353, 0x91138bde, 0x412d2afc, 0x6168706c, 0x69746562, 0x251c9c63, 0x69676944, 0x22927374,
    0x6e694425, 0x94616267, 0x6547241a, 0x9472656e, 0x57482557, 0x68746469, 0x18854d92, 0x49286c98, 0x676f6564, 0x68706172, 0x502b8993, 0x6f706f72,
    0x6f697472, 0x926c616e, 0x221e8b5a, 0x9e4b4a43, 0x21828521, 0xd0414a01, 0x0b970a05, 0x14001000, 0x1d001800, 0x25002100, 0x2d002900, 0x35003100,
    0x3d003900, 0x45004100, 0x4d004900, 0x55005100, 0x5d005900, 0x65006100, 0x6d006900, 0x75007100, 0x7d007900, 0x85008100, 0x8d008900, 0x95009100,
    0x9d009900, 0xa500a100, 0xae00aa00, 0xb600b200, 0xbe00ba00, 0xc600c200, 0xce00ca00, 0xd500d200, 0xdd00d900, 0xe500e100, 0xed00e900, 0xf600f100,
    0xfe00fa00, 0x06010201, 0x0e010a01, 0x16011201, 0x1e011a01, 0x26012201, 0x2e012a01, 0x36013301, 0x3e013a01, 0x46014201, 0x4d014a01, 0x55015101,
    0x5d015901, 0x65016101, 0x6d016901, 0x75017101, 0x7d017901, 0x85018101, 0x8d018901, 0x95019101, 0x9d019901, 0xa501a101, 0xac01a901, 0xb401b001,
    0xbc01b801, 0xc401c001, 0xcd01c901, 0xd401d101, 0xdc01d801, 0xe401e001, 0xec01e801, 0xf501f001, 0xfb01f801, 0x05020002, 0x0f020a02, 0x19021402,
    0x26021e02, 0x30022b02, 0x3a023502, 0x44023f02, 0x4c024802, 0x56025102, 0x60025b02, 0x6c026602, 0x77027102, 0x82027d02, 0x8c028702, 0x97029202,
    0xa2029d02, 0xac02a702, 0xb602b102, 0xc102bc02, 0xcd02c702, 0xd702d202, 0xe302dd02, 0xed02e802, 0xf702f202, 0x0203fc02, 0x0a030603, 0x15031003,
    0x20031a03, 0x2c032503, 0x37033203, 0x43033d03, 0x4f034903, 0x5b035503, 0x64035f03, 0x70036a03, 0x7a037503, 0x83037f03, 0x8d038703, 0x98039203,
    0xa2039d03, 0xac03a803, 0xb703b203, 0xc203bc03, 0xee03e903, 0xf903f303, 0x0404fe03, 0x0f040a04, 0x1b041404, 0x27042104, 0x33042d04, 0x3f043904,
    0x50044704, 0x60045804, 0xa9047104, 0xc704bc04, 0xe504d704, 0xfa04f104, 0x08050105, 0x16050f05, 0x72055d05, 0xa0057c05, 0xbb05af05, 0xd705c405,
    0xfb05ea05, 0x09060206, 0x17061006, 0x2d062606, 0x4e063706, 0x67065b06, 0x7d067206, 0x9b068f06, 0xad06a406, 0xe106b606, 0xf006ec06, 0x1307fe06,
    0x1d071707, 0x3a073107, 0x5c074907, 0x72076807, 0x87077d07, 0x9a079107, 0xb207a307, 0x3b08f607, 0xb1087f08, 0x0009e708, 0x5d093609, 0x84096c09,
    0xc909a609, 0xfb09e909, 0x320a180a, 0x660a4c0a, 0x880a750a, 0xb40a9e0a, 0xd70ac30a, 0xfd0aea0a, 0x200b0e0b, 0x390b310b, 0x5b0b4a0b, 0x790b6a0b,
    0x940b870b, 0xae0ba10b, 0xc80bbb0b, 0x05887e15, 0x827f150b, 0x80182104, 0xf7280482, 0xf70b0739, 0x180b063c, 0xfb251183, 0xf70b061c, 0x2003820d,
    0x2003820f, 0x2003820c, 0x20038202, 0x24038222, 0xfb0b0617, 0x2007821d, 0x20038215, 0x20038218, 0x20038225, 0x2003822d, 0x2003821b, 0x20038212,
    0x20038211, 0x2003821f, 0x20038223, 0x83038200, 0x82032047, 0x82362007, 0x06102803, 0x1af7080b, 0x8234f70b, 0x204b8343, 0x20138209, 0x23138316,
    0x31f70b10, 0x2c200b82, 0x14200382, 0x30200382, 0x0b200382, 0x37210382, 0x239e8206, 0xfb0b0589, 0x1d201483, 0x0b272883, 0x0cfb150b, 0x8213f70b,
    0x8201201c, 0x82242003, 0x82052003, 0x823a2003, 0x250b8250, 0x150e07cd, 0x638207fb, 0xf70b2128, 0xfb0b070c, 0x2e820725, 0xfb0b1f22, 0x0824ab82,
    0x180b1df7, 0xf721ef83, 0x822b8204, 0x82fb20e5, 0x84fb2043, 0x8244207c, 0x0b142330, 0x178211fb, 0x0825c482, 0xf70b08f7, 0x203c821f, 0x206f8335,
    0x2b1b8246, 0x45f70b29, 0x7f180b06, 0xcf0b0587, 0x72206083, 0x00205482, 0x16201782, 0x242a0382, 0x0644f70b, 0x0e07cc0b, 0x778320f7, 0x150b3228,
    0x080b02f7, 0x1a8234fb, 0x26823720, 0xf70b1123, 0x23838338, 0xb5fb0b05, 0x49200782, 0x17202383, 0xc6831782, 0x07822020, 0x03820920, 0x03820120,
    0xf80b1023, 0x211f8235, 0x0b8211f7, 0x03823a20, 0x03821220, 0x03820e20, 0x4f822620, 0xd00b0522, 0xf7217582, 0x200a8204, 0x20128214, 0x20038213,
    0x200b822c, 0x20038221, 0x82d2822a, 0xf7152295, 0x22148203, 0x82d10b08, 0x16fb2127, 0x00201782, 0x36200e82, 0x30200382, 0x2a200382, 0x32340f82,
    0x152ff80b, 0x887d180b, 0x07d20b05, 0x0e07c60e, 0x08788e6d, 0x3b820f82, 0x877e0625, 0x836e0b87, 0x8e712b0e, 0x740b0879, 0x0b087a8e, 0x18827d15,
    0x958c0832, 0x1a8b9e8b, 0x8113080b, 0x40130b00, 0x6f0b0008, 0x07212083, 0x202f827f, 0x2c048306, 0x00200213, 0x080cf70b, 0x0801f70e, 0x2511820e,
    0x00130b88, 0x2a828080, 0x08321682, 0x0b80ef13, 0x803400ff, 0x87860b00, 0x0b1e8a7b, 0x15820113, 0x3300ff22, 0xff221082, 0x05823000, 0x10401322,
    0x08275682, 0x060b4000, 0x82043dfb, 0x8231202b, 0x13082214, 0x20368310, 0x220a822c, 0x83fe1306, 0x0001214b, 0x80258082, 0x13070b20, 0x202e8205,
    0x22338220, 0x837d8787, 0x0220224f, 0x20348200, 0x2329833c, 0x82888882, 0xe7202082, 0x08202f82, 0x2e206584, 0x38206584, 0x13220582, 0x36830880,
    0x04820120, 0x3b820220, 0x75820620, 0x80130b22, 0x85227482, 0x45827a86, 0x1de6062a, 0x1dd6060b, 0xc5ffff0b, 0xfa257284, 0x13060b80, 0x208283eb,
    0x220f823b, 0x82840013, 0x8c94247d, 0x821e8b9e, 0x8243206a, 0x13072311, 0xd0821004, 0xff228083, 0x10823f00, 0xcbffff22, 0x88220582, 0x4c827f88,
    0x4000ff22, 0xcc201184, 0xf7250582, 0x130e0822, 0x22768201, 0x82798685, 0x8c95241a, 0x821a8ba0, 0x26b38278, 0x0443f706, 0x8302130b, 0x82e12009,
    0x1df12c7c, 0x9d93960b, 0xca0b1ab0, 0x823af74c, 0x84c42087, 0xc0bf2187, 0x0482cf82, 0x3e00ff22, 0xb8200f83, 0xc020a183, 0x01219183, 0x08918204,
    0x8b958c34, 0x8a801e0b, 0xd60b8b66, 0xf706e2f7, 0xfbe4531a, 0x643e3418, 0xaf1e596b, 0xb6a8054c, 0x1bcaa8c4, 0x4548a2e4, 0x717bfb1f, 0x0afb5024,
    0xfb060b1a, 0x04820431, 0x82043321, 0x84bc2060, 0x00ff21c6, 0x4f20d182, 0x02216b84, 0x25528288, 0x0bc0ed13, 0x5c824013, 0x6c6f5925, 0x821f785b,
    0x8451201c, 0x83d420cb, 0x4e002105, 0xde822884, 0x0cfb0b29, 0x0b017cfa, 0x827e8787, 0x8c0824d4, 0x829c8b93, 0xd83309d6, 0x1d00f71d, 0x0bcef4da,
    0xda1d58f7, 0x0b072ef8, 0x0ef7b212, 0x0bdaf31d, 0x52be69ea, 0x58686b5d, 0x82c01e7a, 0x1b60ac73, 0x53a34e0b, 0xb41ac09c, 0xbcceb0a9, 0xb16f77ab,
    0x05c6b71e, 0xa65760ac, 0x08fb1b46, 0x2e354847, 0x6ed367e1, 0xc773c81f, 0x5d1a5274, 0x48466469, 0x5ab1a662, 0x054f5e1e, 0x22f7e50b, 0x0af7e206,
    0x98fb17f7, 0xfb06e905, 0x0bd8f73e, 0xf71d6bf7, 0xfbf04f43, 0xf70b1f02, 0xaec007b5, 0x1baaa1ac, 0xfb3ea8d1, 0x400b1f10, 0xfc47f706, 0x6c731574,
    0x1f6bb694, 0xfb062a0b, 0x05aefb5a, 0x318ef888, 0x6d60590b, 0x881f685e, 0x6c560b06, 0x1b69776d, 0x591ffb0b, 0x0b1e4e3f, 0xe73df7e7, 0xa00be64e,
    0x7773f976, 0xfbf00b01, 0xc41d957e, 0x1fb0f6dd, 0xe0f861f7, 0x2a063205, 0x5b7cc2fb, 0x5a7c547b, 0x7a068619, 0x7bc378bc, 0xf703fbba, 0x062c18c2,
    0xb4fc6ef7, 0x4805627f, 0x4d596475, 0x907b7d1b, 0x791f808f, 0x9c840542, 0x1ba587a0, 0x1d5ef70b, 0x15befbca, 0x3bfb06e5, 0xfb0573f9, 0x41f70610,
    0x16b20e1d, 0x0627f8da, 0x821d0ff7, 0x71180973, 0x2af7e506, 0x07fc1df7, 0xfb06ea05, 0xf75df844, 0x05aaf72e, 0x5cfb062b, 0x870506fc, 0x062f06f8,
    0x71776e0b, 0x601a5e65, 0x7aa76e9e, 0x0b07861e, 0xa6adb2c1, 0x9fc61bb5, 0x0b1d47f7, 0xb9abb1bf, 0x068d1faa, 0x655f150b, 0xb0e2e2b5, 0xaebbb8b2,
    0x66343563, 0x0b1f5d61, 0x79460649, 0x95a7afa4, 0x1f9c9c9c, 0x86a3a17f, 0xe00b1ba0, 0x0af7ced6, 0x78ad7cbf, 0xd1f21fa5, 0x0b0640fb, 0xf758dd31,
    0x5e0b1e03, 0x5c60736a, 0x5b6c0b1a, 0x06871f78, 0xa09e960b, 0x0b999ca4, 0x13f716d7, 0xf730f71d, 0x17f70570, 0x970b061d, 0x59f735fc, 0x16ce0e1d,
    0x0621f8e7, 0x0b1d22f7, 0x2f94f9d8, 0x8e0644fb, 0x69b4052c, 0x1b5e9d6c, 0xfb253527, 0x150b1f4b, 0xe0e422f7, 0xb352e5ed, 0x0b1f06fb, 0x02f7d012,
    0xb0ffff1d, 0x0be70080, 0xb1068f1e, 0xfbd330fb, 0xdb0b05a9, 0xd936e34e, 0x78dd40f7, 0x6e660be4, 0xa866666e, 0xa8b0b06e, 0x6eb0b0a8, 0x0e1f66a8,
    0x804d00ff, 0xb2ffff00, 0x28083383, 0xf7e9b912, 0xdc3ae75b, 0xaea9f70b, 0x8f0530f7, 0x6eb30b06, 0x6e6868a6, 0xa00b6370, 0xdb71f876, 0xe712777d,
    0xf7e63cda, 0x08028382, 0xf7ce1349, 0xd6131d4f, 0x5762524a, 0x06881f5c, 0xda83b613, 0x40ae1305, 0xb8920b06, 0xb790b890, 0x1d4cf708, 0x56f7150e,
    0xc201ea1d, 0xd884f7d5, 0xf716c203, 0x780b1d4e, 0x6a7315d9, 0x1f6db995, 0xbd07b5f7, 0xf7a0adad, 0x821f1d71, 0x65fd0826, 0xf716c61d, 0x930b1d62,
    0x768f737a, 0x4a39331b, 0xa44511fb, 0x1f6eac5f, 0x120b0787, 0x1d34f7ce, 0x0be756f7, 0x73fd3bfb, 0xba06e305, 0xf70573f7, 0x860b064e, 0x6e5c1b75,
    0xf81fd0a7, 0xecfc2ff3, 0xbd0cfb07, 0x0af70b4e, 0xc72ff701, 0x03c71cf7, 0xb9ee0beb, 0x58283060, 0x0e1f275d, 0x86818905, 0x7e1b868b, 0xf80b967f,
    0x21fbd717, 0x064612f9, 0x1f33630b, 0xf7e7f2fb, 0x070b07fc, 0xa6b7bec3, 0x0bd01bb5, 0x19e09adb, 0x369b068f, 0xd67efb0b, 0x017752f9, 0x0383f898,
    0x0e1d1df7, 0xc5c1e615, 0x1fae03f7, 0xe2f83ef7, 0x3f063005, 0x5a80c3fb, 0x567d517d, 0x7e068719, 0x7ec67ac0, 0xc3f732bb, 0xf7062d18, 0x80b9fc4e,
    0x7a530565, 0x1b60626d, 0x918e7e76, 0x43781f81, 0xa09c8305, 0x0e1ba587, 0x5f90068f, 0x5e935e8f, 0x18c7fbc0, 0xf9d206ed, 0x06400573, 0x8662fc66,
    0x8956874e, 0x3448824f, 0xc183c781, 0xf75ac781, 0x064918a4, 0x80a4fb59, 0x8257834e, 0x0817824e, 0x88c88795, 0x65c886bf, 0x391862f8, 0xb1f70b06,
    0xc3d2157f, 0x1fb2baaa, 0x4bfbcff7, 0x5cfbed3d, 0x6d797507, 0x321b6a7e, 0xf703f750, 0xc94ff752, 0xbbe702f7, 0xa6656ea7, 0x05c5c21f, 0xb95b68b7,
    0x25fb1b40, 0xfb23fb22, 0xf382fb82, 0x20f720fb, 0xf8d50b1f, 0x7dc80633, 0xf7c787f3, 0x06bb1d31, 0x1d36f7d4, 0x237f4f87, 0x33fc1a4e, 0x2e73f9d8,
    0xbdfb4107, 0x050efb70, 0xf7710687, 0xbdf7400e, 0x0b062f05, 0xf8e616e7, 0xbdc3061e, 0x1bb4a6b9, 0x2560abd0, 0x82e0fb1f, 0x48f72210, 0x080b861d,
    0x07ecf7ae, 0xd5561ff7, 0x524904fb, 0x1e534e60, 0xb35e75cb, 0xf70b1b38, 0x11f71d5f, 0xb1e4e1cc, 0xa66f78a8, 0x1d6af71f, 0x22f347fb, 0x0e1f19f7,
    0xc0a5f715, 0x69bee707, 0x5d582b2a, 0x8ef71f2f, 0xfb1516fc, 0x05daf723, 0xcebda7d9, 0x2cf71af6, 0x16fbc22f, 0xfd34fb1e, 0xcbf7e973, 0x069106cd,
    0xcbfb18f7, 0xf7d60e05, 0x16f706ea, 0x05fbe04f, 0x69694b42, 0x4daf1e5b, 0xb6b3a805, 0xd31bbda5, 0x1f4349a5, 0x297051fb, 0x1a0dfb50, 0xe1f6150b,
    0x1f46f7c7, 0xf73291f8, 0x0e1e1d5c, 0xf71d22f7, 0x29ce6315, 0x5a635c4c, 0xf78e1e60, 0x54f78d01, 0xe208d283, 0x37f71d4e, 0x3105b4f8, 0xcafb3606,
    0x567c547f, 0x8719567e, 0x7dc07f06, 0x37c27dc0, 0x2e18caf7, 0x08f70e06, 0xf939f706, 0x062e0573, 0x7a23fc3d, 0x78437f34, 0x06861934, 0xd37ee279,
    0xf83de27a, 0x062b1823, 0xb9b4150e, 0x1fb29c95, 0x7d05ce78, 0x6d846f6f, 0xb871411b, 0xb2f71fd9, 0xfbd552f7, 0x072df752, 0x9f9cbc0b, 0xa71ba6a5,
    0x1f576d98, 0xf7ce20fc, 0x150b1d68, 0xc2b05e3f, 0xacab97aa, 0xa3851fa7, 0x1ba18a9d, 0xaece06b7, 0x57565879, 0x0b1f3955, 0xf0e1f015, 0x43f755f7,
    0x02fbf04e, 0x5f705f5e, 0xec8e1f67, 0x2f4ef705, 0xf7470b07, 0xe76afc05, 0x32f76af8, 0xba32fbd5, 0xb5add507, 0x85aaa5ca, 0x0b1ea57b, 0xfb0794fc,
    0x51655d09, 0xf7b16055, 0x94f81e09, 0x0791fc2e, 0x4fde46fb, 0x83150bf6, 0x843f20c0, 0x38ad08c0, 0x150b23fc, 0x9d05f7a3, 0x49f79ddd, 0x9d3b9c1d,
    0x05fba339, 0xc8150b18, 0xb7b6a3c4, 0x05c8641f, 0x76636d6c, 0x4d311b5f, 0x0b11f7de, 0x05b9571e, 0x08fb1dfb, 0xfb3cfb38, 0x75fb1a73, 0xf73afbde,
    0x06f70b1d, 0x1306871d, 0x05ce84b6, 0x064bae13, 0xeef7e80e, 0xeefb59f7, 0x2f73f9e7, 0x59fbc8fb, 0x062ec8f7, 0x46f7120b, 0xe8b03af7, 0xf413e847,
    0x157e9cf7, 0x0bf416f7, 0xf7062bf7, 0xf7d1e522, 0x5402f724, 0x1f9b3cbd, 0xe80b0790, 0x6bf7ddf7, 0xf76bfbda, 0xdb91f78b, 0x0e06eefb, 0xab990ef7,
    0xac9aac9c, 0x9b068f19, 0x9b699e6b, 0x08b9826c, 0x07b0b88b, 0x69c009f7, 0x5c562221, 0x0b1f09fb, 0x6ef727f8, 0x0b20fc1d, 0xf7d56549, 0xbf15f719,
    0xa6aac7db, 0x1fa86180, 0x05c6ba0b, 0xa75e67ae, 0x16fb1b4a, 0xfb2305fb, 0xe9880b4a, 0xb1af6105, 0xf01bae7a, 0x55f7f0e1, 0x0103f70b, 0x03e78ff7,
    0x26f816e3, 0x0b27fbd7, 0xd4e733f7, 0x35f72ef7, 0x33fbc22f, 0xbc070b1f, 0xa7a59c9b, 0x719ba61b, 0x7e0b1f53, 0x94a8ba15, 0x741fb39d, 0x0b7b05d2,
    0x280cf78b, 0xf7fbf876, 0x12778b0c, 0x06df460b, 0x1ffb650e, 0x0b4e3f59, 0xe4bc01d4, 0x03e4abf7, 0x157eaaf7, 0x0100010b, 0x00060000, 0x00010900,
    0x0f00010c, 0x08220006, 0x00052c00, 0x3d000833, 0x19420000, 0x02005d00, 0x010300df, 0x00740500, 0x05007605, 0xbc070184, 0x00eb0700, 0x08035508,
    0xe0080088, 0x04ea0804, 0x090ff408, 0x09090005, 0x080c0901, 0x09061709, 0x25090122, 0x023c0915, 0x09044009, 0x4b090246, 0x04720921, 0x09047c09,
    0x09250286, 0x01152500, 0x25001825, 0x2a25001a, 0x00482500, 0x25004f25, 0x66250159, 0x00882500, 0x25009125, 0xc52500bd, 0x00c72500, 0x2500ce25,
    0x152600ec, 0x00222600, 0x26003126, 0x5126004f, 0x00542600, 0x26006326, 0x7326006d, 0x009c2600, 0x2600a226, 0xe42600a9, 0x00e62600, 0x2600e926,
    0xf02600ee, 0x00fc2600, 0x27003327, 0x71270047, 0x00982700, 0x2700ca27, 0xe42700d4, 0x00e62700, 0x28001928, 0x8f28006c, 0x00a22800, 0x2900e028,
    0x522a007d, 0x00552a00, 0x2a005e2a, 0x8d2a0061, 0x00932a00, 0x2a00a92a, 0xc22a00b5, 0x00de2a00, 0x2b00ff2a, 0x222b0011, 0x00742b00, 0x2b00792b,
    0x8a2b0087, 0x00952b00, 0x2b00a12b, 0xb52b00a4, 0x00b72b00, 0x2b00bd2b, 0xe52b00c6, 0x00ef2b00, 0x2c00142c, 0x812c0076, 0x00a12c00, 0x2d002c2d,
    0x722d006f, 0x009d2d00, 0x2e00d22d, 0x562e000a, 0x00592e00, 0x2e005b2e, 0x672e0060, 0x00692e00, 0x2e008e2e, 0x932e0090, 0x00a82e00, 0x2e00ad2e,
    0xb32e00b1, 0x00b52e00, 0x2e00b82e, 0xea2e00e4, 0x00142f00, 0x2f005d2f, 0xca2f0070, 0x00cf2f00, 0x33005133, 0x90330181, 0x00c73300, 0x3300d033,
    0xe23300dc, 0x00e53300, 0x3400f033, 0x4c340049, 0x00543400, 0x3600f934, 0x0d360005, 0x00b23600, 0x3600b736, 0xda3600c4, 0x00e23600, 0x3700fb36,
    0x0d37000a, 0x009d3700, 0x3c004f38, 0x073c0005, 0x006e3c00, 0x3c00873c, 0x933c008b, 0x00c43c00, 0x3d00cb3c, 0x573d0151, 0x00643d00, 0x3d00683d,
    0x893d0078, 0x008d3d00, 0x3d00b83d, 0xda3d00c4, 0x00ef3d00, 0x41010441, 0x16410011, 0x00394100, 0x41006141, 0x8b41007b, 0x00a04100, 0x4100d641,
    0x0c4200e5, 0x00124200, 0x42003242, 0xe74200de, 0x00ef4200, 0x4300f342, 0x1643000b, 0x00ac4300, 0x4300c643, 0xe84300e2, 0x00024400, 0x44005044,
    0x6a440053, 0x008d4400, 0x4400ad44, 0xea4400b3, 0x00054500, 0x45004445, 0x6c46005c, 0x00084700, 0x48015648, 0x8e48005d, 0x00a34800, 0x4800c648,
    0xd24800c9, 0x00da4800, 0x4900f448, 0x15490013, 0x00384900, 0x49004949, 0x9f49007a, 0x00ab4900, 0x4900cf49, 0xdd4900d7, 0x00014a00, 0x4a00544a,
    0x7a4a0066, 0x00874a00, 0x4b00dd4a, 0x204b001e, 0x00244b00, 0x4b00a34b, 0x964c00fa, 0x00e94c00, 0x4d00eb4c, 0xc54d00ba, 0x00ca4d00, 0x4d00d24d,
    0x184e00de, 0x001e4e00, 0x4e00444e, 0xa14e008d, 0x00c44e00, 0x4e00f04e, 0xfe4e00fc, 0x00114f00, 0x4f003a4f, 0x6d4f0055, 0x00814f00, 0x5000cd4f,
    0xc05000ac, 0x00c45000, 0x5000d750, 0x145100ff, 0x00175100, 0x51002c51, 0x3c510039, 0x00935100, 0x51009851, 0xbd5100ab, 0x00e05100, 0x5200f551,
    0x2752000c, 0x003c5200, 0x52005d52, 0xab520065, 0x00c25200, 0x5300cf52, 0xd455008b, 0x00175600, 0x5800e057, 0x6058025b, 0x00855800, 0x59001a59,
    0xe2590043, 0x00e75900, 0x5a00865a, 0xf15a00cf, 0x00385b00, 0x5b00685b, 0x7e5b0078, 0x00d55b00, 0x5c00915c, 0xf75c00b3, 0x00055d00, 0x5e00115e,
    0xc25f0022, 0x00a06100, 0x64006662, 0xfb6400b7, 0x006f6500, 0x6600bb65, 0xd36600ce, 0x00fb6600, 0x67000667, 0x9f69007c, 0x00ab6900, 0x6900ba69,
    0x0b6a00e1, 0x00336c00, 0x6c00aa6c, 0xb46c00b2, 0x00d86c00, 0x6c00e26c, 0x076d00e8, 0x004d6d00, 0x6e00c26d, 0x7a6e0073, 0x009e6e00, 0x6f00326f,
    0x9b6f0036, 0x00b86f00, 0x70009070, 0x14710099, 0x008a7100, 0x7100af71, 0xf07100e2, 0x00dd7200, 0x7300ea72, 0xc77300af, 0x005e7400, 0x7400a174,
    0x0c7500c7, 0x000f7500, 0x75004075, 0x37770059, 0x00bf7700, 0x7800d677, 0x9c78004d, 0x00a07800, 0x7b00d27b, 0xef7b00e4, 0x00f17b00, 0x7b00f37b,
    0xfe7b00fc, 0x00047c00, 0x7c000a7c, 0x187c0012, 0x001f7c00, 0x7c003e7c, 0xcc7c0054, 0x00fe7d00, 0x7e00167e, 0x9c7f00ad, 0x00078000, 0x80003e80,
    0x058200b6, 0x001a8200, 0x83009282, 0xdc850048, 0x00268600, 0x8a007988, 0x118c00be, 0x00668f00, 0x90008d8f, 0x2f900008, 0x00d19100, 0x9200d991,
    0x3c920137, 0x00499200, 0x92006f92, 0x9c9500a8, 0x001e9600, 0x96002196, 0x3596002d, 0x013b9600, 0x96003e96, 0x5f960052, 0x006a9600, 0x96006c96,
    0x74960071, 0x00789600, 0x97008096, 0x4c980005, 0x00af9800, 0x99004499, 0x65990047, 0x00f89b00, 0x9c00099c, 0x429c001f, 0x00669c00, 0x9c008b9c,
    0xa49c00a1, 0x00ae9c00, 0x9c00b99c, 0x209d00c1, 0x00329d00, 0x9d00419d, 0x6e9d0049, 0x00729d00, 0x9e00d59d, 0x289f0044, 0x00499f00, 0xa100e59f,
    0x08a10006, 0x005ea600, 0xa601d6a6, 0x04a700ef, 0x0033a700, 0xa8005aa7, 0x0aa80005, 0x0011a801, 0xa80055a8, 0x6da80058, 0x0079a801, 0xa8007fa8,
    0xeea8009d, 0x00f0a800, 0xa90037a9, 0x9daa00ce, 0x00abaa00, 0xac0074ac, 0x83ac0178, 0x0097ac00, 0xb700d6b0, 0x54b800b8, 0x0028e600, 0xe6055ee6,
    0x68e60165, 0x006ce600, 0xe60172e6, 0x80e60178, 0x00abe601, 0xe601aee6, 0xb4e601b1, 0x08c7e606, 0xe605d1e6, 0xe2e608d8, 0x19e7e600, 0xf20002e7,
    0xfff300c7, 0x019cf600, 0xf600abf6, 0xb1f600ae, 0x01bbf604, 0xf600c1f6, 0xc7f601c4, 0x06caf601, 0xf608ddf6, 0xeef605e7, 0x00f8f608, 0xf719fdf6,
    0x31f70018, 0x004fff01, 0xff00a7ff, 0xadff00a9, 0x00b0ff00, 0x00140003, 0x39080482, 0x42000701, 0x06ce0002, 0x0207aa02, 0xc10202af, 0x00c60201,
    0x0202de02, 0xf90200df, 0x06fa0202, 0x0208fc02, 0x000302fe, 0x07050309, 0x03040603, 0x1303050e, 0x02470304, 0x01824e03, 0x00004308, 0x54000001,
    0x00570000, 0x0100d700, 0x48010011, 0x006a0100, 0x01009001, 0xcf0100b6, 0x000c0200, 0x02002802, 0xcc020070, 0x000c0300, 0x03000e03, 0x14030011,
    0x00510300, 0x03005403, 0xc9030070, 0x1a820300, 0x00d1cb0b, 0x0300d403, 0xea0300e6, 0x00ee0300, 0x0300f403, 0x400400f7, 0x00a00400, 0x0400a304,
    0xdb0400a9, 0x00450500, 0x05004805, 0x56050053, 0x00700500, 0x05007405, 0xd10500cd, 0x001e0600, 0x06003006, 0x14070042, 0x00430700, 0x07006907,
    0xe60700b7, 0x00120800, 0x08001808, 0x2008001c, 0x00230800, 0x08006608, 0x000900a6, 0x00510900, 0x09005409, 0xe6090085, 0x00ea0900, 0x0a00ef09,
    0x290a0015, 0x00440a00, 0x0a00ec0a, 0x240b00ed, 0x004d0b00, 0x0b00740b, 0xae0c00f8, 0x000a0d00, 0x0e00360e, 0x050f009c, 0x00211000, 0x10008210,
    0x261100ca, 0x00a51100, 0x1200f311, 0xcd120064, 0x003e1300, 0x14008613, 0x96140007, 0x00eb1400, 0x16005215, 0xa7160012, 0x00211700, 0x17009617,
    0xa61800d0, 0x00f01800, 0x19004419, 0xfd19009e, 0x006d1a00, 0x1c00ac1a, 0xad1c000e, 0x000e1d00, 0x1d004c1d, 0xd01d0091, 0x00241e00, 0x1f00ad1e,
    0xae1f0006, 0x00b52000, 0x21000721, 0xc4210041, 0x002b2200, 0x22005422, 0x452300a5, 0x00e72300, 0x24002b24, 0xd5240090, 0x001f2500, 0x25007725,
    0xfa2500a6, 0x007d2600, 0x27001527, 0xb627005f, 0x000a2800, 0x2800ae28, 0x8d2900f8, 0x00362a00, 0x2b00d32a, 0x4a2c0041, 0x00042d00, 0x2e00fc2d,
    0x0e3000e2, 0x00713000, 0x3000bc30, 0x703100fe, 0x00c63100, 0x3200f231, 0x1e32000c, 0x00543200, 0x32008332, 0xd73200ba, 0x00ea3200, 0x3400d633,
    0xaa340075, 0x00223500, 0x36005436, 0x6b3700f6, 0x00d53700, 0x38004c38, 0x0a3900a3, 0x00223900, 0x39004139, 0xe5390085, 0x00333a00, 0x3b003c3b,
    0xf83b0091, 0x00893c00, 0x3d00493d, 0x783e008c, 0x00e63e00, 0x3f001a3f, 0xe13f0076, 0x00184000, 0x41008a40, 0x59410024, 0x00794100, 0x4200cb41,
    0x7142000e, 0x00b74200, 0x43000d43, 0xaf43004f, 0x00174400, 0x44007244, 0x584500e9, 0x00c74500, 0x46005f46, 0xfe4700e9, 0x00104800, 0x48003248,
    0xbb480065, 0x00314900, 0x49008349, 0x4d4a00c7, 0x00f44a00, 0x4b003c4b, 0x544c00ae, 0x00d64c00, 0x4d00294d, 0x954d0048, 0x00fb4d00, 0x4e00a04e,
    0x794f00e9, 0x00205000, 0x5100b250, 0xbf510043, 0x005c5200, 0x5300cb52, 0xf253003f, 0x00965400, 0x55003755, 0x955600c3, 0x000e5700, 0x58008f57,
    0x8e58001a, 0x00645900, 0x5a00265a, 0xa95b00d7, 0x003c5c00, 0x5d00c85c, 0x955e00ba, 0x00365f00, 0x6000cc5f, 0xa76100b3, 0x00826200, 0x6400a063,
    0xa964003e, 0x003a6500, 0x6600c265, 0x8a66000f, 0x00196700, 0x6800e267, 0xf7680061, 0x006e6900, 0x6a00436a, 0x4b6b00fd, 0x00fb6b00, 0x6d009a6c,
    0x176e0044, 0x00ff6e00, 0x7000da6f, 0x5671007e, 0x00257200, 0x7300e572, 0x957400a4, 0x00a77500, 0x77005676, 0x9d78003a, 0x002c7900, 0x79009a79,
    0x7a7a00f7, 0x00297b00, 0x7c00eb7b, 0x347d0084, 0x00cb7d00, 0x7f009b7e, 0x0880005b, 0x00768000, 0x8100e680, 0xf181004c, 0x00778200, 0x8300e682,
    0xde83006f, 0x00518400, 0x8500c584, 0xaf850041, 0x005b8600, 0x8700eb86, 0x0b880084, 0x00578800, 0x8900c588, 0x288a0085, 0x009f8a00, 0x8c00838b,
    0x508d0083, 0x00b68d00, 0x8f00818e, 0xca8f0024, 0x00879000, 0x91002791, 0xd69200f2, 0x00879300, 0x95004b94, 0x9a950018, 0x005c9600, 0x9700ba96,
    0xcf970045, 0x00769800, 0x99005199, 0x9d9a00f1, 0x003d9b00, 0x9c00b49b, 0x109d0054, 0x02829e00, 0x00ec060d, 0x9f00459f, 0x92a000f4, 0x007aa100,
    0xa20066a2, 0x62a300ce, 0x0011a400, 0xa50078a4, 0xc6a50009, 0x00e5a600, 0xa70007a7, 0x1fa8006b, 0x0071a800, 0xa9003ea9, 0xb5aa00e7, 0x005dab00,
    0xac0050ac, 0x6dad00a6, 0x0036ae00, 0xaf00cbae, 0x79b00094, 0x0070b100, 0xb200d8b1, 0x26b3008d, 0x00a3b300, 0xb50058b4, 0xfdb5006c, 0x00adb600,
    0xb70044b7, 0x50b800c7, 0x00e6b800, 0xba008fb9, 0x6dbb0092, 0x0002bc00, 0xbd00c1bc, 0xedbd002b, 0x00dfbe00, 0xc000cabf, 0xaac100aa, 0x008cc200,
    0xc400e5c3, 0x33c500ba, 0x0094c500, 0xc60033c6, 0x60c700dc, 0x000cc800, 0xc900ddc8, 0x71ca00b2, 0x008bcb00, 0xcd0053cc, 0x00ce002b, 0x00c7ce00,
    0xd000c5cf, 0x6cd1007e, 0x006cd200, 0xd40048d3, 0xe9d40015, 0x00c7d500, 0xd7008bd6, 0x46d80088, 0x0036d900, 0xda0039da, 0x5bdc00ce, 0x00dddc00,
    0xde0083dd, 0x39df003b, 0x0049e000, 0xe20091e1, 0x3ae300bb, 0x005be400, 0xe600f0e4, 0xace6002a, 0x00e0e600, 0xe70020e7, 0x5ae800b3, 0x0006e900,
    0xea009ae9, 0xd7ea0010, 0x0086eb00, 0xed0065ec, 0xe5ed0055, 0x00edee00, 0xef0056ef, 0x8bf000c1, 0x0033f100, 0xf2008cf1, 0x2df3005e, 0x00b9f300,
    0xf50044f4, 0xf5f50030, 0x002ff700, 0xf800b8f7, 0xf6f8003f, 0x007ff900, 0xfa0013fa, 0x37fb00aa, 0x00e9fb00, 0xfd00abfc, 0x15fe0068, 0x0041fe00,
    0xff0077fe, 0x85ff0004, 0x012f0001, 0x01016d01, 0x710201ea, 0x01170301, 0x0401f003, 0x2205019b, 0x01ed0501, 0x07018806, 0x5d08018e, 0x01050901,
    0x0a01f609, 0x620b01a7, 0x01bc0c01, 0x0e01890d, 0x361001c6, 0x01ca1001, 0x12018e11, 0x71130171, 0x01161401, 0x15019f14, 0xd115019e, 0x019c1601,
    0x18016017, 0x5e180106, 0x01ee1801, 0x19014319, 0xe21a01e7, 0x01a51b01, 0x1c01451c, 0xbc1d01d9, 0x01fe1d01, 0x1e017b1e, 0xa11f01ed, 0x013d2001,
    0x21010621, 0x722201b4, 0x01ef2201, 0x2401d923, 0xcb2501f6, 0x01e22601, 0x27015c27, 0xc82801ca, 0x01d02901, 0x2b014e2a, 0x612c0150, 0x01e82c01,
    0x2e01bf2d, 0xd42e0125, 0x01c92f01, 0x3101ab30, 0xb13201ab, 0x01a63301, 0x35019d34, 0x4c36017d, 0x013a3701, 0x39016838, 0x763a0158, 0x019b3b01,
    0x3d01aa3c, 0x563e0197, 0x011d3f01, 0x41012340, 0x25420159, 0x01084301, 0x45013344, 0x3646012b, 0x01f34601, 0x49013248, 0x184a015f, 0x01c04b01,
    0x4d016c4c, 0x004e0146, 0x012a4f01, 0x51015a50, 0x225201cc, 0x012a5301, 0x55015b54, 0x23560102, 0x01f95601, 0x5901c357, 0x2d5a0141, 0x01b85a01,
    0x5c014b5b, 0xb05d016f, 0x01825e01, 0x6001e05f, 0x38610159, 0x01126201, 0x6401ed62, 0xb3640152, 0x013e6601, 0x6701a866, 0xcc67012f, 0x01576801,
    0x6a014869, 0x746a0117, 0x015a6b01, 0x6c01246c, 0xa96d01e3, 0x01856e01, 0x70014d6f, 0x03710138, 0x01347201, 0x7301fe72, 0x497401b7, 0x01137501,
    0x77012b76, 0x7878012c, 0x01837901, 0x7b01947a, 0x0d7c015a, 0x01d57c01, 0x7e019b7d, 0x6f7f0194, 0x01378001, 0x8101e680, 0xad8201a1, 0x01e28301,
    0x8501c884, 0x89860180, 0x01b58701, 0x89017c88, 0x648a0183, 0x01058b01, 0x8c019e8b, 0xf68c012c, 0x01eb8d01, 0x9001b88e, 0x8991014d, 0x01019201,
    0x93015592, 0x77930100, 0x01f99301, 0x9501dd94, 0x7c96019e, 0x01529701, 0x98015f98, 0x009a01f9, 0x013f9b01, 0x9d01609c, 0x079e0123, 0x015d9e01,
    0x9f01d99e, 0xf99f0150, 0x01b1a001, 0xa2019fa1, 0x4fa301b1, 0x01afa401, 0xa601c9a5, 0x0ba701bf, 0x0136a701, 0xa7016da7, 0x49a801e2, 0x0158a801,
    0xa80191a8, 0xb3a801a5, 0x01cea801, 0xa901d9a8, 0x3aa90112, 0x0161a901, 0xa90191a9, 0x48aa01c1, 0x0184aa01, 0xaa01c0aa, 0xebaa01de, 0x01f9aa01,
    0xab0112ab, 0x83ab015c, 0x01ccab01, 0xac0134ac, 0xbaac0177, 0x0120ad01, 0xad016cad, 0xcead01a9, 0x01efad01, 0xae014cae, 0x95ae0173, 0x01c4ae01,
    0xaf01dbae, 0x79af0139, 0x01cbaf01, 0xb0010cb0, 0xc0b00158, 0x01dab001, 0xb10115b1, 0xb1b10147, 0x0103b201, 0xb20138b2, 0x74b2015e, 0x01e1b201,
    0xb30152b3, 0x09b4019a, 0x0161b401, 0xb501a0b4, 0xa7b5016d, 0x01c9b501, 0xb6010bb6, 0x69b6013c, 0x01cdb601, 0xb70114b7, 0xc6b7015e, 0x013cb801,
    0xb80181b8, 0x2fb901de, 0x0179b901, 0xba01abb9, 0x5bba010a, 0x01b1ba01, 0xba01d7ba, 0x3ebc01e9, 0x011bbd01, 0xbd0142bd, 0x58bd014c, 0x0181bd01,
    0xbd01bdbd, 0x20be01d8, 0x017bbe01, 0xbf01babe, 0x0cbf010b, 0x018fbf01, 0x080b82bf, 0xc001f489, 0x3bc00115, 0x0156c001, 0xc0016dc0, 0xdac001b2,
    0x0120c101, 0xc10188c1, 0xddc101c9, 0x0139c201, 0xc20180c2, 0xdbc201b8, 0x01ecc201, 0xc301ffc2, 0x42c30112, 0x014ec301, 0xc30163c3, 0xadc3016f,
    0x01e6c301, 0xc40109c4, 0x7fc4011f, 0x0199c401, 0xc401abc4, 0xd8c401bb, 0x0124c501, 0xc50157c5, 0x93c5017b, 0x01dbc501, 0xc60106c6, 0x4ec60115,
    0x01abc601, 0xc701d4c6, 0x45c70132, 0x0167c701, 0xc701a8c7, 0x82c701c0, 0xe86f0811, 0x010ec801, 0xc8014ec8, 0xe2c80185, 0x012ac901, 0xc9014fc9,
    0xd4c90184, 0x01e4c901, 0xca0143ca, 0x96ca0184, 0x01baca01, 0xcb01ceca, 0x26cb0103, 0x015fcc01, 0xce01a4cd, 0x49ce0139, 0xfb5dce01, 0xeff9bd0c,
    0x12bd59e6, 0x50f9bdef, 0xefb813bd, 0xf9150cfb, 0xfd7cfab4, 0x24f806b4, 0xfb155ffc, 0x052df8d2, 0xfb0610f9, 0x1556fcb2, 0x83f7d813, 0xc6fd260e,
    0x6230fd07, 0x280b8315, 0x2dfcd2f7, 0xf930fd05, 0x220d82ef, 0x83fb2dfc, 0x0e59080d, 0xf70e2ffc, 0xf7c37eb2, 0xc3bfc485, 0x01c386f7, 0x57f7d0b2,
    0xd145f7d0, 0x03d056f7, 0xb0f761f7, 0xe0cdf015, 0x27f728f7, 0x2726de49, 0x27fb3849, 0x36cd28fb, 0x04c41fef, 0xf7c66352, 0xb309f709, 0xb3c5c4c4,
    0xfb09fb52, 0x51506309, 0xf6fba11f, 0xfde00a88, 0xcdef158c, 0x223485df, 0x84482727, 0x37ce2734, 0x04c31fef, 0x34846451, 0xc5c4b223, 0x083487c4,
    0x0e1f523b, 0x59fbbdfb, 0xe7018bfa, 0x83f703d7, 0xc41559fb, 0xf73405a6, 0x3df76222, 0xf71a3ef7, 0x3cf7b43e, 0x1e23f7e2, 0x2f05a552, 0xfb5429fb,
    0x1a58fb36, 0xfbc259fb, 0x2afbe735, 0x2439871e, 0x03d73ff7, 0x083982ee, 0x2af7e88c, 0xf735f7c2, 0x58f71a59, 0x2e36f754, 0x531e29f7, 0xfbe10571,
    0x3cfbb523, 0xfb1a3efb, 0x3dfb613e, 0x1e22fb35, 0xe3f73b0e, 0x85f701cf, 0x85f703d4, 0xd41508f7, 0x5ff76ff7, 0xf75ffbcf, 0x6ffb426f, 0xf7475ffb,
    0xfb0e065f, 0x14f78af9, 0xf7127621, 0x6013cf2d, 0x1552fbd6, 0xd6c3b1e5, 0xa0131aeb, 0x5bb46ece, 0x64726b66, 0x8260131e, 0x50f9fb0a, 0xf7d4120a,
    0xf7601318, 0xaf157e1f, 0x1fb4a7a9, 0x6db5a013, 0x6d6767a8, 0x2182616e, 0x6fa96223, 0x08a482af, 0x47fb876f, 0x960161fa, 0x960302f8, 0xce1547fb,
    0xfabff706, 0x06490561, 0xd47e3b0e, 0x72f7faf8, 0xe41ff71d, 0x93f713f7, 0xf73292f7, 0xfb1ffb10, 0x0ffb3220, 0x93fb93fb, 0xf713fbe4, 0x04d41f20,
    0xf7e85337, 0xc36af76c, 0xc3dedfe6, 0xfb6afb30, 0x382e536c, 0x8b3b0e1f, 0xf7b7f8d7, 0x26f91d6c, 0x73630645, 0x7f4a7a5c, 0x16f75108, 0x37fbb7fc,
    0x081b8207, 0xe5f8da43, 0x10f801d6, 0x16b703e4, 0xfbda61f8, 0x5e66065f, 0x1f658887, 0x37f740f7, 0x29f707f7, 0xf71a26f7, 0xfbe13917, 0x604c2e17,
    0xc01e4f4a, 0xb3bb0557, 0x1bc7b0bf, 0x374eb7e6, 0xfb2112fb, 0xfb7afb26, 0x0863825d, 0xf7d77e68, 0x94f7d1af, 0x1d63f7d6, 0xef17f7d9, 0x9f35cd46,
    0x13078f1f, 0xc0a8d8f8, 0xf71ae4c6, 0xfbcf3108, 0x664a360f, 0xbc1e5458, 0xb4b50551, 0x1bc6a8bf, 0x455dbbd7, 0xfb4e573c, 0x07451f2b, 0x3df7f413,
    0x363450c6, 0x3834574d, 0x60b8b253, 0x054f5d1f, 0x5bd3bb57, 0x0e1b07f7, 0xf776a03b, 0xfaf7d45e, 0xe8f701f0, 0x948203e1, 0x15a77708, 0x8ef73bf7,
    0xaf9fafa0, 0x8f19af9d, 0x88658906, 0xfb1a6750, 0xa7fb0775, 0x5ef7e104, 0xf82ad4ec, 0xfb06265f, 0x056cfcc5, 0x07d4f74f, 0xa10a5a0e, 0x6f8e0a55,
    0xd78bbf0a, 0x01d7daf8, 0xe9f7e8ef, 0x16ef03eb, 0xf70650f7, 0xf70df771, 0xf77cf71d, 0xf70dfb7d, 0x1f75fb18, 0xe8064cfb, 0xf81526fd, 0xf707deda,
    0xfb24e041, 0x364dfb4e, 0x41fb00fb, 0x615c0e1f, 0x8782380a, 0xd9dd9f08, 0x69da8cf7, 0xddf7e80a, 0xfbd9acf7, 0xf78cf7ac, 0x3bfcdade, 0x7ec10e06,
    0xd87ff7dc, 0x01dcb2f7, 0x0df8eac5, 0x18f803e0, 0xdcee157e, 0x1fbabcaf, 0x84fbc8f7, 0xfb2ff73e, 0x6e700754, 0x1b577b58, 0xf73432fb, 0xf74df708,
    0x06f7eb4b, 0xbad627f7, 0x1fb0646c, 0xb805c7bd, 0x25b94861, 0xfb56fb1b, 0xfb24fb22, 0xf782fb81, 0xf721fb1e, 0xe80e1f54, 0xeafb0a60, 0x960e0a49,
    0x8b2f0a72, 0x7723f9da, 0x31f80a69, 0xf9d4fbda, 0x0e062e23, 0x0a5645f7, 0x0e0a45e2, 0x340a21f6, 0x5d880e0a, 0xa2828c0a, 0xf7d6cb23, 0x21e584a4,
    0xe582e7c1, 0xf7e84808, 0xf71d2fcb, 0x05cbfb46, 0x50fb06f4, 0xef05d5f7, 0xf7cfcda3, 0x2df71a06, 0x29fbc120, 0x067afb1e, 0x15f0fbe8, 0x0ff7a4f7,
    0xca07f707, 0x4c2c2a69, 0x1f07fb5d, 0x0a21650e, 0xf7e9dd01, 0xf703e9af, 0xf7157ec4, 0x82e7eb2d, 0x01b908b4, 0xb036bd49, 0x05b8221f, 0xa64ba352,
    0xc1cd1ad2, 0xc1cfdeb5, 0x1eb86170, 0xc105c6bc, 0x34b03e57, 0x2919fb1b, 0x2005fb39, 0x6ecf57dc, 0x055df51f, 0x73c06cd0, 0x51431a40, 0x413f2b5b,
    0x1e57c2af, 0x48054c53, 0xf361e4cb, 0x63670e1b, 0x0a2be10a, 0x4f0e0a3e, 0x14f9e98b, 0xf88c0177, 0x7ff703d2, 0xf706f616, 0x0572f97d, 0x0afb062d,
    0x357122fc, 0x35704579, 0x6f068719, 0x71d17ae1, 0xf80bfbe1, 0x062a1822, 0x8b87f70e, 0xf794f8ec, 0x12778b11, 0x13cdf9a5, 0x1649f7b0, 0x01f71d2a,
    0x13054ef8, 0x98c597d0, 0x08c397c0, 0x5397068f, 0x51985696, 0x4efc03f7, 0xf71d3918, 0x0853822c, 0x3e063222, 0x3d7d24fc, 0x3b7d3c7d, 0x7a068619,
    0x79da7adb, 0x24f825d9, 0x26063618, 0x3c7924fc, 0x3c7a3c79, 0x7d266a82, 0x7dda7cda, 0x17823eda, 0x0e062c34, 0x230a584d, 0xf7010a28, 0x3703e86f,
    0x776b0e0a, 0x9f43fb0a, 0xf89a2b05, 0xcff70301, 0xcc1547fb, 0xa043fb06, 0x44610806, 0x7a0e0a44, 0x7661d77e, 0x12d874f8, 0xe63ed8e7, 0x13eab5f7,
    0x7edff7ac, 0x03f71d83, 0xf74ff7f6, 0x02f73f3a, 0x4e4f21fb, 0x1f5a6069, 0xf705ed8e, 0x1307306e, 0x07b0fd6c, 0x06d47413, 0xc393b413, 0x13068f05,
    0xc4ba60ac, 0x7c1bbd71, 0x5a6715d7, 0x1f5bb59a, 0xbc07b1f7, 0x0a84bbbf, 0x0a7012fb, 0x085c877c, 0xf7e9c04f, 0xd93de5b6, 0xa9f7b813, 0xb413157e,
    0xb5aec4cc, 0x068e1fb6, 0x4b937413, 0xd5781305, 0xfb31b0f9, 0x2d8f0665, 0x625bb305, 0xfb1b4ba3, 0xfb03fb10, 0x1f44fb02, 0x49fbb813, 0x1cf724e3,
    0x5fd79f1e, 0x0a203a0a, 0xf4130a31, 0xec130a23, 0x08078222, 0x0e0a2491, 0x76a0cafb, 0xf7d569f8, 0xf601d455, 0x16f603e6, 0xfb430a74, 0x47f7c98e,
    0xf7765dd7, 0x83f7c940, 0x12ce56d1, 0xe34fdbbe, 0x7cf7d93d, 0x13e47fdd, 0xa7f720da, 0xf7158efb, 0xf0e2f63c, 0xfbb34be4, 0xd8131f12, 0x420621c0,
    0xa9aea375, 0x9c9f9d9a, 0xa9a37f1f, 0xf71ba684, 0xf7d4e302, 0xb379ba08, 0xf71fa471, 0x51fbd103, 0x40d51306, 0x92707892, 0x02fb1b6d, 0x0bfb402d,
    0xaf57ae4a, 0x07871f6e, 0x6fc0b813, 0x5e676a77, 0x6ea0601a, 0x821e7aa8, 0x40ba2710, 0x5f6e6a58, 0x6a821a5d, 0x57e62d25, 0x821e19f7, 0xf8330839,
    0x564c0478, 0xbfdbdabd, 0xbfcbcbba, 0x553c3c5b, 0x131f4d59, 0xfc9820ba, 0x5029153a, 0x9babc5b1, 0x1fa7b2ab, 0x8520d913, 0x9f88a5a3, 0xd306e91b,
    0x83597ab2, 0x46522520, 0x0e1e2354, 0x7128e182, 0xe6e701db, 0x03e690f7, 0x3e05b55a, 0xa7b1c2c2, 0xaad31bc3, 0xd5570a64, 0x534106fb, 0x1e595962,
    0x0504f78e, 0x07306ef7, 0x82fcfb0e, 0xb3290830, 0xf718f777, 0xf7d8120c, 0x13e6200e, 0x130a43e8, 0x04f7b9f0, 0xa3a4af15, 0xa372aeb0, 0x0e0a6667,
    0x87fbfbfb, 0xf97664d5, 0x08288798, 0xe6220d32, 0xfbafb413, 0xb4f61587, 0x1f03f7d1, 0xfc30f1f8, 0x7e4907f1, 0x79775562, 0x1e7d9090, 0x45797413,
    0x84b41305, 0xac84a79e, 0xf1b8131b, 0xae1516fa, 0x68204d85, 0x38204d82, 0x01227284, 0xa082e5e7, 0x36e52608, 0x0bf7f11d, 0x9afb33f7, 0xfb06ee05,
    0xf7d8f761, 0x056ff749, 0x7bfb0625, 0x8805b3fb, 0x0631b0f8, 0x7ef2fb0e, 0x08d082d7, 0x50f7035b, 0x9aa4157e, 0x1f98908e, 0x8905d17e, 0x868b8781,
    0x967f7d1b, 0x4af91fa7, 0x0744fd30, 0xcf5fa73e, 0xb7f70e1e, 0x0e1d38f7, 0x0e0a5c73, 0x0e0a466e, 0x7c0a6c7c, 0x777d0a4b, 0xf7e9c012, 0xec13e5b6,
    0x79fb49f8, 0x1306e515, 0x4398f9dc, 0x82ec1307, 0x06880557, 0xa25e5cb6, 0x0841424c, 0x2f053e42, 0xb6acc4ca, 0x28871fb7, 0xee20fb05, 0x8bfb0a5f,
    0x3808af82, 0x777dde6e, 0x0a3f77a1, 0x16e7c413, 0x06f1f7e6, 0xabc3afe8, 0x98a11bb8, 0x1f9d8489, 0xdb9c9413, 0x94c81305, 0x738e7a7a, 0x5f544e1b,
    0x881f6546, 0x83a81306, 0xa41305ee, 0x08bf8240, 0xd27e3bb2, 0x01d33ff8, 0x57f7e3c8, 0x7ef703e3, 0xd11d8b7e, 0x34f2e3d4, 0x1fa93cab, 0x9e53a24e,
    0xabb51abf, 0xb1bbd0af, 0x1eb06f77, 0xac05c6b7, 0x48a75061, 0x450afb1b, 0xde2f3547, 0x1f6fd766, 0x73cb74c7, 0x685c1a53, 0x5a4a4365, 0x1e5cb1a5,
    0x60054f5e, 0xd86bd5bf, 0x96fb0e1b, 0x2cf8d57e, 0x00f712d5, 0xaeffffe6, 0x07f70080, 0xf7e0131d, 0xac157e9b, 0xaa9595af, 0x05cf791f, 0x84727984,
    0x764c1b78, 0xf71fceb1, 0xd527f7c3, 0x2df727fb, 0x3fd01307, 0x2dfb8006, 0x36e01305, 0xdc460586, 0xfb07c1fb, 0xf742b200, 0x590e1e08, 0x06fb0e0a,
    0x69f8d58b, 0x0806f85d, 0xf516654e, 0xf855f706, 0x063105b3, 0x7bc9fb24, 0x7a537a56, 0x06871958, 0xc37abe7a, 0xf725c07a, 0x062c18c9, 0x8b3bf70e,
    0xe908f8d8, 0x80f9a601, 0x1646f703, 0xf7d706f6, 0x96bf99b7, 0x19c297be, 0x54980690, 0x58995995, 0x18b9fbda, 0x26f71d2a, 0x35294882, 0xcefb3b06,
    0x5a81577f, 0x3248837f, 0xbc7fbe7e, 0xf736bf7e, 0x063218ce, 0x7dcefb37, 0x82598058, 0x06862817, 0xbc80be81, 0x823abf80, 0x062e2d17, 0x6e1dfb0e,
    0xf706fb0a, 0x35fb1d4a, 0x32089a82, 0xae01d51f, 0xae032ff8, 0xd52ff816, 0xf706bcfb, 0x0538f8b2, 0x4106fcbc, 0xfb0793f7, 0x0538fcb2, 0xfb02fc0e,
    0x01f1faab, 0xf203cbf2, 0xcb15abfb, 0x824bf1fa, 0xf7ce31a3, 0xddf00118, 0x3bf7030a, 0x9e1552f8, 0x16e1f70a, 0x8c080484, 0x8b1d33f7, 0xc656f7b0,
    0xa3f7caba, 0xcdc712cb, 0x1371f749, 0xf912f778, 0x55f71533, 0xfd97fbcb, 0xe5f7cd73, 0xf7741306, 0x1306ca2f, 0x062ffbf8, 0x02fbbcf7, 0x0df7a115,
    0xde99df9a, 0x8f19e39b, 0x98339b06, 0xa1379a38, 0xf7180dfb, 0xf715dec2, 0x05fef707, 0xfb580647, 0x8269814d, 0x19628069, 0xb37e0687, 0xac80af83,
    0x184df753, 0x07f70647, 0x02fbf4fb, 0x1afbeefb, 0x2e054ef9, 0xfd21fb06, 0x06cc0573, 0x057bf7b5, 0xb50633f7, 0x2a0682fb, 0xf7c30607, 0x98b09457,
    0x82b797b3, 0x5f98345c, 0x66976396, 0x1857fbc6, 0x0e0e06cf, 0x5ff7be4e, 0x83b501be, 0x034d0805, 0x88f756f7, 0x47463815, 0x47d03637, 0xcfcfe0de,
    0xcf47dfe0, 0x92fb1f36, 0xb85d5404, 0xb9b9c2c4, 0x5db8c4c2, 0x5e5e5254, 0x350e1f52, 0xf90138fa, 0xfa03f12e, 0x15ddf95a, 0xfec0fb90, 0x90c0f738,
    0xe701fb07, 0xf73af732, 0x5ff71a5f, 0x220782e4, 0x841ee701, 0x7cf73928, 0xe2f703f1, 0x38fa1535, 0x0786c0fb, 0xe42f01f7, 0x5ffb3afb, 0x325ffb1a,
    0x35080782, 0x861e2f01, 0xd2960e07, 0x7fd171f7, 0xd386f7d2, 0xa812d244, 0xd80af7d8, 0xf7d923f7, 0xf73dd951, 0x80b7136d, 0x15965bf9, 0xfbd2a0f7,
    0x06abf752, 0xf740b713, 0x0682d21f, 0xfb804008, 0xf786f71f, 0x98fbd34a, 0xfd3efd06, 0x06d81573, 0xf780cf13, 0xf7079cb8, 0xf7d4ce03, 0x4535f72e,
    0x1f08fbc2, 0xfcd80635, 0xc2f71509, 0xacd70794, 0xfb02fb68, 0x3f5b6a01, 0xfbddf71f, 0x83d915fe, 0xf9e20843, 0xd317f72b, 0xf743e8fb, 0x2d0e0717,
    0xf1d4f7ef, 0xd9f7ee27, 0xf7a712f1, 0xf7f1b574, 0x139af7d0, 0xdcf7a9be, 0xef72f715, 0x890cfb06, 0xa150f705, 0x1ef734f7, 0xf71b4ef7, 0x3d10f724,
    0x1fc810fb, 0x54f71d50, 0xf744fb41, 0x1b54fb04, 0x64fb9cfb, 0x98fb6cfb, 0x8d7a8b7b, 0x6af81f7a, 0xf7153afc, 0xf764f79e, 0x1f9af76a, 0x899ad613,
    0x1e9b899a, 0x062396fb, 0x058f30f7, 0xfb7546fb, 0xfb24fb30, 0x1efb1b52, 0xf7d916fb, 0xfb1f4d12, 0xbe130605, 0xf7d656fb, 0xf702fb46, 0xd4131b52,
    0xc4f762fb, 0x07f7f115, 0xf3c8df06, 0xf70544fb, 0x22fb0608, 0x2af77ef7, 0x38fb05f5, 0x2128fb06, 0x0725f505, 0xc986fb0e, 0xf5d644f7, 0xdc01f7c7,
    0xbf57d1ba, 0xc612cb57, 0xe759f7e8, 0x32f701f7, 0xa8f9131d, 0x05823ef7, 0x40f9c426, 0x2ff765fe, 0x982b0982, 0xf71d25f7, 0xf3131d26, 0x843ff7a8,
    0x8221200e, 0xf7c82205, 0x31058228, 0x1d27f7c4, 0x59f7c993, 0xa8f5131d, 0xf735f87f, 0x5b841d24, 0x4bd33c22, 0xe3085d82, 0x31f7ce98, 0x46d046d1,
    0x4bd343dc, 0xd3a912cb, 0x29f7d443, 0x4bcbe4cb, 0xcb3af7d7, 0xcc47d157, 0x71cd1cf7, 0x984813d2, 0x7f55f700, 0x9dafb615, 0x6d1fa8a4, 0x777605c6,
    0x1b708275, 0xf7d56053, 0x65f71f08, 0x8e988c06, 0xf71a9e9f, 0x36ed5a30, 0x00fb413d, 0x46fb45fb, 0x1ee622d3, 0x00aa0813, 0x15ddf730, 0xc8af90f5,
    0xa5b61bb3, 0x1f01fb51, 0xd1fb2df7, 0xfef7d715, 0xa5dd1de8, 0x1bafaaab, 0x8088959c, 0xd9a21f99, 0x7c7b9605, 0x601b7091, 0x744e6062, 0x1306891f,
    0x85000402, 0xa21305e7, 0x064e1003, 0xa6fd1ef8, 0xe0cef615, 0xb359e5ed, 0x34131f3d, 0x065b6000, 0x0a887857, 0xf7cecbcc, 0xad7fbf0a, 0xd21fa57c,
    0xf70dfbd1, 0x7b931d0a, 0x87798f73, 0x701dce0a, 0x80130ac0, 0x6a6d0001, 0x1a5c607a, 0x7a084583, 0xdf58cf31, 0x4010131e, 0x73f885a0, 0xb56c6a15,
    0xb2a9e2e2, 0x63a8b3ad, 0x616a3435, 0xa0131f67, 0xfc981001, 0x67501535, 0x8a990ada, 0x06b61b9a, 0x5879a8b6, 0x52556456, 0xd37f0e1f, 0x34f7e54f,
    0xd33bf7ce, 0x31e5bd12, 0xda9df7e6, 0xbdf7b613, 0xbfd2157f, 0x1fb7a7a2, 0x7305c76a, 0x5a7c6666, 0xd54a291b, 0x1f8708f7, 0x8d06e9f7, 0x9e9f8c98,
    0x4230f71a, 0xfb16fbed, 0x4104fb0c, 0xd2090510, 0xf72201f7, 0x7a131e1e, 0xddf731fb, 0xcc92f515, 0xd91bd2c8, 0x01fb51b8, 0xfbacf71f, 0x8b0a41d1,
    0xd3e4f8d2, 0xf7d8ee12, 0x3d5bf711, 0x51f73dd9, 0x33f7d8be, 0xeeeb13db, 0xd27ef716, 0x2cf931fb, 0xd7f7063e, 0xd91573fd, 0x13062bf9, 0xd303f7e7,
    0xfbf31306, 0x130643ca, 0x060df7eb, 0x2bfd84f7, 0xf706df15, 0x18f7e126, 0x82f782f7, 0xfb13f735, 0x063b1f2a, 0x152cfdd8, 0x079ae4f8, 0xfb28bcea,
    0x5a55fb56, 0x0e1f2c21, 0xd168ce91, 0xf0cd5cf7, 0x6bd057cb, 0xd018f7ab, 0xf720f712, 0xcb4cfb84, 0xf7c808f7, 0xc0edc728, 0x7213c2e5, 0xf849f8f8,
    0x14fc150a, 0xfc23f749, 0x1ef8cb1e, 0x130608f7, 0x73fb4090, 0x88888207, 0x8a811e82, 0x8c688b6f, 0x6d937995, 0x8abb788d, 0x98a18ca9, 0x9097a008,
    0xfb1aaaa0, 0x155cf8ba, 0xdeb2d2bc, 0x40a8d2a3, 0x46be3ab6, 0xf733fb08, 0xfb6915c1, 0x24fb3f0b, 0x13083f36, 0x7b970011, 0x7993719c, 0xaba6a6a7,
    0x5008ada3, 0x1dc084f7, 0x6ea007c9, 0x74a271a2, 0xa59ba095, 0xcd3f9d98, 0x5d14f73d, 0x13080ef7, 0xfbf7384a, 0xd915f5fb, 0x47f73dd0, 0xaa97ab06,
    0x6499a498, 0x685518ca, 0x763b6c2e, 0x73957a94, 0x92a97a8e, 0x94ac93ac, 0x462a1d75, 0xfb7407e3, 0x20fb5f0a, 0x7c964260, 0x7992709a, 0xeaaac7aa,
    0xfc08eda3, 0x47f8c746, 0xa45da007, 0xac6f9555, 0xa47e18c0, 0xb075f255, 0xfb2bf708, 0xd8f815e0, 0x07d8fce5, 0x1df923fb, 0xc0c0fd15, 0xc236e5e8,
    0x0e07b8f9, 0x35f7d292, 0xd2810a9c, 0xf7d2c212, 0x95e0d28c, 0x50f7130a, 0x1bfd0a9a, 0x461535fb, 0x6bf7e254, 0x000e131f, 0xd9c16bf7, 0x3dc2d0d1,
    0x821e6bfb, 0xfb49081d, 0x4634546b, 0xa08e131e, 0xfb042ef9, 0x08fb3d09, 0x8dfb8cfb, 0xf710fbd9, 0xd909f709, 0x8df710f7, 0xf73d8cf7, 0x1f09fb08,
    0x8dfd9cf7, 0xce9f0aa7, 0x0a9c2cf7, 0xff12f653, 0x00806a00, 0x80c100ff, 0xf7d14500, 0x130a957a, 0x086882f3, 0x000a1327, 0x83f8e9fc, 0x13065715,
    0x7365000c, 0x814c7963, 0x1318548a, 0x10f7a08a, 0x23fbb0fc, 0xceebf748, 0x6af71d5f, 0x2c478223, 0x9c28f7d2, 0x12d2840a, 0xf7d4ecf7, 0x373e8205,
    0x0a9aa0f6, 0xfd408d13, 0x15f1f7b9, 0xb4b9abba, 0xb0dd1bc2, 0x10fb3b50, 0x46080182, 0xfb3cfb28, 0xf8561f54, 0x17fbd219, 0x895a5707, 0xf71f5588,
    0xf747f728, 0xf71df706, 0x13f71a1e, 0x0ffbdb4d, 0x4b5a5339, 0x6af81e59, 0x0aa71ffd, 0x34f7d194, 0xb1c9c2cc, 0x86cce9cc, 0x39f712cf, 0xd4b021f7,
    0x82ebd454, 0xfa720864, 0xfc0a9ad4, 0x1531f7e3, 0xca002713, 0xe4c3baa7, 0x4001f71a, 0x4e4421cf, 0x1e5b5766, 0xb40558ba, 0xb9aabcae, 0x5db6cf1b,
    0x4b504043, 0x4d1f0bfb, 0x80a21307, 0xc68a1df7, 0x381a354e, 0x4a3f5a51, 0x67b8b15a, 0x05575e1e, 0x59cbb358, 0x01f71bf0, 0x0df7d8e3, 0xd4fa131f,
    0x47cb4ff0, 0x64f71e9f, 0x0ab62dfc, 0x5bce70f7, 0xde6b0a9c, 0xcec7f712, 0x758230f7, 0xda867620, 0xbba53208, 0x5cf71d8a, 0xc6acbda6, 0x8f19c2a2,
    0x895b8906, 0xfb1a6460, 0xf8ce077e, 0x06331553, 0x5bfc92fb, 0xa7f75005, 0xf7ce5cfb, 0x35cee15c, 0xfb20f707, 0x08cc82c4, 0x31f7da43, 0xda770a9b,
    0xcd08f712, 0x34f7cbd7, 0x0a8ce2ca, 0x8092eb13, 0x93130a8b, 0x18fe0080, 0x0a850ef8, 0x7a647371, 0xf8088063, 0x15e6fc0a, 0xf7e36e58, 0x05131f63,
    0x63f70080, 0xbfbedba8, 0x63fb3ba7, 0x082a831e, 0x6f63fb48, 0x131e5733, 0xf900a085, 0x53330429, 0xfbc30aa6, 0xc2e3e30c, 0x92f70cf7, 0xf75591f7,
    0xf71f3205, 0x3e8afd6f, 0x9b89f70a, 0x0bf7120a, 0xcc66f7cc, 0x5fba41f7, 0x99c35fb7, 0x7bc45eb8, 0x8eb997ca, 0x13ba8ec5, 0x798294dc, 0x002d5508,
    0x0ef816fe, 0xeffce415, 0x5a5ef9cc, 0x64737206, 0x0880627a, 0x2f50a8f7, 0xfdcff70a, 0x130a8f47, 0x935c0082, 0x40774e84, 0x13195f6f, 0x14f74080,
    0x921534f7, 0x893f8f52, 0xbb1dbf5e, 0x80130596, 0xa00a8e4a, 0x9b26f7d9, 0x12d57b0a, 0xf7cc09f7, 0x00f7cda8, 0x2521d883, 0x085e8200, 0x0000123d,
    0x85130a2a, 0x9bf70040, 0x9eb81529, 0x1bb4b8a8, 0x3c50a0c3, 0xfb3e0cfb, 0xfb11fb18, 0xf7561f66, 0x0ffbd9ad, 0x88717507, 0xef1f7488, 0x3adc3ef7,
    0x5362470a, 0xf81e6d4d, 0x8213fd06, 0x80402b7d, 0x130aae00, 0x94001080, 0x6f84a70a, 0x8012402f, 0xd7930a8e, 0xb9cd35f7, 0x0a46b3d0, 0x267384d4,
    0xcea0ef2b, 0x82ecce56, 0x24f52276, 0x217682a0, 0x7682a009, 0xfb28f831, 0x221315b0, 0x0a5c0040, 0x00a0a013, 0x82130a62, 0x5bf53516, 0x1e9d55c3,
    0x50f71da7, 0x0a2127fc, 0x5fd26ef7, 0xee540a9b, 0x90234484, 0x411cf7c9, 0x6b201125, 0x9320c784, 0xf728c783, 0x151dfca4, 0x0585f7ee, 0x9722d083,
    0x018296ae, 0x8e082608, 0x8a5d8906, 0xfb1a6465, 0xf8c90773, 0x06351551, 0x5bfc43fb, 0x5bf74e05, 0xf7c95afb, 0x4fd2c75a, 0xfb11f707, 0x20c888be,
    0x3bc88e40, 0xd84bd894, 0xf7cd26f7, 0xcce9cc2f, 0xd541d879, 0x97f7a912, 0xc7b0ca41, 0xbdc826f7, 0x7821cd82, 0x08cd83e4, 0x00804228, 0x41130a26,
    0xf7560000, 0x03fbd897, 0x82130aa4, 0x0a9d00e0, 0xb8fc3af8, 0xe8715b15, 0x131f60f7, 0xd8006004, 0x17831e0a, 0x61fb2208, 0x1e5c2f72, 0x00688413,
    0x37042bf9, 0xbe0aa659, 0xdede0cfb, 0x380a3dbd, 0xfd40f71f, 0xc10a8f8a, 0x09cf411d, 0x0002402d, 0x1dcb0a94, 0x130596bb, 0x41500220, 0x86840ac8,
    0xcc27f724, 0x858222f7, 0x8092e936, 0x85130a8b, 0xf4fd0000, 0xb815e6f7, 0xb0b9a59d, 0xc99cc01b, 0x92848682, 0x130a3924, 0x8f820005, 0xa010132b,
    0x81caf700, 0x065c0ad6, 0x06464271, 0x47fdb025, 0x88a10a3e, 0x837c20e1, 0x449428df, 0x93f7acca, 0x82d4ca45, 0x84f22059, 0x008a2159, 0x8420df83,
    0x94234c83, 0x8200fbd8, 0x808a21df, 0xf7274f82, 0xb71559d2, 0x83baa49e, 0x3c502d6c, 0xfb470dfb, 0xfb09fb18, 0x81131f65, 0x93222983, 0x288220d8,
    0x00a0082d, 0xcdf70a9d, 0x0a3e17fd, 0x834fd593, 0xcfb82868, 0xcce9ccb5, 0x8643d57a, 0xe7f6266b, 0xc85aca9e, 0x226c82c8, 0x8228497c, 0x404121c6,
    0x40246c83, 0xf7560080, 0x01216c86, 0x08438268, 0xfb56f84f, 0x12131581, 0xa4ba0010, 0x1ae5c2ae, 0xc9560af7, 0x69645c3e, 0xb01e6f5c, 0xa0b10552,
    0x1ba9a5a3, 0x475fa6b5, 0x3e4a6943, 0x2890131f, 0xe8074700, 0x393b4dab, 0x5f5b5968, 0x74b3af70, 0x0551681f, 0x5fb2a55b, 0xc8db1bce, 0x1f15f7d7,
    0x31548213, 0xc35f00f7, 0xc31e9a59, 0xfc24f71d, 0x130a8f25, 0x49430420, 0x0040230a, 0x12829480, 0xbb40003b, 0x20130596, 0x0a8e9400, 0x0bf7d8a1,
    0xf7cd60d1, 0xf7e8cc2f, 0xcc01fb02, 0x26c0837c, 0xf7ca4395, 0x42f6c551, 0xb4221196, 0xcc8240c9, 0x83808221, 0x008121cc, 0x9528cc82, 0xa401fbd8,
    0x8042130a, 0x2908cc82, 0xeefbd4f7, 0x50481315, 0x84f7e500, 0xf70a7996, 0xd1154505, 0x3e52f854, 0xfc36fb07, 0xf74e055b, 0xc55afb49, 0xeb075af7,
    0x968377fb, 0x968a2020, 0x00048025, 0x42c30a94, 0x5d080510, 0x0a8ea004, 0xc84ed57e, 0xf7d17bf7, 0xd641d908, 0xb812d2f6, 0xd614f7d6, 0x130a74d4,
    0x16b8d0af, 0xb71306d6, 0x0727f8d0, 0xa5a1a3bc, 0x9ab21ba7, 0xfb1f3363, 0xfcf7d6f2, 0x6e15f707, 0x6a5e44ce, 0x1e6e5c6d, 0xf78cec8e, 0x06400554,
    0x94fdf3f7, 0xb8f7d715, 0xcef106a4, 0x06260a36, 0x438263d7, 0x0ac1e82c, 0x92c86f13, 0x6f13054e, 0x0f8340f0, 0x04823420, 0x82a1f021, 0x47e82504,
    0x3ed97d0a, 0x4e277b82, 0xd734f8cb, 0x6c12d641, 0x2a0806d9, 0xf7e412f7, 0xda3ce65a, 0xf7608713, 0x13157d73, 0x23f7e086, 0xe016131d, 0x13054b93,
    0x2ef7601b, 0x6087131d, 0x8b130a31, 0x820a3260, 0x19f73c09, 0x5047131d, 0x153e5af8, 0xbcaabfc3, 0x068e1fb6, 0x93502713, 0x27130548, 0x8352f760,
    0x0abe251a, 0xdc604713, 0x502b0482, 0x71646460, 0x7f0e1b62, 0x822ff7db, 0x01d83cc1, 0xf7e8c4f8, 0xf703e45d, 0xf7bef740, 0x1efb1d5e, 0xf71549f8,
    0xfbba1d41, 0x6ee50573, 0x5208059b, 0xf716b2f8, 0xe1f61d5c, 0x1e46f7c7, 0x0e0791f8, 0xc9b40a75, 0x1af7d54d, 0xf7d3c7d8, 0xca4cd517, 0xd64ccae9,
    0xf7798113, 0xd1157d57, 0x55f7f0c8, 0x7912131f, 0xf05e43f7, 0x746c6a3d, 0x8d1e7165, 0x4ef705e2, 0x0794fd41, 0xc6b91113, 0xb9811306, 0x8205c091,
    0x8122089e, 0xaaa35c79, 0x761baa77, 0x757915d9, 0x1f78b995, 0xf7798213, 0xa0b607bf, 0x1ba19da2, 0xfb3e9fbb, 0x54821f10, 0x6a1ffb31, 0x131e613f,
    0xcef77541, 0xafb3153e, 0x83a9b6a6, 0x752129da, 0x13055291, 0x0a3f7921, 0x33201982, 0x79210482, 0x3904823c, 0x72746675, 0x131b7075, 0x87f77944,
    0xf7d6154e, 0xa5dd06fe, 0x1bafaaac, 0xeb4a939c, 0x7a720807, 0x1b71917e, 0x5f7a8413, 0x744b6362, 0x1306891f, 0xe7857a88, 0x79881305, 0x7f0e064f,
    0xf8e54bd7, 0xb712d61b, 0xe995f7e9, 0x9ef7b813, 0x0cf7157f, 0x52f7e8f2, 0xe82454f7, 0x0cfb0cfb, 0x54fb2e25, 0x2ef152fb, 0xd71f0cf7, 0xd3564004,
    0x1cf71bf7, 0xd5d6d5c0, 0x1cfb41c2, 0x43541bfb, 0x78131f41, 0x414b38f8, 0x3ed97d0a, 0xcb35f8d7, 0xd641d74b, 0xe66ed012, 0xf72e0808, 0xe9f3ea5a,
    0xd0804b13, 0xe71567fb, 0x80931306, 0xf70736f7, 0x55131d14, 0x1d18f780, 0x82806513, 0xa31305ca, 0x1d16f780, 0xf7805313, 0x0b831d15, 0x821d1a21,
    0xf820082f, 0x50f73eb7, 0x4bd97d1d, 0xcd32f8cb, 0xd73fd949, 0xdaf30a67, 0xf770a613, 0x13157d73, 0x23f770a5, 0x70293c82, 0x13054b93, 0x2ef7704e,
    0x2618821d, 0x8e130a31, 0x820a3270, 0x19f73e09, 0x4bbbf71d, 0x27f8da15, 0x1d0ff706, 0xf7b09613, 0x06f71d11, 0x1306871d, 0xce84b0a6, 0x22218205,
    0x830e064b, 0xfaf72159, 0x40325982, 0xf7c6c5d6, 0x0a67c559, 0x378ef74b, 0x13da47d1, 0x638499a7, 0x8359a721, 0x59672163, 0x4f236383, 0x820a6b99,
    0x0a822517, 0xb4998f13, 0x4e260983, 0xa997130a, 0x55850aa3, 0x83a9a721, 0x94a72755, 0x4ff7064b, 0x1e82a5d1, 0x0a249a22, 0x49215e8a, 0x07da420a,
    0x822c0021, 0x00cd211c, 0xad215e85, 0x215f8400, 0x608400ad, 0x8300cd21, 0x00cd2161, 0xcd216283, 0x21638300, 0x648300cd, 0x8800d521, 0x00d52165,
    0xcc216684, 0x23678280, 0xb015c3c9, 0xce224b82, 0x05822500, 0x80cc2d08, 0xdb7f0a43, 0xd6f8d847, 0xf7d212db, 0xf7e92d76, 0x5df7e89b, 0xd27613e4,
    0xd8fbf716, 0xfb6e1306, 0xf7d6f819, 0x1306db19, 0x3bfbfb76, 0xf7230f82, 0x83d6fc18, 0x1826080c, 0xf9ae1306, 0x53f7323b, 0xdeca3e1d, 0xd11af7c6,
    0x13f7c8cf, 0x12cfc4ca, 0x5332f7ae, 0x31f753c3, 0x6ef7ca4c, 0x0982dfc6, 0x36398908, 0xf7c554c5, 0x3e13ba20, 0xf946fa64, 0xad7b154a, 0xae69bc67,
    0xac18765e, 0x9a58ae66, 0x3afc086a, 0xd1152cfc, 0x0cf84afb, 0xfccf40f7, 0x3cf74727, 0x58fb0cfc, 0xfb58f745, 0xf0f7caf0, 0xa43c1307, 0x04f85ffb,
    0x9e3aa315, 0x084d8e21, 0xc3683d13, 0x76c88897, 0x19dc72f3, 0x95fb7ef7, 0xa6cca315, 0x4ddfa0f3, 0x407f1899, 0x7503fb71, 0xb8f80848, 0x3b7e15f6,
    0x46733f78, 0x623e1308, 0xf683e780, 0x0803f786, 0x06ca30f7, 0xfb2f8182, 0xc9890633, 0xc88ac989, 0x8d064f08, 0x824d8d4e, 0xfb100951, 0x0681fb73,
    0xfb831efb, 0x20fb3d55, 0xa686991e, 0xd881967c, 0xf79a20f7, 0x25f78c5e, 0x747e1308, 0xfb8706df, 0x824c874b, 0x8682087b, 0x1b828a85, 0x8d8b7c82,
    0x7b931f75, 0x778d728f, 0x8ba1a008, 0x9f1f988d, 0x9692978d, 0x8ea49d9a, 0x7bf790dd, 0x21fb1dd7, 0xbe131d4d, 0x063bf763, 0x972cfb93, 0xfb9e26fb,
    0x5a386308, 0x9a575346, 0x957c9f83, 0xb2b4b681, 0x9fc6aebd, 0xad52a536, 0xb46fbf7d, 0x31f79bb9, 0x9a77927c, 0x8408977f, 0x7e4d7d2b, 0x75936f8f,
    0xb7f17ad0, 0x00f7ade8, 0x0809f7a1, 0x5fd15b0e, 0xd1dcf7b7, 0xd66aaccf, 0x12d127f7, 0xf7ce84f7, 0xcbecc998, 0x1371f74b, 0x79f880af, 0xd6157cf8,
    0x8f074bfb, 0xe6e58ce2, 0x3006481a, 0x3487318b, 0x404bfb1e, 0x7b0646f7, 0xfb5b6ffb, 0xfb23fb54, 0xa2809d08, 0xf77b9676, 0xf7c4e803, 0x32f7a91c,
    0x806f1308, 0xbf37fbab, 0x39e01bfb, 0xa6a29e96, 0x00fb979c, 0x57f756e9, 0x0871f771, 0x72085483, 0x1566fc77, 0x1307dcf7, 0x31f740af, 0xb71306d1,
    0xf731fb80, 0xd13bf7b6, 0xf7454cfc, 0x2a44fd65, 0xfc4d87f8, 0xf8454487, 0x0e06d16b, 0x33f7d97d, 0xcb4af7d6, 0xd8f1d74b, 0x00ffd012, 0xff00804f,
    0x0080b0ff, 0xea5af7e7, 0x35f7db13, 0xc01529f8, 0xf7a1acae, 0x6c731d71, 0x1f6bb694, 0xf883dd13, 0xed131501, 0x1305ca82, 0x87fd40eb, 0xf71d3ae7,
    0x821f1d6b, 0x4f432c2a, 0x1e02fbf0, 0x6059dd13, 0x82685e6d, 0xf8240810, 0xf74bfb98, 0x73f71d1e, 0xcd48f7d6, 0xd8f1d949, 0x131d40f7, 0xf828f7ba,
    0xda131569, 0x1305d684, 0xb4fc41d6, 0x35064373, 0x15f7b613, 0x1e29ce63, 0x5a4bba13, 0x1f615a65, 0x9cf8d613, 0x3d8d3ffb, 0x131d1032, 0xf802f7bb,
    0xdb131571, 0x1305ce84, 0xb4fc4bd7, 0x2007e943, 0x0f5975b7, 0x06272982, 0xf8d7131d, 0x8647fbc2, 0xd8fc3644, 0x03e5d701, 0xb4f864f8, 0x1d17f715,
    0x13f794fd, 0x00f8051d, 0x117d6f71, 0x0811a474, 0xf7d48b4d, 0x84f7d0ab, 0xe7d112d5, 0x1bf733f8, 0xd1fa131d, 0x1d20f716, 0x73fd8ff8, 0xfc130a27,
    0xcaaba2d3, 0x14f71ad5, 0x17fbbf3c, 0x0623fb1e, 0x15cefbe7, 0x07b784f7, 0x326db1e2, 0x2b606a3d, 0xf0fb631f, 0xc2abf715, 0xeefa1307, 0x723060b9,
    0x538205f8, 0x01f71a31, 0x6ff7d0af, 0x12d541ea, 0x84f7d5c2, 0x8317f7d8, 0x40af2b5b, 0xf8d516c2, 0xf7130633, 0x0b72c840, 0x9ef8212b, 0xaf218d84,
    0x2c8ea980, 0x44f740af, 0x47db7f1d, 0xd97af7d4, 0x29e0836e, 0xb412dc46, 0xe079f7eb, 0x898312f7, 0xf7a0a72a, 0x6b131d4d, 0x97b8f7a0, 0x5b21e682,
    0x2158a9c0, 0x5882a05b, 0x41d57e2f, 0x4bd83fd7, 0xd639f8c8, 0xf7d7b412, 0x053b47a7, 0xd80cf728, 0xf8c08e13, 0xdc467e82, 0xc01e2909, 0x13055291,
    0x0a3f401f, 0x33251982, 0x408f130a, 0x4609833c, 0xcf0806dc, 0x09f8402f, 0x98a51541, 0x1fa1968f, 0x8405d278, 0x80898281, 0x9e7b741b, 0x15f91fb7,
    0xfd8a073f, 0xaf29050e, 0x131ecf5a, 0x3afd404f, 0xa0b2b316, 0x6c1faaaf, 0x787205c8, 0x1b6e7a73, 0xf7de614c, 0xb611f711, 0x9ea3c7e1, 0x1f9e757c,
    0xa905c6b0, 0x5fa26a71, 0x23392e1b, 0x47fb4afb, 0x1ff022d4, 0x49cd7e0e, 0x53d047cf, 0xce49f8c0, 0xaa12cc4a, 0xcb59f7c7, 0xebc74ef7, 0xb21ddcc8,
    0x13cad91d, 0x16aad08b, 0x06ca0ad3, 0xdbd4f738, 0x480574f7, 0xa1fb2c06, 0x81f88705, 0x18f8064f, 0xad15a1fd, 0xa6ac9eac, 0xd04b131f, 0x7705bf6d,
    0x757b7a7a, 0xd76b601b, 0x1cf720f7, 0x9eb7deaa, 0x99797e99, 0x05bead1f, 0xa07375a5, 0x4a451b64, 0x1f50fb29, 0x40085082, 0x29c64efb, 0x8b131ed3,
    0x1661f7b0, 0xb6a6a3ad, 0x068c1f9c, 0x90b01b13, 0x17130552, 0xeef7bdd0, 0x651ef706, 0x67654bd4, 0x1e6c7072, 0x9e0557a8, 0xa39fa09f, 0x4b98b21b,
    0x6f381f37, 0x13fb4d42, 0x2b3a821a, 0xc05aac30, 0x15cd9f1e, 0xc8a1796f, 0xd8285383, 0xa4c5b9b1, 0x073ffb1e, 0x63251b82, 0x7b77787c, 0x0868821b,
    0x49a2f722, 0x919aa415, 0x131fa197, 0xca7dd02b, 0x827f8205, 0x761b8188, 0x1fb89f7d, 0x074d1bf9, 0x0514fd8a, 0x2d302582, 0x1ec05ca7, 0xf7d97d0e,
    0xcbd3da9d, 0xdbeed74b, 0x240f0644, 0x13e827f7, 0x05c747db, 0xf71d3a36, 0xdd131d14, 0x1d18f780, 0x8280ed13, 0xeb1305ca, 0x1d16f780, 0xf7221e82,
    0x0b831d15, 0x0b841a20, 0xf74bf52b, 0xddf71d3d, 0x49cdd1da, 0x204f82d9, 0x0ac976ce, 0x56f72008, 0xe830f7e7, 0x2df7d713, 0xf7bb131d, 0x29ce6315,
    0xdb130aa2, 0x1305d684, 0xf80641d7, 0x82b4fcaa, 0x08925439, 0x49d18122, 0x20084182, 0xcb57bf4b, 0xd81d10f7, 0x131d32f7, 0xb20075f0, 0x1306da16,
    0xf80075e8, 0x0ff70727, 0xb5e4131d, 0x08e64700, 0x00b5e831, 0x1305ce84, 0x4b8078e8, 0xfd54f906, 0x822ff7a6, 0x00732231, 0x05b354f7, 0x0075e124,
    0x10853ff7, 0x06822120, 0xf7007924, 0x2b831d28, 0x1d27f72b, 0x0075e213, 0xf773f887, 0x24178224, 0x2cf78078, 0x20828a1d, 0x247e8257, 0xf8e5d712,
    0x2b7f8314, 0x2bf7a0f2, 0x10f3131d, 0x86fe2ff9, 0xf2215d83, 0x215c8660, 0x2077a0e6, 0x82132012, 0x216a821e, 0x698320f3, 0x8310f321, 0xa0ea2168,
    0x0e826786, 0x1d2c6908, 0xc6010a48, 0xe759f7e8, 0x1d3ef703, 0x73fd87f8, 0xd519f815, 0xf706abfb, 0x0538f8a3, 0x41f3fbbd, 0xfb0787f7, 0x053afca5,
    0x120a480e, 0x94f7d5d7, 0xd819f7d9, 0xfb84f7b9, 0x1368f76a, 0xd516d7fe, 0xf3c11d3d, 0x059cfbe1, 0x08fb06d7, 0xf7f3def7, 0x0638056a, 0x90fb0afb,
    0x70f88805, 0xdef70641, 0x0a6194fd, 0x2ff7fd13, 0x68284e84, 0x0715f741, 0x2ffbfe13, 0x66085083, 0x2df7d58b, 0xdc8c0af7, 0xf7d9d5b6, 0xccc21205,
    0xd1ce4bf7, 0xd012f7d0, 0xfb7ef7b9, 0x1362f764, 0x16c280bf, 0x06fff7cc, 0x1ff77fc7, 0x8f1ec787, 0x41fbb006, 0x80df1305, 0x0572fbba, 0xf7ba06b2,
    0x41f7ae72, 0x86068f05, 0x1ffb824f, 0xfffb1a4f, 0x3c73f9ce, 0xbcfb4f07, 0x87052d7a, 0x4fe97b06, 0x3c05bcf7, 0x8215f806, 0xecd036d2, 0xf7eef71d,
    0xd0eefb12, 0xfb4673f9, 0xf712fbc8, 0xf70746c8, 0x281982ca, 0xfbd57ef7, 0xbf130631, 0x20a086a0, 0x21a08262, 0x9f851ded, 0x47db7f27, 0xd979f7d5,
    0x2ea08268, 0x12dc0ef7, 0x31f7dbb4, 0xf7d9c3d9, 0x86b8d818, 0xaf4b08fe, 0x7f79f7c0, 0x9fb2c315, 0xf71fabaf, 0x3d30fbe5, 0x0768fbd9, 0x8277807d,
    0x644a1b75, 0xf759f7f3, 0xd3f2b856, 0x72779aaa, 0xc7bd1f9e, 0x6a71ab05, 0xfb1b53ad, 0x1bfb3a08, 0x8afb8afb, 0xf718fbda, 0x4bf71f01, 0x06d91597,
    0x82e05f13, 0xfb18269f, 0x73f9d8ee, 0x269f823e, 0x3dc8f718, 0x83e0f707, 0x8484209f, 0xd05f219f, 0x21094041, 0x2e820714, 0x412efb21, 0xf7280592,
    0xf712d30b, 0x3df7d92f, 0x380b9641, 0x2ff700ff, 0x2bf9d916, 0xfbd312f7, 0x1d4d43df, 0x2bfd8bf7, 0xfe130a61, 0x22448980, 0x8601f715, 0xf84908e5,
    0xd544d26a, 0x2bf7d949, 0x51f712d5, 0xff96f7e7, 0x00804300, 0xda1d00f7, 0xdaf3cef4, 0xf7805b13, 0x15b4f851, 0xfb809b13, 0x13058505, 0x5bf7805d,
    0x05d0a11d, 0x975f6f9a, 0x0cfb1b60, 0x0afb4450, 0xfb39f81f, 0xce841507, 0x272c8205, 0xdab4fc4b, 0x803b1306, 0x22051843, 0x831d11f7, 0x1d062a31,
    0x7372f80e, 0x0ef7e90a, 0x2751821d, 0x2df7809b, 0x806b131d, 0x24077843, 0xd68480ab, 0x275f8205, 0x6cf80641, 0x0a23b4fc, 0x4a473182, 0x0a8d2408,
    0x83809d13, 0x809b2359, 0x4482064b, 0xd949cd39, 0xd2f30a60, 0xbac09d13, 0x130a5816, 0x6beac06d, 0x6c5f54be, 0x827b5868, 0xc0ad2129, 0x9d282983,
    0xf80653c0, 0x15b4fc88, 0x5e201f82, 0x9e201f8c, 0x0e241f88, 0x33f8d77e, 0x41264b82, 0xe9c512d6, 0x978517f8, 0xf780cb28, 0x5ff77ebb, 0x8b821f1d,
    0x7811f721, 0x1e22079b, 0x11826af7, 0xfb80cb2b, 0xf722f347, 0x88f71e19, 0x21a18298, 0xa18b80ad, 0xa184cd20, 0xa188cb20, 0xe5d71224, 0x538509f8,
    0x2bf7ae27, 0xfd63f81d, 0x20338294, 0x0f1f4876, 0x1d61f724, 0x84823af8, 0xf7c6c525, 0x4c60c559, 0xd22b0601, 0x5564b713, 0x647b130a, 0x88bd6bea,
    0x64bb21d8, 0xb726d883, 0x130a5264, 0x188ba477, 0x84a4b721, 0x53503018, 0xd147f706, 0xb7130aa5, 0x7e0a2468, 0x82f4f7d7, 0xd5482155, 0xdf845784,
    0x130a702a, 0x0a66c8ce, 0x65c89e13, 0x29080983, 0x2bf235fb, 0xf71e16f7, 0xda15988c, 0xbb06e8f7, 0xa6a69f9c, 0x6d98a71b, 0xe0fb1f56, 0x07e8f7ce,
    0xa69c9bbb, 0x9ba61ba7, 0x10825271, 0xeff7da26, 0x48af1307, 0x673fbc85, 0xbf1e7a59, 0x60ad7382, 0x6b6f591b, 0x871f785b, 0x48cf1306, 0x1305cf84,
    0x064ba0ce, 0x82d84ff7, 0xd0ce2682, 0x3af80a24, 0x087c85d9, 0xf714f734, 0xffff1d09, 0xe60080b1, 0xf7e583f7, 0xfb8ef746, 0xd199e651, 0xf700ed13,
    0xf7e61614, 0xbdc306e7, 0x1bb4a6b9, 0x2560aad2, 0xe5a9fb1f, 0x48f7e7f7, 0x0b84ac1d, 0xf7e62a08, 0x1ef707b5, 0x04fbd455, 0x4f615349, 0x75cb1e52,
    0x1b37b15e, 0x4c00f513, 0x5c586351, 0x8206881f, 0xee1305da, 0xf8064100, 0x08f883ea, 0xc980ed25, 0xc6b9c8b9, 0xb560c91a, 0x7061583f, 0xb31e6a64,
    0x9fa60566, 0x1ba89da6, 0x67769eb3, 0x23634d5a, 0x410e1f44, 0x123d096e, 0x09f8e5d7, 0xbb130a70, 0xf866f820, 0x130a5e7c, 0xc3f7207d, 0x131514f7,
    0xce8420bd, 0x25168205, 0x7b130a53, 0x1784a320, 0x1d062708, 0xf740bb13, 0x1558f775, 0xba130a5d, 0x8ef76480, 0x0ac71d9d, 0xf30aadba, 0x0aadddd2,
    0xd243d4f2, 0xbb13d050, 0x2c8255b4, 0x9c41b420, 0xb4bd210b, 0xb4214a84, 0x204a8252, 0x21188bd4, 0x1884d4bb, 0x0653b227, 0x15c3c1f7, 0x218582b0,
    0x048225b8, 0x43b22108, 0xf7d77e0a, 0xd949cdfb, 0xc0b7d541, 0xc0e3b4e8, 0xf8e9c512, 0x130a2c17, 0x0a6668cf, 0x65689f13, 0xbc410983, 0x0a572409,
    0x4da8af13, 0xcf2107a0, 0x215383a8, 0x9e4d64cf, 0x70cf2108, 0xcf285382, 0xf80a4364, 0x0a49d93a, 0x270e8841, 0xd581e683, 0xf713d14e, 0x20378641,
    0x0c8641fb, 0x40f62308, 0x4bf90641, 0xbed815c3, 0x72b2c5ad, 0x1f9461a6, 0xd180f613, 0x6f7a620a, 0x9c0acc6b, 0x7272717c, 0x12825475, 0x62402008,
    0x79a8cb07, 0x7d736c6d, 0x9b6f6364, 0x6d1f73a3, 0xad6b0562, 0x1bbc77b7, 0xd70ac70e, 0x8209f8e5, 0xa0bd26e9, 0xe8f864f9, 0x29168315, 0xbd131bbd,
    0x130ab090, 0xc882c0bd, 0x7b90bd2c, 0xfbb0fb0a, 0x130a5e29, 0xa941a07e, 0xa0be2105, 0xbd27f183, 0x130a53a0, 0x84a3a07d, 0x06400817, 0xd17e0e1d,
    0x49cd39f8, 0x80d245d9, 0x0cf7d20a, 0xe0c513d2, 0xf8d216b6, 0x9cbc0627, 0x1ba6a5a5, 0x576d95b0, 0xc620fc1f, 0x0ac627f8, 0xf8d220fc, 0xaa130736,
    0xbb6ce5e0, 0xc9130a6c, 0x05ce85e0, 0x48082e82, 0x69f80653, 0x0aac67fd, 0xbbfd47f7, 0xcfbde515, 0x95131fde, 0xfb46f7e0, 0x0bf77853, 0xada0af1a,
    0x7ca1aab6, 0xb21ea372, 0x6caa05c3, 0x1b57a367, 0x3b4c5939, 0xf739fb1f, 0x14fb9653, 0x6973621a, 0x9f716060, 0x641e69b0, 0x254c8352, 0x70bab160,
    0x94831bc2, 0x94830120, 0xc6c5d132, 0x80c559f7, 0xf755d50a, 0x4cd1378e, 0x72cd13d6, 0xf7219d82, 0x359d88ef, 0xfb1f566e, 0xeff7c6e8, 0xe8fb0ac6,
    0x07fff7d2, 0xe5b2ae13, 0x9d82ba6c, 0x8372ce21, 0x72cd219d, 0x61229d82, 0x9d822ffd, 0x9d845520, 0x1fd0c53e, 0xf7729d13, 0x8456fb37, 0xa0aa1aef,
    0xa2acb6a8, 0x1ea5727c, 0xaa05c2b2, 0x53a36669, 0x55329c82, 0x2cfb1f45, 0x218955f7, 0x70746b1a, 0xa36d5f5f, 0x9b846bac, 0x72cdb308, 0x70bdb260,
    0xcd131bc5, 0xf800fb68, 0x130aa5cf, 0x0a2474cd, 0x7bf7d57e, 0xd607f7d6, 0xd312d7f1, 0xe775f7e8, 0x67f7e4c9, 0x13da3ce6, 0x16d300ff, 0xceb8f7e8,
    0xe633f706, 0xf72ef7d4, 0xfbc23035, 0x34fb1f33, 0x04fce806, 0xc2b8f715, 0xbf0af707, 0x57222169, 0x1f0afb5c, 0x10fc6cf8, 0x80fe1315, 0xbda9c2c6,
    0x068e1fb6, 0x13054893, 0xf7d600ff, 0x16f706ea, 0x0afbe04e, 0x6969483f, 0x4db01e5a, 0xb8b4a905, 0xd81bc0a4, 0x1f4349a6, 0x246f59fb, 0x1a0dfb51,
    0xe257c829, 0x15d5a61e, 0xc9a2655b, 0xf7b5c0d3, 0xfb1fa332, 0x635e072e, 0x1b607361, 0x2b547e0e, 0xd60c3006, 0xbb12d2f6, 0x74a5f7d6, 0x40bf130a,
    0x48d616bb, 0xd6230780, 0x4807fb06, 0x0b2a0880, 0x890590fb, 0x064070f8, 0x1a54f0f7, 0xa0bf2d11, 0x7f130ac1, 0x054e9220, 0x40c07f13, 0xa0214682,
    0x21048234, 0x0482a1c0, 0x7365a025, 0x866f7477, 0x32aa086d, 0xd15a0ef7, 0xccd60cf7, 0xd24405f7, 0x49cdb512, 0x809000ff, 0x00ff9a00, 0x4800808f,
    0xf7d3cece, 0xcd9bd20b, 0xffd117f7, 0x0080c4ff, 0x9b131dd5, 0xcd16b53a, 0x13060ef8, 0x80c83aad, 0xc7880ff7, 0xac068e1e, 0xfbb649fb, 0x06b30572,
    0xaa72f7b6, 0x8e0549f7, 0x834f8706, 0x1a4e0ffb, 0xf9ce0efc, 0xad130773, 0x5606365a, 0x3080c3fb, 0x13068705, 0xe680ba9a, 0x3a9d1305, 0x05c3f755,
    0x06f80636, 0xd31573fd, 0x06a3b8f7, 0xf7d4ccf0, 0x9b131f2e, 0x4a35f73a, 0x2b1e26c2, 0x09fcd306, 0xa0c2f715, 0x66a9cf07, 0x6d2000fb, 0x1c824759,
    0xb3f73d30, 0xb7150bfc, 0xa4b8a8aa, 0x13068d1f, 0xdf83395b, 0x3e5b3508, 0x06f2f7c3, 0xcc6022f7, 0x6a5f5c3d, 0xab1e6971, 0xa0a0054c, 0x1baaa5a5,
    0x35579bbd, 0x6912fb1f, 0x07fb5144, 0x3d9b131a, 0xc757b529, 0x15d5a21e, 0xc9a26f6c, 0x3e224d82, 0x14820aa1, 0x0a472508, 0xd742d57e, 0x7bf7c84b,
    0xf0d950d1, 0x4ad2f6d6, 0xdca712d8, 0xd2d92cf7, 0xd607f7d7, 0x130ab291, 0x69f7f44e, 0x08050349, 0xf71faa35, 0x3d2cfbe5, 0x076dfbd5, 0x8276817e,
    0x664c1b76, 0x1f60f7f0, 0xf7f44d13, 0xd1efb65d, 0x72789aaa, 0xc2bd1e9e, 0x6b70ab05, 0xfb1b53ad, 0x1bfb3b06, 0x821f8afb, 0x8afb3b40, 0xf718fbd8,
    0x59f71e00, 0x06d71597, 0xf7f45613, 0xef07a4b8, 0x2a0a36cc, 0xe784d706, 0xcf079f23, 0x20e783a6, 0x23e78370, 0xaef7ea8e, 0x2e21e78b, 0x27e783f2,
    0x0a40ec2e, 0x34ea8e13, 0xec200482, 0x3108b982, 0x0a47ea8e, 0xcad20a75, 0x40f7d74c, 0xd617f7d1, 0xd8d3cb4b, 0xffd51bf7, 0x0080bfff, 0x81131dde,
    0xd716d276, 0x1306fef7, 0xa4ddb684, 0x1bafaaac, 0xaf54949c, 0x079b5f0a, 0x06883d08, 0x85b68813, 0x481305e7, 0xf7064f6e, 0x15c1fcf6, 0xb8a8a9b8,
    0x068e1fa4, 0x916e2113, 0x2113054e, 0xeef7c876, 0x5c22f706, 0x5d5939d0, 0x1e667168, 0x9f054dab, 0xaca7a9a1, 0x0acac11b, 0x292f3582, 0x1ec957b7,
    0x6d15d5a2, 0x1fc9a26e, 0x82764113, 0x6e483198, 0x74787365, 0x81131b6e, 0x40f0f775, 0xa8a9b415, 0x3d057b4d, 0x51927511, 0x76121305, 0x4194f9c8,
    0x8d0644fb, 0x76af0532, 0x1b669c73, 0xfb254c46, 0x2d821f4b, 0x51fbb308, 0x1ed72bc0, 0x5e15d99f, 0x19f7d570, 0x7682131f, 0xdbac15f7, 0x7e9ba5b6,
    0xfb1e9c67, 0x811307be, 0x787a5b75, 0x0e1b7076, 0x2df70a84, 0x47d44ec8, 0x12ce49cf, 0xc15fb7bc, 0xe1bf0cf7, 0xd3ffffc1, 0x1dbc0080, 0xc1e0c2ad,
    0x27f7b75f, 0x13beddbe, 0xbcb05da4, 0x0af8c116, 0xda1db406, 0xa8a9a49e, 0x8896951b, 0xa21f9283, 0x7e9605cf, 0x1b77907e, 0x516d7169, 0x06871f75,
    0xd7871dab, 0x1a221305, 0x130a8100, 0x90000210, 0x1013055c, 0xf8b5004c, 0x01f7060e, 0x6952d16d, 0x736d6d66, 0x055aa91e, 0x9e9c9ca2, 0x93ae1ba0,
    0x391f235e, 0xfb505367, 0x34831a08, 0x130abf2e, 0xd3000c20, 0xacc6bba6, 0x073dfb1e, 0x68381283, 0x766e7b7f, 0x0140131b, 0x130ac840, 0x8f400008,
    0x08130557, 0x0a698081, 0x83201283, 0x81220582, 0x0b84b580, 0x805f2008, 0x1b7c777d, 0x157ffbf3, 0x1ef706ba, 0x5b0561fa, 0x00841306, 0x9ffee030,
    0x0a840ab8, 0x86aabed2, 0x04f72ce6, 0xffb512bd, 0x00802b00, 0x931d08f7, 0xbe2e2def, 0x4342f777, 0x13bf63be, 0xb56a37a6, 0xf721f483, 0x20f49903,
    0x24f48274, 0x00080113, 0x23f68288, 0x81800621, 0x0021f682, 0x20f68480, 0x82f6a523, 0x20f68334, 0x82f68a03, 0x21f68712, 0xf6845000, 0xf6841020,
    0x83604021, 0x500022f6, 0x21f08283, 0xf6836040, 0x85500021, 0x8cef20f6, 0x025808f6, 0xfcb50400, 0x42f7151d, 0x021306be, 0x062b0110, 0xbcb4c4b9,
    0x70c41acd, 0x706456b1, 0x1e706372, 0xa5056faf, 0x9e9c9b99, 0x7896a41b, 0x5d62526c, 0x131f3743, 0xc10a0084, 0x0ab835fd, 0xd13ed97d, 0x4bcb3bf8,
    0xf7d245d7, 0x5af71d30, 0xe30ef7ea, 0x13e453f7, 0xfbd0c04b, 0x20051957, 0x071957c0, 0x18f7c035, 0xc065131d, 0x1305ca82, 0x16f7c0a3, 0xc053131d,
    0x831d15f7, 0x1d1a210b, 0xf8372f82, 0xf7153e89, 0xe3d4d012, 0x40ac33f2, 0x12f71fa9, 0xcec0601d, 0x471bda6b, 0xf7240978, 0x17f71d40, 0x97305d84,
    0xe716ce80, 0x80c71306, 0xf70721f8, 0xab131d22, 0x2408f24b, 0xd68480cb, 0x28188205, 0x3ef90641, 0x97130ab3, 0x82478280, 0x224a8e0e, 0x84f20a77,
    0xc0c72347, 0x3d821ff7, 0x404bc020, 0x0a8d2608, 0x84c0cb13, 0x244182ce, 0xf9064bc0, 0x2041835a, 0x204184c0, 0x254186c0, 0xe54bd97d, 0xef821af8,
    0x7a23ed83, 0x849613ea, 0x3a2308e6, 0x05e9881d, 0x7dbab15e, 0x01f71bb3, 0x55f7f0e9, 0xf04a43f7, 0x131f0dfb, 0x6f58539a, 0x881f665c, 0x83aa1306,
    0xa63e08f7, 0x57f70640, 0x6f1574fc, 0x69b99162, 0xf796131f, 0xb0c307b5, 0x1baf9eb5, 0xfb3eacdd, 0xa6131f10, 0x3f521ffb, 0x56131e45, 0xf74b3af8,
    0x34781d5d, 0x8b0a7180, 0x7d18f8e5, 0xe762f70a, 0xf482cc13, 0x0621f83e, 0xa5b1b3c2, 0xa1ca1bb6, 0x131d47f7, 0x6115f7b4, 0x574825ce, 0x1e615966,
    0xd4130687, 0x2408fc83, 0xf80641cc, 0x15b4fcff, 0xf70608f7, 0x0573f93f, 0xfc37062e, 0x80347923, 0xd37f0ac5, 0xf837e279, 0x062b1823, 0x2c55830e,
    0xf7d949cd, 0xce131d10, 0x131d1ff7, 0x0b0241b6, 0xce84d635, 0x4bce1305, 0xfc21f906, 0x1d3af7b4, 0xd701e58b, 0x18d703e5, 0x240c2748, 0x94fdf6f8,
    0x2c9b8241, 0x01f709f7, 0x3bf7d8f7, 0xfd11f91d, 0x2b2b8273, 0xee4bd97d, 0x4af3eaf7, 0x8b130a72, 0x36061a41, 0x131d14f7, 0x1d18f78d, 0xca829513,
    0xf7931305, 0x8b131d16, 0x821d15f7, 0x1d1a2909, 0xe2f76313, 0x8b0a224b, 0x48293383, 0xa6130a73, 0x131d2df7, 0x07bf4d9a, 0xce83aa20, 0xce82a620,
    0xce829720, 0xc006eb2a, 0x1305c7f7, 0x1d39f7c6, 0xbe862e85, 0xbe83a720, 0xbe8b9b20, 0xbe83ab20, 0x064ba724, 0x3689b3f8, 0x3687c720, 0x8e22ca92,
    0x828494fd, 0xca820020, 0xeaf31122, 0xf82bcc82, 0x2273fda3, 0x4ed57e0a, 0x8235f8c8, 0x41600866, 0xd99a12d5, 0x48da4ef7, 0x3bdba3ce, 0xff4442f7,
    0x00803b00, 0xf4d21deb, 0x44d2f3c6, 0xdb3b43f7, 0xf71ca613, 0x13157e24, 0xbac11ca5, 0x1fb2b9a9, 0x6513068e, 0x054c931c, 0xca1c4e13, 0xf706ebf7,
    0x25df5715, 0x6a6c5149, 0x4fb01e5e, 0xafaea605, 0xce1bb7a2, 0x1f414ba4, 0x327143fb, 0x1a0ffb4f, 0x45083f82, 0xd657c12b, 0x15d5a21e, 0xc7a26a62,
    0xf7b7b9d3, 0xfb1fa320, 0x66620732, 0x1b647367, 0x154ed2f7, 0x0627f8d2, 0x0a689dbc, 0x130a3b9a, 0x6dea2c96, 0x6b5d56be, 0x1e7b5868, 0xac7582c0,
    0x705c1b61, 0x131d29f7, 0xf9832ca6, 0x531ca62f, 0x4ca61306, 0x15c0fc4c, 0xab9ca613, 0x2e0b820a, 0x67797777, 0x9f7e9f66, 0x1aa6131f, 0x8316adf8,
    0x831d2013, 0x830f8313, 0x1e230817, 0x4bd97d0e, 0xd0abf7d4, 0xd74bcbc6, 0xd812d5f4, 0xdf1d1bf7, 0xe65bf7e9, 0xd8e06e13, 0x1d64f716, 0x55606f13,
    0x76212920, 0x080956e0, 0xfff87b08, 0xe615b0fb, 0x064287f9, 0x82e0ae13, 0x06880556, 0x9e6d68b9, 0x36271b5a, 0xfb4bfb25, 0xf62bd151, 0xb6a8b5b9,
    0x28881faa, 0x15f42b05, 0xf7d1654a, 0xbe19f71d, 0xa6abc7d7, 0x1fa85e7f, 0x5907b6fb, 0x68786e6b, 0xd77e0e1b, 0x01d637f8, 0x16f8e9c5, 0x0abb03e9,
    0xcb1674f8, 0xb8b7a2ca, 0x05c8641f, 0x77606c6b, 0x7a0abd5b, 0xfb0ad06d, 0x2309fb1c, 0x47fb4afb, 0xf72201f7, 0xd3821f1e, 0x4cd73e23, 0x05865dcb,
    0xe9c52808, 0xf7e9f6f7, 0xdc3ae783, 0xbb004f13, 0x808e130a, 0x158a22f8, 0xbba9bbc7, 0x068d1fac, 0x93802e13, 0x3713054b, 0x18f9d800, 0x2807ec4a,
    0x9a6366b7, 0x03fb1b56, 0x20a8822c, 0x3d2e821f, 0x2bda51fb, 0xa01e0af7, 0x5d3d15d9, 0x1f19f7d5, 0xf7009713, 0xd1dbc915, 0x5e83b1b1, 0xa9821eaa,
    0x3d082382, 0x79616b54, 0xfb0e1b62, 0x43f7c286, 0xf5d64ad4, 0xd188f7c0, 0xc35fb75f, 0x12d40af7, 0x1ff8cca3, 0xbf5cf7c7, 0xbd54c55e, 0xc771c1e6,
    0xf7d4b913, 0xac47fb95, 0xaefde50a, 0xc90ad315, 0x82553906, 0x135c0810, 0xd3fba2c1, 0xb015a0fd, 0xa4bda6ab, 0x05ba641f, 0x7a7a7c69, 0x69601b75,
    0xf76cf7e7, 0xb1e7b069, 0x71799aa0, 0xbeb21f9a, 0x6c78ad05, 0x401b64ab, 0xfb0dfb49, 0xcc99fb98, 0x1fd709fb, 0x43fb48f9, 0xb0746515, 0x20131fc5,
    0xac91ac22, 0x851ea89d, 0x958a9595, 0xac06a01b, 0x1f54799e, 0x5e085c82, 0x63547154, 0x1554851e, 0xede0bedc, 0x0a30131f, 0x4ab368e5, 0x61066f1e,
    0xa6afa482, 0x9c929c93, 0x0418131f, 0x86989780, 0xb8bb1b97, 0xbf0af7ce, 0xa583ad85, 0x33d1b91f, 0x14021306, 0x8f7a8093, 0x59581b7e, 0x4511fb4a,
    0x6e9f5d9b, 0x1307871f, 0x77790880, 0x1a5e677c, 0x9f6d9660, 0x82861e7a, 0x6e202610, 0x5c617f6a, 0x086b821a, 0x58bb3168, 0x14131ec6, 0x6cf88c14,
    0xb6787315, 0xb49de8e8, 0x619da4a4, 0x60792e2f, 0x7f0e1f72, 0x3adc3fd7, 0xf6f71ff7, 0xdc02f7d6, 0xf7e3bd12, 0x4df7e1dc, 0x09f7a5e1, 0xf7005f13,
    0xcb157fab, 0xb5c5abbf, 0x05c3551f, 0x756e6e60, 0x4a371b65, 0xf766f7e5, 0xd8e5d063, 0x6974a4b1, 0xc5c21fa2, 0x5c6bb505, 0xfb1b4ab1, 0x02412111,
    0xf2540805, 0x12f709fb, 0x009f131f, 0xec1602f8, 0x52f7e8dc, 0xe83a54f7, 0x2e3a292a, 0x52fb54fb, 0x1fed2edc, 0x645504d7, 0xf723f7cb, 0xc0ceb323,
    0xfb48b4be, 0x6223fb23, 0x131f584b, 0x9bf7803f, 0xa6aa153f, 0x70b4b6a5, 0x706b6ca8, 0xa660626e, 0x0e1fab71, 0xcb4bd97d, 0x3f052143, 0xf7d5f4d7,
    0x26f71d35, 0x131d1bf7, 0x73f7d09e, 0x23f7157d, 0xd05e131d, 0x13054b93, 0x2ef7505f, 0x31271583, 0x509f130a, 0x82130a32, 0x1d192b1f, 0xf7503f13,
    0x0a274be1, 0x43433f13, 0x0833822a, 0xfb1d442b, 0x14f7d66b, 0xd97ff7db, 0x12dcb1f7, 0x24f7ebb4, 0xe03656f7, 0xbdf7fa13, 0xc9d8157f, 0x1fb2bca8,
    0x1307cff7, 0x3d56fbfc, 0x2d148206, 0x065cfb01, 0x7f677874, 0x4b2b1b65, 0xf18203f7, 0xf7ce4f37, 0xacc1ee02, 0x1fa76370, 0xb905c5c2, 0x3ab75667,
    0xfb2cfb1b, 0x30eb8202, 0xf782fb82, 0xf720fb01, 0xd5f71f27, 0x4bf75ffb, 0x05ea441d, 0xd641d92a, 0xf7e7ce12, 0x04f7e756, 0x3206ad60, 0x16ce009f,
    0xae1306e7, 0x0721f880, 0xf91d54f7, 0x60a1fd0b, 0x5e230992, 0x82489380, 0x06814df3, 0x1f224b18, 0xbe264482, 0x009f130a, 0x09820adc, 0x0806b560,
    0xdceef7c7, 0x7df7d63f, 0xe9e712d7, 0xf7e8b7f7, 0xbc13e8b3, 0xf7e916e7, 0xfbb7f7ee, 0x1306e8ee, 0xf7f3f77c, 0x39f7070d, 0x1af7cae9, 0xba2d20f7,
    0xfb1f39fb, 0xbc13066a, 0xb7fbc8fb, 0x072dc8f7, 0x72f87c13, 0xf715c9fb, 0x0702f77d, 0x70c010f7, 0x66563736, 0x0e1f10fb, 0x49cd72f8, 0x0df7efd9,
    0xf72df712, 0xe803fb15, 0x34f758f7, 0xe776f71d, 0x60f8ab13, 0x1af8e716, 0xb2b7c706, 0xd21bbba7, 0x1d47f7a3, 0x15f76d13, 0x01fbce5e, 0x56635445,
    0x06871e5d, 0xdc84ad13, 0x41ab1305, 0xfcb5fb06, 0xf8e815b4, 0x13062eb4, 0x04f7b9b3, 0xa3a7b015, 0xa46fafaf, 0x726f6766, 0x73a76767, 0x8b0e1faf,
    0xd10173f9, 0xe72cf8e7, 0x05315b03, 0x73fd882e, 0x1d20f715, 0xf763f70e, 0xead8f701, 0x1d241b83, 0xd884f7d5, 0x79201e86, 0x4e371e83, 0xd47f0e1d,
    0x00ff2df8, 0xff008047, 0x0080b8ff, 0xe5d712d5, 0x70e682f8, 0x2908084a, 0x1d2bf7b8, 0xa0fd86f9, 0x131d57f7, 0x80063fd4, 0x08fb2dfb, 0xb8130586,
    0xfb04f746, 0x0bfb07b0, 0x14f73cb5, 0xd87e0e1e, 0xe38232f8, 0x3af7123a, 0xce96f7e7, 0xcef3da48, 0xd713d9f4, 0x6ff7caf7, 0x8676701d, 0x6f5b1b76,
    0x0a9f4e18, 0x4ebc2608, 0x62f71eea, 0x30da1598, 0x0ad7ce0a, 0x1f53719b, 0xf8d920fc, 0xbb13072e, 0x51be6aea, 0x58686a5e, 0x770acd7b, 0x27fb821f,
    0x05ce85db, 0x064bd713, 0x40235f89, 0x53b1f7e7, 0xe8280769, 0x13e756f7, 0x7ed0f7d6, 0x0ab44a18, 0xf777703a, 0x1ee91d42, 0x15987df7, 0x0621f8e8,
    0x131d22f7, 0x6215f7ba, 0x0aa22ace, 0x0806065d, 0x0e0640c7, 0xf7c986fb, 0xd73fd83b, 0xc7f5d647, 0x4cd181f7, 0x57bf4bd6, 0x09f712cb, 0xd70bf7d8,
    0xc5d71af7, 0x47d256cb, 0xcc15f7cc, 0x4013d470, 0x68f70040, 0x94a6157e, 0x1fa1968f, 0x8405d27c, 0x7f898780, 0x0ace781b, 0x1ec75aae, 0x8038a213,
    0x158c88f7, 0xf7e8cdd8, 0x4954f752, 0x483f3ee8, 0xfb54fb2e, 0xd72ece52, 0x6204d71f, 0x1bf7d371, 0xd5a51cf7, 0x41a5b4b4, 0x1bfb1cfb, 0x1f624371,
    0xc6fbeef7, 0xe0cef615, 0x18131fed, 0x58e58002, 0x621e3db3, 0x88795706, 0x010c130a, 0xcec6c900, 0x80bf0af7, 0x1fa57cad, 0x0dfbd1d1, 0x7c931dd1,
    0x1b7b8f77, 0xfb4a4947, 0x5fa14511, 0x871f6ea5, 0x711de407, 0x80130ac0, 0x08066d08, 0x80388f08, 0xdc58cb31, 0x0509131e, 0x0473f800, 0xe2b56f68,
    0xaeb2a7e2, 0x3563a5b0, 0x68616f34, 0x0890131f, 0x35fc9280, 0xda6a5415, 0x9a8a980a, 0xb606af1b, 0x565879a7, 0x1f525566, 0x01d87e0e, 0x03e748f7,
    0x157ed9f7, 0x9d94a7ba, 0xd2751fb3, 0x76707b05, 0xea1d42f7, 0x9859f71e, 0xc906ea15, 0xcc1d66f7, 0xed180ffb, 0xf72efb06, 0xf724f7a4, 0x062d05a4,
    0x7e09fb55, 0x7c697b6c, 0x0687196e, 0xae7aa67c, 0xf74ea97d, 0x062a180b, 0x9bfb24f7, 0x4c620e05, 0x10f7300a, 0xf7e7eb1d, 0xa313ea5a, 0x1d1ff7e0,
    0x5ae09513, 0xa524083b, 0x05ce84e0, 0x4b2f1682, 0xfc6cf906, 0xe1f015c2, 0x1f55f7f0, 0x18e04b13, 0x2a0af64d, 0x05ec8e1e, 0xfd2f4ef7, 0x8207d494,
    0xc0943028, 0x5c068e05, 0xb377b2ad, 0xe08b131b, 0x421d3cf7, 0xef3c0672, 0xc2120df7, 0x803a00ff, 0xd21dd200, 0xd2f4c6f3, 0x2b0df7f5, 0xd813f7d8,
    0xc260d713, 0x27061053, 0x3b9b0a68, 0x60bb130a, 0x2e084257, 0x7582c01e, 0x5b1b62ac, 0x1d29f770, 0x8360db13, 0xd74e088a, 0xf8065460, 0x15b4fcb1,
    0x3eb4f8d8, 0xa0d71306, 0x1504f7af, 0xafa3a5ad, 0x69a471af, 0x67727168, 0xae73a567, 0xfda3f71f, 0x98a51531, 0x1fa2968f, 0x8405d278, 0x7f898380,
    0x0ace741b, 0x1ece5aaf, 0x3fd87e0e, 0xcd32f8d7, 0xd640d949, 0x9249b212, 0xc6ef2e07, 0xd8c0d2ef, 0xc0d810f7, 0xf06313d7, 0x259085b2, 0xa6a59c9d,
    0xa153a71b, 0xbc072808, 0xa7a59a9b, 0x8299a61b, 0xf05527a4, 0x54be6dea, 0x4a496f5f, 0x83772005, 0x837320a4, 0xf06521a4, 0x633ca483, 0xf80653f0,
    0x15c0fce5, 0xf7e4c4dd, 0x4b131f56, 0x5258f7f0, 0x523939e4, 0x1e58fb32, 0xfb2c5f82, 0xdd32c456, 0x6004d71e, 0x23f7cb78, 0x23281e84, 0xb4b6ce9e,
    0x23fb48a0, 0x2b081e84, 0x624b7623, 0xf0a3131e, 0x153eb7f7, 0x968f94a3, 0x3f0a78a0, 0x29070efd, 0x1eca5aaf, 0xf7d97d0e, 0x72c0dcae, 0xf7e8f40a,
    0xd713e759, 0x300b825c, 0x18f780db, 0x80eb131d, 0x1305ca82, 0x16f780e7, 0x221e821d, 0x831d15f7, 0x841a200b, 0x4bcb250b, 0x1d62f715, 0xf8374282,
    0xd949cd32, 0xb812d73f, 0xdb4ff7dc, 0xf73bdb7d, 0x50c64443, 0x4ac7f3d2, 0x39080798, 0xfbb870cc, 0x3adc1567, 0x05dc891d, 0x80aea868, 0xdaeb1ba9,
    0x1f55f7f0, 0xf7709c13, 0x23f05543, 0x6573645f, 0x06891e6c, 0x8170cc13, 0x064b05bd, 0x74fc30f7, 0x8f6e7715, 0x228471ae, 0xb907cf2d, 0xa79ba9a9,
    0x3ea8d11b, 0x821f10fb, 0x1ffb2824, 0x1e4d3f59, 0x4a4baef7, 0x9c360590, 0x1ba6a59f, 0x576d97a7, 0xc720fc1f, 0xd21d68f7, 0x13072ef8, 0x9e4ab0ac,
    0x417a2007, 0x712507f8, 0x1f775b6c, 0x23658287, 0x05ce85b0, 0x532d4682, 0x30c91306, 0x15c0fc4b, 0xab70ca13, 0x4a0b820a, 0xcc2409a1, 0x16aef868,
    0xcc211382, 0x05a14a74, 0x4a68cc21, 0xf73005a1, 0xc97ef163, 0x4ceaaef7, 0xcd9e12ca, 0xcecc06f7, 0xc13a0483, 0xc873f7ca, 0x9ec05f13, 0x200ab116,
    0x0a6e411f, 0xfafb83f7, 0x210ab115, 0x0b82401f, 0x0b827620, 0xf8ca8108, 0xaf13061b, 0xf77bcbc0, 0xf7ca850e, 0x06af1d31, 0x1d36f7d3, 0xfb804c86,
    0xfc1a4b0e, 0x73f9c81b, 0xfb430744, 0x15fb6fbd, 0x6e068705, 0xf74415f7, 0x064305bd, 0xd6b8f70e, 0xa5f7d653, 0xe8d312d7, 0xf5e763f7, 0xe758f7e9,
    0x39f7be13, 0x67f703f8, 0xf816fb1d, 0x73fd1504, 0xbbb8f7e8, 0x1d6df707, 0x57f87e13, 0x51f7f1fb, 0xf8d17e1d, 0xd245dc36, 0xf7e3d712, 0x3af7e453,
    0x131d34f7, 0x7e8df7ba, 0x0814d54e, 0x98fdf736, 0xeaf7e715, 0xebdc1306, 0xc9b0c3ba, 0x889ca81b, 0xa01fa57f, 0x6f9605da, 0x1b659177, 0x42584f41,
    0x06871f5e, 0x0504f784, 0x0641da13, 0x46dc7f0e, 0xdce5f8d4, 0x63088e83, 0xb813e957, 0x157f90f7, 0xe2d910f7, 0x56f503f7, 0x1fb748be, 0x4605b944,
    0xc9a86eb8, 0xb1b5c61a, 0x6fb0bec1, 0xbe1eb161, 0x5dc005c7, 0x1b42b150, 0x3c3e03fb, 0x58be2921, 0xd51f60ce, 0x67c3055b, 0x1a4363b3, 0x4a60604d,
    0xc2ae5755, 0x4c501e62, 0xd1c14805, 0x131bdd62, 0x9750f878, 0x1d55f715, 0xcb4bd97d, 0x3e05c44d, 0xcdf812d7, 0xea5af7e7, 0x16dd3613, 0x8e130ab7,
    0x81fd8cf9, 0x131d5af7, 0xd494fd4e, 0x448e1307, 0xf7220a22, 0x514e1d3c, 0x0a6f2e06, 0x48f7cb13, 0xf706e816, 0x0573f935, 0xc552183e, 0x77280807,
    0x06861934, 0xd37ee27a, 0xf83de27a, 0x063a1823, 0x26fef0f7, 0xfde10aac, 0x30cb15ae, 0x27f8bf0a, 0x9c9abc07, 0xa61ba8a5, 0x08059e46, 0x36f8ca2e,
    0xe5b51307, 0x6157bb6f, 0x7b58686b, 0x7584c41e, 0x5d1b64a8, 0x1d29f772, 0xce84d313, 0x5bcb1305, 0x73f70e06, 0xcd50f7ce, 0xd8f1d949, 0xd53f7482,
    0xf720f780, 0xf7a315b6, 0x9add9b0d, 0x981d49f7, 0xa3399c3b, 0xc3180dfb, 0xd515b6fb, 0x8227fb06, 0x01fb218c, 0x26080782, 0xd40573fd, 0x73f7b606,
    0x063ef705, 0xcff88bf7, 0xfe1dfb15, 0x06c20561, 0x61fa1df7, 0x80b91305, 0x15d1fbb9, 0x8380d913, 0x80d52463, 0x98b4fc5b, 0x80b6219d, 0x3d829e8f,
    0x725d2708, 0x1f785b6c, 0x6cce9f0e, 0x54f70a8a, 0xbcd245f6, 0xd177f70a, 0x13d48cf7, 0xc2f780b3, 0x541572f9, 0x80b51306, 0x95707365, 0x80b32e07,
    0x6b130ac3, 0xb3bdf780, 0xd59f0a99, 0x29348265, 0xd250d279, 0xd8e8f712, 0x368404f7, 0x0abaaf34, 0xbff87713, 0x0a9992fc, 0xd273d294, 0x53ca7bf7,
    0x2382f7d1, 0xea0adb22, 0x31081f84, 0xc6f7e05a, 0x131520f8, 0x0a646057, 0x606b131f, 0xfb4b5440, 0x074c1e0b, 0xf7e0aa13, 0x3450c51b, 0x3f58543a,
    0xb8b15a4a, 0x565e1f67, 0x5a130a86, 0x2570f0e0, 0xfbb92e05, 0xc30a999d, 0xd8cfe8d2, 0xde6cf7d1, 0x23728245, 0x2cf7d3c5, 0x50085284, 0xf709f7ef,
    0xf7f615b4, 0xf713055b, 0x72f70a54, 0x0a4435fb, 0xadf8ef13, 0xfb79fb04, 0x0779f78c, 0xd10a9845, 0x588cf7c2, 0x076ef9d4, 0x6bda940e, 0x2082f7d2,
    0x12da4a0a, 0xe1cd0df7, 0xca34f7cb, 0x46f7c9e5, 0x809313cb, 0x13f80a92, 0x5815e6fc, 0x060c706f, 0xa763f72a, 0xa7c0bedb, 0x1e63fb3b, 0xfb351d82,
    0x56336f63, 0x8085131e, 0x330429f9, 0xc20aa654, 0xe4e30cfb, 0x050970c2, 0x05f75430, 0x68131f32, 0xfdbcf760, 0xc30a8902, 0x5b830aaf, 0xcd63f724,
    0x5a8452f7, 0x0a92ef2d, 0x1550a5f7, 0xcdeffce3, 0x6d5b5ef9, 0xf82707b2, 0x97bffc2a, 0x85df130a, 0x824620a8, 0x984d28a8, 0xf7c2c90a, 0x83cb5846,
    0xd9a026a8, 0x4e0aaf60, 0x234984d5, 0x02f7cdb3, 0xb3284984, 0x130a92c0, 0xa7f7c0a7, 0x342ee26f, 0xf8c06b13, 0x898bfc51, 0x6fd7930a, 0xd07af7d2,
    0x4f0a204e, 0x265a84d4, 0xcea0ef2f, 0x84f5ce56, 0xb859355d, 0x2df80a92, 0x1315b0fb, 0x0a5c5863, 0x62b8a513, 0xb859130a, 0x2605c76f, 0xf7385513,
    0x829ffba2, 0xe6d22cdd, 0xf7d1d7d2, 0x2803f750, 0x84d245ee, 0xc9962343, 0x408423f7, 0x82005321, 0xfcab22e9, 0x05ba6f1d, 0x6fc0e921, 0x240824b9,
    0x074ed2c8, 0x36fb61f7, 0xa4130a97, 0x940aa8c0, 0x60d94ad8, 0x79f70a8a, 0x40d84cd2, 0xb20a90d5, 0xc826f7c7, 0x335e84c9, 0x0a938042, 0x96004113,
    0xe082130a, 0x3bf80a91, 0x5c15b7fc, 0x2a07946f, 0xe0a560f7, 0x35a4bbba, 0x821e5ffb, 0x61fb2c1d, 0x1e5b2f72, 0xf9608413, 0x6f38042b, 0xdd2f0599,
    0x0a3dbede, 0x38131f37, 0xfd96f718, 0x410a8902, 0xb629075f, 0xca4197f7, 0xf7cc2df7, 0x08638421, 0xd7e0a53c, 0xb815dbf8, 0xb0b9a59e, 0x0ac2bf1b,
    0x56e0aa13, 0xfbd997f7, 0x74770704, 0x1f758888, 0xe7e06513, 0x28d53ef7, 0x39da600a, 0x4d56664d, 0x71131e6f, 0x81d1f7e0, 0xf8f70a9f, 0xc282bffc,
    0xa8e06922, 0x3e215a82, 0x22c285d8, 0x8242d54e, 0xf7b725c2, 0xd8ca4493, 0x94215e84, 0x08c282b8, 0x56389943, 0x130796f7, 0x0a393859, 0x91b85413,
    0xb852130a, 0x155adcf7, 0xbaa49eb7, 0x9cbf1bb1, 0x0dfb3c50, 0xfb18fb47, 0x1f65fb08, 0x56d85813, 0x20d893f7, 0x89737607, 0x131f7688, 0xf7e7b832,
    0x0a28d43e, 0x237e8761, 0x8ffc1af8, 0x38327682, 0x930aa8b8, 0x60d94ed5, 0xcf79f7d2, 0x79f7d150, 0x7a844dd2, 0xe703f727, 0xc959ca9f, 0x087c84d1,
    0x934e493f, 0x8e4c130a, 0x29130a96, 0xf80a916e, 0x1580fb5a, 0x6d563213, 0xa5a39f0a, 0xa6b51baa, 0x6843475f, 0x131f3e4a, 0x07476e94, 0x0ad9aae9,
    0x51681f75, 0xb2a45b05, 0xdb1bce5f, 0x15f7d7c9, 0x2936821f, 0x2c130a4b, 0xfb77f74e, 0xe582899d, 0xe6d2602c, 0xf7d1d8d1, 0x4502f751, 0xe7824ed2,
    0xc556f724, 0x698408f7, 0x82808221, 0x00812169, 0x2c086982, 0x0a918022, 0xedfbd9f7, 0x70781315, 0x9784f7e4, 0xf8c50a79, 0x063e1552, 0x5bfc37fb,
    0x4af74e05, 0xf7c55afb, 0x54d1c25a, 0xfb46f707, 0x21c88235, 0x0f433054, 0xd5932416, 0x886dd842, 0xd84c27dd, 0xf712d53f, 0xdc83e50a, 0xf7c7a825,
    0x84bec826, 0xa0042f77, 0x21f864f7, 0x40111315, 0x76aea4bb, 0x4c70a00a, 0x836a2008, 0xa09032d8, 0xa9e80747, 0x69393b4d, 0x6f5f5b59, 0x1f77b3af,
    0x23e08267, 0xcf5fb0a5, 0x21074b70, 0xe082a020, 0xf7184234, 0x15c6fb96, 0xf7e8715b, 0xfb0ad860, 0x5c2f7261, 0xe171f91f, 0x2c132b0f, 0xfd8af706,
    0x930a8902, 0x958471d5, 0x4d0a2022, 0x0b209182, 0xf72d9184, 0x1ef7cc22, 0xcc45f7ca, 0xf7785513, 0x25908365, 0x0a6db853, 0x6641a2a0, 0x131f2406,
    0x8243b865, 0x131e2391, 0x918378a5, 0x760ad924, 0x8985681f, 0x21086a41, 0x89827855, 0xf7785933, 0x9f7bf729, 0xfcf6f70a, 0x82f715bf, 0x82fb45f7,
    0x41528207, 0x452f0521, 0x4c0779f7, 0xc2ca0a98, 0xcc5845f7, 0x4c076ef9, 0x4f0805b5, 0x47d841d5, 0xf7c844d6, 0x81f7c708, 0x4ad64dd1, 0x12cb57bf,
    0xd157cac6, 0x16f7cc48, 0xbbd371cc, 0xf70ac4d3, 0x9013df04, 0x60f70022, 0xf61586fb, 0xe5ede0cf, 0x1f3db358, 0x000c1613, 0x78580661, 0x94a6afa4,
    0x1f9c9a9d, 0x859d9a80, 0xc8c91b9a, 0x3b086f4c, 0x1d62d1d5, 0x00500013, 0x8f767d93, 0xca0a877a, 0x7977701d, 0x601a5e65, 0x7a9d6e99, 0x21053b51,
    0x77796e00, 0x4c5b8205, 0x04360570, 0x73f80094, 0xb56e6804, 0xb2a8e2e2, 0x63a6b0ae, 0x616e3435, 0x7c831f68, 0x35fc9230, 0xb0695415, 0xab93aac2,
    0x851fa79e, 0x784c99a0, 0xa8220805, 0x65565879, 0x131f5155, 0xf7400140, 0x153bf7d2, 0xb6a6afb3, 0xef8d1fa9, 0x0552921d, 0x80010913, 0x1a830a3f,
    0x05833320, 0x843c8021, 0x6f66200b, 0x4d080575, 0xf8200020, 0xa5154100, 0xa2968f94, 0xfd370a78, 0xb129070e, 0x0e1ecc5a, 0x01dcf1f7, 0x0320fabb,
    0x1542f8bb, 0xdc20fa3a, 0xd56e0e07, 0x01d520f8, 0x03d940f8, 0x15b88ef8, 0x08f820f8, 0xf708fcd5, 0x9cfd3dc6, 0xfa4109fc, 0x0e07d50f, 0x1f8245f9,
    0xda4d2b08, 0xf942fa03, 0xfed51545, 0x12f84107, 0xf8da90fd, 0x06f707a2, 0x391af74e, 0xcebf53cf, 0xfbc73c18, 0x0bfbe531, 0x187c7ec4, 0x328246f7,
    0x32824820, 0x32826020, 0x48f9332d, 0xeafdd515, 0x074ef841, 0x823ffb28, 0x3ae10801, 0x9a2859fb, 0x966ea37a, 0xd41ff778, 0xf0f20ef7, 0xfc0807f7,
    0x24f9dac0, 0xa3b0a407, 0x08b0a1af, 0x156bfb58, 0xf73d0af7, 0xd20afb28, 0x18c4c63f, 0x2cfbd742, 0x08fb04f7, 0x4f0e08d6, 0xd335f7cd, 0xf7d120f7,
    0xc801d247, 0xf903cef9, 0x1583f73b, 0xf843fefc, 0x35fc06fe, 0x9815aef7, 0x99c998c1, 0xcef808ca, 0x06c0fcd2, 0xb091b093, 0x9340ad92, 0x1dfb7318,
    0x6c50fb63, 0x8ac902fb, 0x06d4f818, 0x7279fb74, 0x086e6524, 0x8a7c8080, 0x3e6e1b72, 0x1f3d928b, 0x6c96779a, 0x86d1758d, 0x8daf8ad3, 0x92a58db5,
    0xb6b8a5a4, 0xa706f7a7, 0x60f7b1f7, 0xf7d47f0a, 0x8bf7d01f, 0x5bf701d3, 0xd44af7d8, 0x03d753f7, 0x98f866f9, 0xfb8bfb15, 0x078bf753, 0xd0fb9ff7,
    0xf7d0f715, 0x29fbd329, 0xfb3f7cf7, 0x0815827c, 0xfb42883d, 0xf74afb88, 0x71fb3e71, 0xf74325fb, 0xf9a4fc25, 0x17fdd464, 0x4af75bf8, 0x0e07d0fb,
    0xf7d48cf7, 0xef01d49d, 0xd8b2f7d4, 0x03d7b3f7, 0xd5f7acf8, 0xf79df715, 0x079dfbb3, 0x82161efd, 0x82b22009, 0xf7d83409, 0x46f715e6, 0xfb46fb3e,
    0xd46dfcfb, 0xfbb2f7c9, 0x82f7d8d8, 0x5223082f, 0x0768f8d7, 0xf7cee30e, 0xcdded024, 0x49cd1ef7, 0xf71248f7, 0xd667d600, 0xf7d980f7, 0xda68da82,
    0x8240f513, 0x152f2b51, 0xaef724f7, 0xfd0724fb, 0x0982160f, 0x0982a720, 0x80f3132e, 0xfef780fb, 0xf71ef715, 0x071efb80, 0x2708b482, 0x1efb151e,
    0x1ef782fb, 0x04b3fb07, 0xf7d1f7de, 0x07d1fba2, 0xf740ed13, 0x13073d06, 0x06fb40f3, 0xa2fbcbfb, 0x0738cbf7, 0x00095282, 0xd6fbf2fb, 0xa7f7b5d6,
    0xf7d938fb, 0x63aef738, 0x06d4f7da, 0xf8d14c0e, 0xf801d598, 0xe1f7d530, 0xe5f703d9, 0x75152af9, 0x63c95db3, 0x186f4bb7, 0x4bb85db3, 0xf708629e,
    0x8d156b6a, 0xb1b28cb5, 0x410af71a, 0x650709fb, 0x6188638a, 0x41d6fb1e, 0x7306cef7, 0xfb3c44fb, 0xfb83fb5c, 0xa67e9e2f, 0xf7799773, 0xdb3ef794,
    0xf7a372f7, 0xebf70856, 0xe6fb7d06, 0x6d19fb7c, 0x807f086d, 0x1b77887f, 0x928b4b72, 0x74991f49, 0x758d6b95, 0x8acb87c7, 0x8eb08ead, 0xa6a294a2,
    0xf798bab2, 0x21f89b20, 0xa78c9608, 0x5bfb1e8b, 0x711516fc, 0x56db4fbf, 0x186d4ec5, 0x37c64fbe, 0x0e0857a4, 0x8af7d45f, 0xd46ff7d2, 0xda60f801,
    0xa8aff803, 0xf78af715, 0xcefbd2ce, 0xf7f76ff7, 0x07d7fbd4, 0xba64adba, 0xb94bcf3b, 0xc7614f19, 0xb24cd25f, 0x4bfc195d, 0xfbf6f742, 0x44c8fb6f,
    0x8afbc8f7, 0xfa4224fc, 0x0aee8208, 0xd5edf836, 0x31fab101, 0xf90af903, 0xfb1da43b, 0xb9a00693, 0xbc9bbb9e, 0x4d189d3d, 0xfb2255fb, 0xfb1afb43,
    0xac7e9e00, 0xdf7d9970, 0xc9f1d6d6, 0xf7080af7, 0xfb320699, 0xfb62fbca, 0x2486fb5e, 0x6aa77e9d, 0x3ff77896, 0xf731f7d9, 0xf705f718, 0x43fbdb50,
    0x24fb10f7, 0x974033f7, 0x9daaa29f, 0xd23dfb99, 0x33f71afb, 0xb048f747, 0xa2e0aad8, 0x530e08e8, 0xcd4ef7cf, 0xd36df712, 0xf7d463f7, 0xd092d678,
    0x2af8f813, 0x772a1597, 0xf71fd19c, 0x63f707e4, 0xfffb05cb, 0x0716f8d4, 0x89d278f7, 0x2c8524fb, 0x6319607c, 0x75847a7e, 0x8b5c791b, 0x951f688e,
    0x8d6a927a, 0xbd8aaf78, 0xad90aa8c, 0x9e9ea690, 0x93c5a0be, 0xf78e0df7, 0x18998f4f, 0x807ca257, 0x7cfb8685, 0x86f70543, 0x079cfb42, 0x054b63fb,
    0xfb439af7, 0x4bfb07b0, 0xf7489f53, 0xfb05be37, 0x11fb07cc, 0x28f76bb7, 0x06f2f71e, 0x24f7f413, 0x35f7c0a9, 0x90771f9a, 0x9879976c, 0x7e23fb08,
    0x1b2e6a7c, 0xf7cca30e, 0x57f7d27f, 0x38f801d3, 0xd47bf7d5, 0xfa03dacc, 0x1533f948, 0xc538b061, 0x5a5fb34c, 0xdd61cb18, 0x0864b34e, 0xf7722cfc,
    0xc4f70a67, 0xfb9ff716, 0x413ff7c4, 0xb6fb3ffb, 0xfbb6f743, 0x44f8fb57, 0x24fcf8f7, 0xf824f8d5, 0xfb7f0705, 0x784c7d25, 0x8082087a, 0x1b778a80,
    0x918b4c73, 0x77981f4c, 0x758c6e95, 0x8ac788c9, 0x8dad8da9, 0xa0a092a2, 0xda9aa9a8, 0x085bf79a, 0xa38c968d, 0x3f0e1a8b, 0xd444f9d5, 0xf812b165,
    0xd013d865, 0x90f9d4f9, 0x05867915, 0xf9425efd, 0x44400617, 0x5c2b3d20, 0x0769fc08, 0x76868579, 0x8a741e8a, 0x8e388a3e, 0x6a997797, 0xf008768f,
    0xb1978ccd, 0x9896b21f, 0xf81abea1, 0xb0130744, 0xf7cf10f7, 0xebe3f31c, 0xdca20e08, 0x01da92f8, 0x0305fac7, 0x49f924f7, 0x5df93c15, 0xb1fd07da,
    0x3a15e1fc, 0x07dc05fa, 0xf7d8430e, 0x90f7d4fe, 0x6bf801d4, 0x43fa03d8, 0xfc154cf8, 0xf790f71f, 0x7efdd4d9, 0xfbecf742, 0x4231fc90, 0xe3fb31f8,
    0x85837606, 0x3f287484, 0x978d398b, 0x90689a76, 0x510d7482, 0xb0988ccc, 0x9a97b01f, 0xf71ac1a3, 0x071ff8e3, 0xf7d4620e, 0x6af7d135, 0xd334f7d1,
    0x10fac301, 0xf7bdf703, 0xca99159b, 0xd79ad69a, 0x06eef708, 0x40834e84, 0xb7083d80, 0xa3157bfb, 0xf7a838f7, 0x1bf79869, 0x1d9f9254, 0x9606f0fb,
    0x93c095c3, 0xabf808be, 0x43d1fdd3, 0x70066bf7, 0xfb5f39fb, 0x17fb686e, 0x065af808, 0x54835383, 0xfc085983, 0x10fa42d0, 0xf90e06d4, 0xbd01d406,
    0xfa031cfa, 0x154ff934, 0xb8062ffc, 0x6bad7d9d, 0x19b36fc2, 0x64a37346, 0x68995aa7, 0x4233fc19, 0xfb06eef9, 0xe71543ca, 0x2c03f74c, 0xbbc84cbd,
    0xfbcb5518, 0xc930e504, 0x89f7fb08, 0x293f4f15, 0x9b59333e, 0x986fa77e, 0xf4c4e37c, 0x08e0cee4, 0x20fb97f7, 0x59306a15, 0x4a4e4b40, 0x69d658c8,
    0x187749e0, 0x38c02ab3, 0x3b2348d0, 0xfb561bfb, 0x7b9a6a34, 0x79936aa1, 0xf7b435f7, 0x02f7c31d, 0xf735f5e2, 0x39f7521a, 0x9fa0956b, 0xfb9b9ba9,
    0x18fba434, 0x08d924c0, 0xdfc3ced1, 0x0e08f1b4, 0x011efa42, 0x03d65ef8, 0xd5f95ef8, 0x2cfb8815, 0xfc7afc91, 0xa266fb33, 0x9874a37c, 0xf788f777,
    0x74f7f516, 0xbb5cf7b9, 0xfbf64efb, 0xfb8ef78b, 0xa1a09609, 0xfb9ca0a4, 0x4f31f7f5, 0xf77c36f8, 0x8cc6900b, 0x08af8cbd, 0xd125f90e, 0xd451f701,
    0xf9bcf703, 0xfb4f15d2, 0x2cfb2731, 0x799a2a20, 0x799465a1, 0xb8b1b1b3, 0xfc08bdaf, 0x30f9d4c2, 0xafcfb407, 0x08d4a9d4, 0x2afb5cf8, 0x3cfb6715,
    0x371efb4c, 0xf73b01fb, 0x21f75407, 0x0833f768, 0x81d519f8, 0x4577fc0a, 0x887d06bd, 0xc94bfbb5, 0xfbe433fb, 0x2e361912, 0x00fb4726, 0x9f7d9a63,
    0xf778946f, 0xcdefb902, 0x34d6e7e1, 0x05f747e6, 0xa09e955e, 0xfb999ca6, 0xce2fb405, 0xf7f3e241, 0x42f7da17, 0x0876f7b1, 0xf8cd480e, 0x6df7cf30,
    0x2bf701d0, 0xd66ff7d2, 0x03d5dbf7, 0xd3f97cf7, 0x29fb5d15, 0x3828fb40, 0xa078982b, 0xa7799264, 0xa5b4a7ad, 0xc1fc08b6, 0x0746f9d2, 0xcfa6caa9,
    0xf808cea0, 0x15e0fb4c, 0xf7a1e19e, 0x08e69c01, 0xf7466dfc, 0xfb870608, 0xc9fb7c92, 0x37fb41fb, 0x75a3809f, 0x4af77a99, 0xf7a048f7, 0xa6f791d6,
    0x065af708, 0xfb73287a, 0x08407703, 0x7d0652f7, 0x227ca0fb, 0x80087170, 0x78898080, 0x8b51741b, 0x991f4d91, 0x8c6d9477, 0xc387c875, 0xae8eaa8a,
    0x9f939f8e, 0x99b2aea3, 0xf79c0bf7, 0x0e0a40d5, 0xf701e23f, 0xa3f7d65e, 0x37fa03d5, 0x691523f9, 0x4fcf44b8, 0x186755ba, 0x45d15ac6, 0xfc085eab,
    0x1566f7c3, 0xfb31fb4a, 0xfb2cfb02, 0x7a982a06, 0x799366a1, 0xbcb8b5b9, 0xfc08c3b6, 0x38f9d6cd, 0xb0ccb407, 0x08d1a8ce, 0xc0fbcaf8, 0xfbd18115,
    0xe38165bf, 0xf088ec85, 0x8f064119, 0x93289223, 0x6d86fb2e, 0xf7459518, 0xfbb1a984, 0x63fbdbcc, 0x197f38f7, 0xbfb388bf, 0x7c3ff7a1, 0x7c9d6b92,
    0x07fb8199, 0x8d6e507b, 0xf74a9520, 0x9df76947, 0xc6f70e08, 0xfab201d3, 0xb2f90336, 0x0a8112f8, 0xf843fbfc, 0x505206b1, 0x4a474242, 0xae56ad57,
    0x5656a65c, 0x4802f718, 0xcf2622f7, 0x18c9c449, 0xaa64a46e, 0xe9ebaa60, 0x01f700f7, 0xfb08d9d5, 0x6c15f288, 0x55ca46b5, 0x186156b6, 0x4acd5ec2,
    0x60085fa9, 0x241549f8, 0x4ffb22fb, 0x48fb18fb, 0xa0799f3f, 0xf7799771, 0x2af7d029, 0xf705f7f2, 0xfb04f70b, 0xfb39f707, 0x4e19f705, 0xaaa39f98,
    0x21fb9b9d, 0xf743fbc1, 0x94f62404, 0x94969497, 0x380e0896, 0xf70104fa, 0x9af8da37, 0xe4f803d9, 0x6d1593f8, 0x50eb4acc, 0x186a4cd2, 0x26cb42c5,
    0xfb084ba7, 0x15c6fbaf, 0xfc3ce5f8, 0x645d07dd, 0x1e7f766b, 0x6da17d98, 0xa1a47a91, 0xb4f7a0af, 0x9c851ef7, 0xa188aa81, 0xfb7cf808, 0xd15b15c0,
    0xdd35f32a, 0xa622f7cd, 0xf7994cf7, 0x188f3d81, 0x464efc74, 0xd4fb8bfb, 0x7c9c13fb, 0x7b956aa7, 0xe8c91bf7, 0xdbf5ccda, 0xb32cdd3c, 0xe60e084b,
    0xcd87f8d1, 0xd334f701, 0xf7cf03f7, 0x37f7d260, 0x86f703d3, 0x5c15d9f9, 0xfb3e2efb, 0x9627362c, 0x9263a078, 0xa9b0a97b, 0x08baa7b5, 0xf9d3c3fc,
    0xcca9074a, 0xcea1cfa5, 0x898ff708, 0x326e5815, 0x08753d69, 0x5e079efc, 0x807b7274, 0x9d7f971e, 0x9d7c9170, 0xf799a79a, 0x9988d553, 0x9e8aa787,
    0x185532fb, 0xd0078ff8, 0xc5a5d69e, 0xc8f708a4, 0xc6fb1569, 0xf9d2b7fd, 0xfc37f775, 0x877e0675, 0x5f7e7e86, 0x1e5a8d8a, 0x6c977795, 0xcf08778d,
    0xa5978cb5, 0x9398a61f, 0x0e1ab2a1, 0xf7d4a0f7, 0xf701d46f, 0xfef7d23e, 0xa2f703d5, 0x21f7d5f9, 0xabaeaa0a, 0x08b6a8b2, 0xf9d2bffc, 0xd0b10732,
    0xd4a7d5ac, 0xfcf4f808, 0xa3fb156a, 0x78f76ff7, 0xf778fbd4, 0x53fb4153, 0x980619fb, 0x94ba96b8, 0x189a45ba, 0x6215fb74, 0x395016fb, 0x79aa829e,
    0xb5a68099, 0xc5a0bfa3, 0xfb31f708, 0x42b1fb6f, 0xedfbb1f7, 0xf7edf7d5, 0x640e06a3, 0xd3c7f7d3, 0xd451f701, 0x6d82e6f7, 0xf9bc2408, 0xfb4e15d8,
    0x2dfb262f, 0x9b2a01fb, 0x9265a279, 0xb3b2b479, 0x08bdb0b9, 0xf9d4cdfc, 0xcfb4073b, 0x82a9d2ae, 0xe081097a, 0xd3156efc, 0xa9f7aefb, 0xdf9de507,
    0x54a1cfa0, 0x0efb18c9, 0x636cfb5f, 0x93734dfb, 0x8e6f977a, 0xde94d779, 0x0899db97, 0xbbfb9cfb, 0xfbbbf743, 0x4395fbc7, 0xfbd3eaf8, 0x07c7f79f,
    0x2bfa3e0e, 0x1efabe01, 0xf794f803, 0xbb651521, 0xc245d23d, 0xbf94bc96, 0x9340c392, 0x76fb7218, 0xfb42fb4b, 0x819d231c, 0x7e9874ac, 0xf4c8d7e5,
    0xc718f7b2, 0xab4ec857, 0x45f70861, 0x751517f8, 0xfb4f7dfb, 0x2522fb3e, 0x73ad819c, 0xd3e57e97, 0xf7b2eec7, 0x01fbb714, 0xf707fbd5, 0x9e974a03,
    0x999baaa3, 0x3cd21efb, 0xf76729f7, 0x91b5930c, 0x08b890b5, 0x0cf86efb, 0x3ffb3a15, 0x12fb3afb, 0x9f4a58fb, 0x966da07a, 0xca39f776, 0xebf01ff7,
    0xfbea19f7, 0xfb29f717, 0x5932f701, 0xaaa29e97, 0x3efb9a9c, 0xf736fbb8, 0x10f73504, 0x9b949a95, 0x0e089c93, 0xf7d39df7, 0x9383d00e, 0x989df712,
    0xf7e8d013, 0xb0f7159d, 0x40324a06, 0x6d746f3c, 0x7678746e, 0x97759387, 0xb07b9064, 0xf88fc399, 0x6da1b7a3, 0x73996e9f, 0x5f18b4cd, 0x32f52dd6,
    0x18694cdb, 0x60b568b1, 0x5afc61af, 0xccd31869, 0xddc9dbd1, 0xd348f808, 0xf806c9fd, 0x1587f82f, 0xfb32b013, 0xfb43fb1a, 0x3956fb11, 0x6da57c9c,
    0xa5c57896, 0xacbfa9c2, 0x4ed01308, 0xfcd06ff8, 0xc2e10762, 0xcfc9cbd8, 0x30f72ae9, 0x2ff706fb, 0xa2a0974c, 0x21a482a9, 0xa482c235, 0xe8300228,
    0x99959894, 0xa3829895, 0xf7d1a724, 0x0282d00b, 0xf701ea08, 0xf703d436, 0x0a9cf7a0, 0xaeac7a93, 0xb7aab3ad, 0xd4c2fc08, 0xb20733f9, 0xa8d4aed0,
    0xf8f808d4, 0xd015effb, 0x960711fc, 0x95b397b2, 0xc3f708b3, 0x06b0fbd0, 0xae94ad94, 0x9541aa93, 0x81688318, 0x08658266, 0x704657fb, 0x8064801d,
    0x08648062, 0xf7465cfb, 0x44760647, 0x57784976, 0x06f7f708, 0x4f555960, 0xa16b5458, 0x9e6ca06a, 0xe8185e56, 0x3305f750, 0xc2c252c1, 0x64a67018,
    0xd7ab60ab, 0xc7e9dfdf, 0x18ac58d1, 0xfb05867e, 0xaf9606d3, 0xb597b498, 0xf7400e08, 0xf8d34303, 0xf712d3b8, 0x8af7d54b, 0xf97813d4, 0x1545f945,
    0xcb74b482, 0x7945bd79, 0x9f599e18, 0x08619348, 0x1580b9f7, 0xf843affc, 0xe1fb06af, 0x801575fc, 0x47f76df1, 0x481ff76a, 0xfbaa187c, 0x4bfba81f,
    0xfb082393, 0x1583f96b, 0xad0ae454, 0x09dc82af, 0x1308b8ff, 0xd5c3fcb8, 0xb20737f9, 0xa6d2aecf, 0x781308d4, 0x9cfd18f8, 0x19f7af15, 0xa557f7b4,
    0x993e2df7, 0x29fb7818, 0x6768fb63, 0xfb081afb, 0x02f943f1, 0x470e06d3, 0xd102f8e2, 0xd33ef701, 0xf7d11bf7, 0xf703d161, 0x15d5f99f, 0x3130fb55,
    0x272a2cfb, 0x639f7b99, 0xb1ae7a93, 0xbbabb7ae, 0xd3c1fc08, 0xb00738f9, 0xa5d2abd0, 0x84f708d3, 0xad153dfd, 0x9a39b24e, 0x18a0c559, 0xdc63bc7a,
    0xfb08c768, 0x15c5f74c, 0xcf0770f7, 0xcf97d094, 0x90318f99, 0x083c9335, 0x1545abf7, 0x0765fbd1, 0xe685de83, 0x9bcfea88, 0x9dc19cca, 0xfb18c64c,
    0x53fb6200, 0x723cfb64, 0x8a188a8c, 0x640642fd, 0x847a7d73, 0x987c961e, 0x9c798e6d, 0xf796a797, 0x9989bf4a, 0x9d8ca88a, 0x186821fb, 0x79f701f8,
    0xa1fba807, 0xf74afbc5, 0xb2088900, 0x2af7b6ad, 0x917d1f9f, 0x987e9e70, 0x7f832e08, 0x541b7858, 0x28f75f8e, 0x086bf772, 0x44f2400e, 0xd291f7d2,
    0x12d26ff7, 0xf7d54af7, 0x7c13d5f0, 0x3bf952f9, 0x65b67c15, 0x48be69cf, 0x58ac1872, 0x609844af, 0xf7ebfb08, 0xfb53154a, 0x29fb2f2c, 0x7a992b28,
    0x7b9263a1, 0xb3adadad, 0x1308b7aa, 0xd5c0fcbc, 0xb20734f9, 0xa6d3afd0, 0x7c1308d4, 0xa3fdd4f7, 0xf791f715, 0x80fbd280, 0x9ef76ff7, 0x44effcd2,
    0x6ffb9bf7, 0xf7447afb, 0xfb91fb7a, 0x17f944b5, 0x00f71d9c, 0xd318f8cf, 0xd237f701, 0x03d3eef7, 0xd5f992f7, 0xa80adff7, 0xa6b2a8ad, 0xbdfc08b5,
    0x0738f9d2, 0xd3aacfad, 0xf908d2a3, 0x158cfb07, 0xf7befbd3, 0x59fb4359, 0xf743acfb, 0xfb4e077f, 0x3cfb233d, 0x9c3301fb, 0x9871a37e, 0xebebf47a,
    0xf7cb38f7, 0xe8fb0841, 0xf74737fb, 0xd347fb37, 0x35f747f7, 0xf735fbcf, 0xfbc807ef, 0x3cfbeb42, 0x9f982bf4, 0x989da5a4, 0x24e200fb, 0xf7503af7,
    0x28f9823b, 0xcd4cf7d7, 0xf7cd67f7, 0x08858220, 0xf7d44492, 0x40f7d20c, 0xd418f7d0, 0xf9a1f703, 0xfb5815d8, 0x28fb3629, 0x7b972a30, 0x7a9264a1,
    0xb3abaeab, 0xfc08b9a8, 0x44f9d4ca, 0xa9ccad07, 0x08cea4d0, 0xf4fba6f7, 0xfb67fb15, 0x0767f740, 0xa9fb85f7, 0xfbebf715, 0xd230fccc, 0x9bf807d0,
    0xfc15bff8, 0x6df843ff, 0x770616fd, 0x8a768684, 0x428a751e, 0x968e3b8a, 0x8e699876, 0xcdec0876, 0x1fb0978d, 0xa19997ae, 0x16f91ac0, 0xf70e07d4,
    0x2bf7d13a, 0xd223f7d0, 0xd54af701, 0x03d6d3f7, 0xd5f9b3f7, 0x25096d41, 0x9262a17b, 0x9243ad7a, 0xc0ae0806, 0x0733f9d5, 0xd4afd0b2, 0xf808d3a6,
    0x1567fbec, 0x0734fcd2, 0xb89eb79f, 0x9e44b99b, 0x26fb5a18, 0x3124fb3a, 0xa87f9c2e, 0xbd7e9772, 0xb6d3bcc3, 0xfdd008db, 0x86f7d637, 0xfbd1bff7,
    0xf72bf7bf, 0xb1fbd0b1, 0xf70e1d36, 0x28f7cab2, 0x47cfedca, 0xf71242f7, 0xd0f4d243, 0x47d441f7, 0xd24cf7d4, 0xf780ed13, 0x15dbf9ab, 0x2a2bfb51,
    0x2c2629fb, 0x64a07b99, 0xb0b07a92, 0xbcaeb7b1, 0xd2dbfc08, 0xb20746f9, 0xa7d2afce, 0xfcd208d1, 0x28f71568, 0x072446f7, 0x8a7c8b7c, 0x96f71e7c,
    0xfb1528f7, 0x074dfb28, 0x9a8b9a8c, 0x07f21a9a, 0xa08293f7, 0xfba6f730, 0xb4f7ed93, 0x07b4fbcf, 0xf580dd13, 0x61820742, 0xfb21a40a, 0xa8f747a8,
    0xfb8bfb29, 0xee1307a6, 0x0686f780, 0x567c5484, 0xb0565d6b, 0xbf6db760, 0xb018774d, 0xc655bc4b, 0x49615c5f, 0x9b722969, 0x936ca07c, 0xd3aaf37b,
    0xf1bcbdb5, 0x6411f74e, 0x957621f7, 0x9ba89da1, 0x9c22fb9b, 0x27ad12fb, 0xc5b308c2, 0xd093cc9d, 0xd2460e08, 0xf7d07ef8, 0xd181952a, 0xd124f712,
    0xeccd6ef8, 0xf7de13d1, 0x15d7f96b, 0x4c26fb64, 0x2d3e24fb, 0x639e7898, 0xaaa47b90, 0xb2a2aea2, 0xd1c0fc08, 0xa5074ef9, 0x9ecba2ca, 0x229c08cd,
    0x6d06f515, 0xfb5a32fb, 0x9c294129, 0x9774a780, 0xafc9b77f, 0x08e5aadb, 0x397f1d2e, 0x48724079, 0xa766a36f, 0x5964a06d, 0xb570ad18, 0x5d6da969,
    0x433f4d27, 0xa07e9c5e, 0xf7799471, 0xf7f3f62d, 0xd1f7ac62, 0x490a3760, 0x97bb991d, 0x08be95be, 0xfbd13cf7, 0xee1306ed, 0x154f5bf8, 0xcdbffc49,
    0x2ef9ec06, 0x07bcfd15, 0x7b1dcf7b, 0x518d8b56, 0x9576951f, 0x08778f6b, 0x0a69bcd8, 0x1ab9a097, 0x0e07bcf9, 0x6bf9cb41, 0x23f701c3, 0xdac7e4c9,
    0xdbc9dac4, 0x03cae1c7, 0x61f9f6f7, 0xfc6bf715, 0xfdf8c9c5, 0xfffce5fb, 0x29fb06c7, 0x65153ef9, 0xfb4c2dfb, 0x9825412c, 0x91679f7a, 0xa3b0a57a,
    0x08b9a3b5, 0xf9c9c2fc, 0xcba3074d, 0xcd9dcda2, 0xfb70f708, 0xfb52153e, 0x0cfb06e5, 0xfb19fb79, 0x961e2f2b, 0x9275a082, 0x36f7087e, 0x32f7a4ec,
    0x801a19f7, 0xbb1565fb, 0xa443c257, 0x18afbb5e, 0xd052b670, 0xf708bd5c, 0x15f7f88b, 0xc7e7fc4f, 0x3df9e106, 0x07c6fd15, 0x617f0a50, 0x1f5b8c8b,
    0xa8947893, 0x8db2ce1d, 0xa21fa497, 0xb39e9596, 0x07c6f91a, 0xc590f70e, 0xc5f2c2f2, 0xf701cede, 0x0ef7d237, 0xd443f7d1, 0x03d436f7, 0xd5f997f7,
    0x2bfb5a15, 0x3329fb39, 0xa17a982a, 0xa6799365, 0xa4afa7ab, 0xb5fc08b2, 0x072ef9d2, 0xd7abd1b0, 0xec08d6a5, 0xf2158afc, 0x075943f7, 0x8a788b7a,
    0x42fb1e7a, 0xf71599f7, 0x43fb2443, 0xf22ef806, 0x36fb2415, 0x36f707f2, 0xfb1599fb, 0x9c8d0638, 0x1a9c9e8b, 0x0736f7bd, 0x1535fbd4, 0x7ffb0df8,
    0xcea1f7de, 0xf748f9fc, 0x89fb38a3, 0x82f70dfc, 0x78578207, 0x535f635a, 0x6ab25eab, 0x18734cbc, 0x5cbc52af, 0x6a5c66c5, 0x76327049, 0x6e9f7c9a,
    0xa7ed7a95, 0xb4bfaed3, 0x17f758f4, 0x7d29f76d, 0xa99da195, 0x26fb9c9b, 0xa313fb95, 0xb808b624, 0x95c7a0c1, 0xf70e08ca, 0x10f7cfae, 0x824bf7cd,
    0x43bf08d1, 0xd11bf7d2, 0xf7d526f7, 0xf703d52b, 0x15d6f9aa, 0x2b2bfb52, 0x2c2828fb, 0x64a07a98, 0xb0af7b93, 0xbbadb6b0, 0xd2cefc08, 0xb2073bf9,
    0xa8d2adcc, 0x31f208d3, 0xfb07f815, 0x0607fc4b, 0x96fb88f8, 0xacfbcf15, 0x75f710f7, 0x97fcd0f7, 0x6cf7d0fb, 0xb6fb10fb, 0x078bf747, 0x28212148,
    0x7d9c5824, 0x799870a1, 0xefefc3ec, 0x0802f7d1, 0xf7d5cafb, 0xfbcf07cd, 0xe423eb01, 0xa39e9851, 0x2b989ba6, 0x49f026bf, 0x650e08f4, 0xc932f7c9,
    0xc8dac8df, 0xf701cadb, 0x15f7d040, 0xcd0bf8cc, 0xf93af903, 0xae7d1557, 0xb56ec06d, 0xa418714c, 0x9852aa62, 0xf4fb0868, 0x58152ff7, 0xfb392bfb,
    0x822a3129, 0x926727a6, 0xacb1ab7b, 0xa682a9b6, 0xd0d44d09, 0xab074cf9, 0xa2cea8ca, 0x79f808ce, 0xfb150bfd, 0xf70bfc32, 0xfb4a0732, 0xb2cc1597,
    0xcd670bf8, 0x8efcd2f7, 0x15df9906, 0xfcc876f8, 0x76f80676, 0xfc1520f7, 0x76f84e76, 0xf7befc06, 0xf94c1560, 0x0e07ca0d, 0x01c92ef9, 0xdbd230f7,
    0x82f703cb, 0x5b15d3f9, 0xfb3b2ffb, 0x9728352c, 0x92639f78, 0xabb2ab7a, 0x08bca8b7, 0xf9d2c2fc, 0xcba90746, 0xcea1cea6, 0x6ffd8c08, 0x73f8cb15,
    0xa1f8064b, 0x546815f6, 0x65515c5a, 0xbc5cb54f, 0xf708bc6d, 0x1d20ccde, 0x9b06adfb, 0x98ab9aa8, 0x189c47aa, 0x24422062, 0x819c483b, 0x7f9775a7,
    0xadaaa7a9, 0x61a8b0a6, 0x65bc61b2, 0x6f31613c, 0x7e987a30, 0x7a92709a, 0xabeca1ee, 0xcc08bce0, 0xe869db62, 0x9e9d9375, 0x379999a7, 0x4da5419c,
    0xc8c1d8ad, 0x08e6b2d3, 0x3afc1afb, 0xfb444915, 0x12fb5318, 0x9a7e9a6e, 0xf77c9477, 0x19f7ae1a, 0x08ddd6ca, 0x0ff72cfb, 0x27565615, 0x9a70325d,
    0x95789c80, 0xf0abea7d, 0x08cac8be, 0x4afb18f7, 0xfb253115, 0x5dfb4b49, 0x9b7a9a6f, 0xf7799372, 0x4ef7b067, 0x0af7eed2, 0xca420e08, 0xf7ca4ff8,
    0xf701cd3f, 0xcee9d129, 0x92f7cbef, 0x75f703cc, 0xca08fb82, 0x452dfb62, 0x263c2cfb, 0x649f7a98, 0xada47b92, 0xb6a3b1a4, 0xd1b3fc08, 0xa70740f9,
    0x9ed0a4cd, 0x82f708cf, 0x76153bfb, 0x17fb5c23, 0x7d94394a, 0x7b92719a, 0xa49ca39e, 0xfc08a89c, 0xbff8cb3b, 0x9bbc9f07, 0x08bb97be, 0x1590a3f7,
    0xfb1ffb4a, 0x65f74c65, 0x7e063efc, 0xc3f78886, 0x9478940a, 0x08798e70, 0x968cb2cb, 0x96a41fa4, 0x1ab19e93, 0xcae03ef8, 0xfb230736, 0xc17815e2,
    0xcb67e060, 0xae187357, 0x9e34b44a, 0xf8760854, 0xac7f15eb, 0xae79b677, 0x98187a4a, 0x97679b6f, 0xbcfb086d, 0xfb06d7fb, 0x49fb861b, 0x1e16fb4f,
    0x78a8859c, 0xcc087f97, 0xf7941df7, 0x1a23f75f, 0xcef895f7, 0xce6a1d53, 0xe2ce51f7, 0x826af7cf, 0x37f808dc, 0xd136f7d2, 0x03d4def7, 0x69f932fa,
    0x068bfb15, 0xbb7cad86, 0x7f48b17c, 0x97699518, 0x086a9162, 0xf84993fb, 0x0ffc06d4, 0x81154cfb, 0x6ed372b9, 0x18794ec0, 0x44a454a6, 0xfb085b93,
    0xf711f86b, 0x7a970a32, 0x7a9365a1, 0xb1a9aca9, 0xfc08b4a7, 0x31f9d2bf, 0xaed1b207, 0x08d6a6d7, 0xe2fc61f8, 0xfb51fb15, 0x0751f7de, 0x15bffb45,
    0xdef7b6d1, 0xfff7d463, 0xf8066dfc, 0x152ff704, 0xd3a9c1a6, 0x9d44c8a3, 0x694f7918, 0x08506e35, 0xf94712fc, 0x0e06cf19, 0xc2ddcb5c, 0xc2e0c1e1,
    0xcce8c5df, 0xd036f701, 0xf7ce2cf7, 0x1ff7d41b, 0x9ef703d0, 0x5715d7f9, 0xfb352bfb, 0x972a2f28, 0x9265a179, 0xa8aca87a, 0x08b3a6af, 0xf9d0bbfc,
    0xd2b3072b, 0xd8a7daae, 0x5ffd1d64, 0x39eff715, 0xf706effb, 0x1589f8ef, 0xdfeffb37, 0xfbeff707, 0xeffb1574, 0x06eff7e0, 0x1ffbeffb, 0x35201f82,
    0x59081f82, 0x1dfb34f8, 0xfbc3f815, 0xa6930788, 0xac93ac92, 0xccacf708, 0xa4f79ffb, 0x866a840a, 0x0870846a, 0xc3fc40fb, 0x2ff94b2c, 0x440e06cb,
    0xf7a96dc6, 0x2af7c638, 0xf7cacfc6, 0xf712c907, 0x04f7d244, 0xdfc797d0, 0xcbbee3be, 0x13c75ed4, 0xaef7f07e, 0x5215d5f9, 0xf72e2cfb, 0x9a820a64,
    0xaead5f08, 0xb8abb5ae, 0xd2c4fc08, 0xb30732f9, 0xa8d5aecf, 0x7bf808d4, 0x1d5425fb, 0x303d1307, 0x07f72efc, 0xfb77f806, 0x84f71546, 0x7f0775fb,
    0x76b777ac, 0x187a49ad, 0x679c6f9a, 0xfb086d96, 0x0660fb8f, 0xfb852efb, 0x39fb4778, 0xaa849a1e, 0xd07e9674, 0xf79a36f7, 0x36f78d7a, 0xfbeef708,
    0x46828fa9, 0xe7e87030, 0xfb062afb, 0x2af7167b, 0x072afbe3, 0x088273fb, 0x0882df20, 0xeaf73609, 0xfc1565f7, 0xc77ffc7a, 0xfbdf73f7, 0x5af7be5a,
    0xbe56fbe3, 0xfbe756f7, 0x1e1dc52c, 0x8b728a82, 0x13088c6d, 0x7b920880, 0xb60a8495, 0x9e968da8, 0x90969f1f, 0x0e1aa99c, 0x73f7ccac, 0xf7a571cc,
    0xcc4bcf51, 0xd02ff712, 0xd2b9cdd8, 0x90f7cdb6, 0xcf1304f7, 0xf980f7c0, 0xfb5b15d3, 0x2bfb3b2d, 0x79972835, 0x7b92629f, 0xb8acb1ab, 0xfc08bca8,
    0x45f9d0c6, 0xa7cca907, 0x08cea1cf, 0x7dfbb1f8, 0x16fb7d15, 0x6403fb75, 0x78f1652d, 0xf17f04f7, 0x928d918d, 0xfb08918d, 0x1575fc48, 0x73f734fb,
    0x42f81d3d, 0xcc1596f7, 0x9b077dfb, 0x95c897c6, 0x189648c8, 0x6234fb74, 0x244831fb, 0x7f968592, 0x20087f94, 0xc0d71306, 0x15f751f7, 0xf715fbcf,
    0x4afb444a, 0xf7471efb, 0xfb51fb1e, 0xcd36fc04, 0x0776f7cc, 0xf7c0af13, 0x819207f3, 0x858f8392, 0xa99ba59c, 0x2e99ac9a, 0x32b12aa2, 0x494c395d,
    0x7f995a35, 0x7e9471a3, 0xc6c6bbd7, 0x45b1d3ba, 0x5dcd4dbd, 0xa29e9408, 0x439999a5, 0x64cc57b8, 0x03f7c2d6, 0x9f1bf7aa, 0x0e083af7, 0xe9d28df7,
    0xf79c7ad0, 0x09f18302, 0xd2e4d3b4, 0xf7d55af7, 0xbf13d45e, 0xc6f9ccf9, 0x64647515, 0xc6666c51, 0xacab1874, 0xbaadbdb4, 0xfb93fc08, 0x6ef8155a,
    0xf7d413fb, 0xf7a7fb54, 0x49fb4149, 0xc3060cfb, 0x61af79a9, 0x19b266c0, 0x65ad6d4d, 0x679e55b2, 0xfb1efb19, 0x1306d254, 0x5768f8df, 0xd0bf1315,
    0x13075afc, 0xfb0746df, 0x1534f83b, 0x402afb5e, 0x28392bfb, 0x63a07897, 0xafa77992, 0xb8a5b4a8, 0xd3bcfc08, 0xa80746f9, 0x9fcda5cc, 0x20f908ce,
    0xd215c6fc, 0xf7442dfd, 0x3c5c076b, 0x75774454, 0x78796f73, 0x75948977, 0x7b906498, 0x91b797a8, 0x9db333f8, 0x956e9c6e, 0x18b0ce75, 0xf33ece69,
    0x6b4dd84a, 0xaa6aa618, 0xfb64a564, 0xc2186bf3, 0xb9d6c2c8, 0x3f0e08d5, 0xc43ef8c9, 0xc5dcc4ef, 0xd236f712, 0xf7ce12f7, 0xce78c844, 0x13d007f7,
    0x9df780fd, 0x930aebf7, 0xa9aba879, 0x08b3a6b1, 0xf9d2b7fc, 0xd1b2072a, 0xd7a7d8ae, 0x86fbe608, 0x80fe1315, 0x870644f7, 0xf2f7806f, 0x766c760a,
    0x4efb0875, 0xa0a5a406, 0x08a69fa7, 0x82fbe8f7, 0x0653fb15, 0xae93af9d, 0x1d76a88d, 0x5cfba906, 0x426a5c15, 0xf70ad9f7, 0xfb6af7bc, 0xada80668,
    0xb0a1b3a8, 0xfb0a3f5f, 0x9f960649, 0x9e959e97, 0x61189845, 0xfb213d37, 0x819b3e02, 0x7b9576a1, 0x999c999e, 0xfb089b9c, 0x072ef72e, 0x6243615d,
    0x7f996922, 0x7e93769e, 0xaecda8e4, 0x7e9aafbc, 0x7a977b9a, 0x0ffb4f48, 0x976e2a4d, 0x95759e80, 0xf7abe27c, 0xc8d4ca05, 0x937a9508, 0x3b789177,
    0x3f25fb3b, 0x9a660ffb, 0x95739d7f, 0xce82087b, 0xb0f63209, 0xe1d011f7, 0x804c94d9, 0x8ff77655, 0xb61fa40a, 0x69f599b4, 0x9c929bf4, 0xae939b93,
    0x2cc900fb, 0x0acf59db, 0xe14eb43d, 0xa0b2eb6a, 0xa1ada0b1, 0xd3510e08, 0xd8eaf701, 0xf7d62cf7, 0xf903d18a, 0x6015994c, 0x1faf9184, 0xf7070ff8,
    0x6ba39510, 0x739a6d9f, 0x56b8cd19, 0xf701fbda, 0x19ec3c1a, 0x58b3664f, 0x51b650ba, 0x6b6dfc19, 0xf7e4e9e3, 0x12f7d80b, 0x42a63b19, 0x05fb1efb,
    0x676923fb, 0x73656919, 0x94867473, 0x8f669875, 0xa994a27b, 0x981ff790, 0x6277fb7e, 0x8ffb19fb, 0x9f7d9b46, 0xf777946e, 0xf7bcdda4, 0x98f79b30,
    0x18982cf7, 0x310709fc, 0x1ee772a4, 0xa0e61d31, 0x9445f7bb, 0x6c91761f, 0x08997997, 0x848632fb, 0x0e1b5f70, 0x20f8d250, 0xd263f7d3, 0xd6dbf801,
    0x03d077f7, 0x8af9ebf9, 0x4454fd15, 0xfb0654f9, 0x1537fd2a, 0xad928364, 0xf7f7f71f, 0xfffdd3ad, 0x0791f743, 0x664ffb7c, 0x69fb30fb, 0xa07e9c3a,
    0xf7799470, 0xf7bbe87a, 0x6af79e43, 0xfb4ff708, 0xa33606f8, 0x361ee471, 0xba9fe21d, 0x1f933ef7, 0x986b9177, 0x2a6a827a, 0x7185862d, 0x410e1b63,
    0x821cf8d0, 0xd5602267, 0x086982bf, 0xf903cf73, 0x15b3f9ae, 0xfb553b6e, 0xc9486001, 0xcbb71872, 0xe1b4f2c1, 0xfbb0fc08, 0xce791578, 0xd758f157,
    0xbd187248, 0x9d22bd3d, 0x54f8084a, 0x65159cfc, 0x1fac9283, 0xb0f7f4f7, 0xf82ffcd2, 0x0ffc410f, 0xf74426fc, 0xfb7b079e, 0x21fb6651, 0x9b457dfb,
    0x936ca17d, 0xdd8df779, 0x9e37f7bd, 0xf7086ef7, 0x06f5fb4c, 0xe373a437, 0xdf1d4f1e, 0x35f7b69f, 0x20908494, 0x0890827b, 0x84862384, 0x0e1b6472,
    0x97f7d248, 0xce34f7cf, 0x01d002f7, 0xf7d24bf7, 0xd5acd562, 0xd1cbd6f5, 0xf892f703, 0x81f8157f, 0x81fc34fb, 0xfb49f806, 0x836115db, 0xf71fa890,
    0xf749f775, 0xf7b4fbbb, 0xd021f802, 0x41ef21fc, 0x4618fc27, 0x02fb18f8, 0xbbfba9fb, 0x77072ff7, 0x325720fb, 0x9a5e6ffb, 0x926ca07b, 0xc585f776,
    0xa304f7ca, 0x1d6840f7, 0x3a0675fb, 0x1ee873a3, 0xa1df1d42, 0x942af7b0, 0x6b90761f, 0x87827a97, 0x87149108, 0x1b627885, 0x09fa450e, 0x27fab801,
    0xf9bdf703, 0x5ecc1583, 0x4eb653be, 0xfbaefb4b, 0xfb5efb10, 0x9f07fb73, 0x986dad7d, 0xf75df77b, 0xf713f70a, 0x98f7d74b, 0x5cfb02f7, 0xf77afbd0,
    0x9013fb78, 0x99b49da1, 0xf7dffb9e, 0x0af8a95a, 0x77f7d1fb, 0xcf5a0e08, 0xf7cd37f7, 0xf801ce2f, 0xf703d762, 0x8a6af85e, 0xe7f4d41d, 0xfbe9f0dc,
    0xf737ef00, 0x8e084102, 0x07cc1548, 0x74b172b0, 0xa19673b2, 0x9b9ea4a1, 0xfbe036fb, 0x0ffbf227, 0x949123f7, 0x34080183, 0x2718a949, 0x4afb31fb,
    0x49fb26fb, 0xa17a9e38, 0xb2779673, 0xb1a1b39f, 0xf74a08a5, 0xfb2ffb9b, 0x95f74995, 0x12fc37fb, 0xcfe1f947, 0x37f717fc, 0xfbcda1f7, 0x26ff82a1,
    0xd4c0f70e, 0x82d446f7, 0xdea50878, 0xf977f703, 0x57b315b0, 0x5c9d42b5, 0x7918afcc, 0x61d160b9, 0x17f908be, 0xd415a3fc, 0x8c0719fc, 0x9e9d8c9e,
    0xf70ef71a, 0x5afbd4e1, 0xb3c1af07, 0x3cc6accf, 0x4c7118a7, 0x4f64355e, 0x4268fc08, 0x0dfbdef7, 0x798a7806, 0xfc1e778a, 0x09f84218, 0x2c206b06,
    0x9efb05fb, 0xa27c9f30, 0xf77a966b, 0x01f7e493, 0xf7b807f7, 0x2dfbdd07, 0x01fb17f7, 0x955845f7, 0x9daaa3a1, 0xb84afb9c, 0x00f71cfb, 0x0826f740,
    0xc74cf70e, 0xc7e0cbea, 0xf701cbe3, 0x1df7d3f6, 0xd31cf7d3, 0xf73ef803, 0xf7ea1588, 0xfb072c1d, 0x2a09821d, 0x2d361df7, 0x047df71d, 0x82331df7,
    0xedb00807, 0xfb36154f, 0xf707e01c, 0x1588fb1c, 0x38ea1cfb, 0x2ffbd31d, 0xef2ff715, 0x25f727cb, 0xf7e364fb, 0x6cfbcbb7, 0xabaca907, 0x3cb2a7b4,
    0x617418a4, 0x63675362, 0x06a6fb08, 0xae749eb2, 0xae62bd5c, 0xae6d4919, 0xa261b26a, 0x7afb1969, 0x33aaf74b, 0xf74f66fb, 0xbafb3666, 0x2cbaf74b,
    0xf74f6ffb, 0x3e460647, 0x672b4220, 0x72a17d9c, 0xb3e77995, 0xdbd4d2ed, 0xd365fb08, 0x1df799f7, 0xf7d399fb, 0x39d70770, 0x62e940f5, 0xa6a29e95,
    0xae2a999b, 0x41d104fb, 0x400e08d5, 0xd4e5f8d6, 0xf7d4f112, 0xd542d5b4, 0x13d4b5f7, 0xf918faec, 0xfefb152e, 0x0805725b, 0x7cfdfee9, 0x0633f9d4,
    0xb4f7f413, 0x17fb8506, 0xfb39fb67, 0x9c09fb70, 0x9670a47e, 0xda1af77b, 0xebb0e8d3, 0x25ef35e7, 0xbbc848be, 0xfbd54e18, 0x2809f70e, 0x90b896e2,
    0x08b48db7, 0xcefcb6f7, 0x85857906, 0x761e8a79, 0x458b478a, 0x9677968e, 0x08778e68, 0x988bc9e4, 0x97ad1fae, 0x1abba396, 0xf7c94f0e, 0xcdf6d022,
    0x96cc13f7, 0xd04655f7, 0xf9d4dd12, 0xf713d644, 0x16f8caf7, 0x94b29515, 0x08b895b6, 0xfccc5df8, 0xb093064f, 0xad92b093, 0x75189240, 0xfb6809fb,
    0x082c7035, 0x7706a3f8, 0x367658fb, 0x8108726e, 0x74897e81, 0x8c47721b, 0x981f4792, 0x8d6e9477, 0xcb87cc76, 0xb18eab89, 0xa192a38c, 0xa2b1b1a2,
    0x8bf7a2ee, 0x3afb0a6d, 0xfc1541fb, 0xc6f846c6, 0xf9d3fc06, 0xfb131512, 0x07d455fb, 0x10f7f713, 0x820744f9, 0xd610210c, 0x54080c83, 0xf70e0755,
    0x83f7d49c, 0x12a96dd6, 0xf7d4e6f7, 0x51f7d547, 0xf7bc13d6, 0x1501f9ab, 0xcb40ba69, 0x5a56b84e, 0xd35cc918, 0x085ead46, 0xb7fc08fb, 0xcee7c415,
    0xf6be10f7, 0x5318b851, 0xfb3f05fb, 0x083e5618, 0xa3f704f9, 0xf7dc1315, 0xfb51f783, 0x4efc0783, 0x20098216, 0x08098247, 0xcef7d599, 0x414df715,
    0x90fb4dfb, 0xcbd457fc, 0xe8fb47f7, 0xf7e8f7d5, 0xf8d65051, 0x420e0752, 0xcfe3f7d1, 0x01d07ff7, 0x03d4f0f8, 0xcbf894f7, 0x4cc77015, 0x4fd055eb,
    0x42c0186a, 0x4da42ac8, 0xbefc3b08, 0xc5e8ba15, 0xf7b612f7, 0x18b14f00, 0x4b07fb5d, 0x3d5d19fb, 0xf706f808, 0x406e1581, 0x50512d55, 0x77a6809b,
    0xcec77c9a, 0xe1b0efc7, 0xf334f808, 0x76fbcf15, 0xfb422af7, 0x0742fb2a, 0xdcaed0ad, 0xf808e0ab, 0x19fcd030, 0x97b39906, 0x3db395b3, 0x5d80189e,
    0x827d5b7d, 0x4d5c08cb, 0x701d3a46, 0x7e4d713f, 0x7a5e7672, 0x9485786c, 0x8f669777, 0x9594087b, 0x1bbe91ac, 0xd0fb32f7, 0x0a867d06, 0x8c8b597d,
    0x77951f55, 0x768e6d95, 0x8cbad408, 0xa81fa997, 0xb79f9497, 0x07d0f71a, 0x1501fbd1, 0x24c740bd, 0xacce4ea7, 0x4cc76f18, 0x08d558ee, 0xf7cf850e,
    0x18f7cd1b, 0xcc260282, 0xd102f801, 0xda8265f7, 0xf8934608, 0xc47115d2, 0xcf59e84d, 0xbd186d49, 0xa52bc644, 0xfc500851, 0xeaba15cb, 0xb513f7c1,
    0xaf4903f7, 0x09fb5e18, 0x5e1cfb4d, 0x14f8083b, 0xf71553f7, 0xfb1bfb65, 0x65f70665, 0xfb1523f8, 0xf718f765, 0xdefb0665, 0x2d098604, 0xe1fbc5f7,
    0xf77cfb15, 0xcd53f71b, 0x1c8253fb, 0xfbcd5423, 0x0a068254, 0xfbcc686d, 0xabc90689, 0xc46ab17d, 0x4c19b86c, 0xac5fa76e, 0x19639950, 0xa20678fb,
    0x9cbea1bc, 0x189d47bf, 0x372dfb58, 0x2d2828fb, 0x70a67f9c, 0xafad7d96, 0xbaa9b5ad, 0xd1dafc08, 0x0796f8d2, 0xf7d4790e, 0xf712d4f0, 0xd867db00,
    0xf7db79f7, 0xdb62db7f, 0xc0f9ea13, 0xfb15e8f7, 0xf7a6fbb1, 0xdc1307f0, 0xebf7cff7, 0xfba2fb3b, 0x3bfcf77f, 0x79fbfcfb, 0xfb3ea1f7, 0xfbc6f7ea,
    0xea1306f0, 0xb1f7a2fb, 0xf9fafb3b, 0xf8db5254, 0x750e0633, 0xf8cdb7cf, 0xad69d0cd, 0xf7d4e712, 0xc1f7d4bf, 0xf8ee13d4, 0x1521f864, 0x49234925,
    0x4eb06346, 0xe0bad018, 0x08c6dfc7, 0x7f0732fb, 0x5b0a33f7, 0x9477958d, 0x0a5ef770, 0x9e9396a7, 0x52f71ab3, 0xe145de07, 0xba54b937, 0xb66618be,
    0xc547c84a, 0xd1c8bfc0, 0xab4dcabc, 0x51556818, 0x7a555841, 0x7b977b99, 0x071d5a98, 0xbbe9de13, 0xced3d0f0, 0x59ee1308, 0x05877ab1, 0xf846bcfc,
    0x5f52066e, 0x6e4b5c41, 0x43fb4708, 0x53b26e15, 0x5bb757c7, 0x5fbd1864, 0x62a84ac3, 0xf780f808, 0xcefc157c, 0xcbf835fd, 0xf90ffd42, 0xf9d4547e,
    0x4c0e0749, 0xd414f8ce, 0xda6ef901, 0xf855f703, 0xe5df1561, 0xbe09f7d7, 0xa13c13f7, 0x2cfb5118, 0xfb1efb26, 0x7d9e350b, 0x7c996faa, 0xa3a6a1a5,
    0x4608a6a4, 0x740754f7, 0xfb543cfb, 0x3c7ffb32, 0x6da17d9b, 0x8ff77894, 0x47f7cde7, 0x0859f7a6, 0x7f06a3f7, 0x297d8cfb, 0x81087272, 0x76888080,
    0x8c4f731b, 0x991f4a91, 0x8c6c9476, 0xc987c975, 0xae8eac8a, 0xa193a08d, 0x98b1ada4, 0xf79906f7, 0xfb0aebc3, 0x15def761, 0xf727fbd1, 0xf334fb0b,
    0xa59f9930, 0x239a9fa7, 0xf70cfbd9, 0x1bf74d2a, 0xd24c0e08, 0x01d232f9, 0xf7d336f7, 0x62f7d4f0, 0x7ef703d6, 0xf71557f7, 0x5df707c1, 0xfbce7eb6,
    0xf7056350, 0x8afb437b, 0x6f17fb07, 0x0af74898, 0xa4fb05a4, 0x74716307, 0x981e8179, 0x916a9b7c, 0xab9c9f7a, 0xf681f79d, 0xa9859a86, 0x83089e89,
    0x44156cf8, 0x850735f7, 0xfb7bb3fb, 0xfb8cfba3, 0xa37f9f1d, 0xf7789670, 0xa12df797, 0xf792b6f7, 0x62f708ca, 0x56fc7e06, 0x6b3afb7d, 0x807c0867,
    0x1b788881, 0x908b5675, 0x76981f51, 0x748c6b94, 0x82c289c0, 0xad9c09c2, 0xa195a08f, 0x96bfb3a8, 0xf8993df7, 0x958c088f, 0x1a8baa8b, 0x45d43f0e,
    0x4bf712d4, 0xcaa0f7d6, 0x0cf7d2c4, 0xf8bc13d4, 0x153af98d, 0xc54bb26e, 0x6359b257, 0xca62bf18, 0x5564a74e, 0x8415281d, 0x67cffbd1, 0x86e08205,
    0x401ae8e4, 0x912d8c06, 0xfb32952f, 0x93187934, 0x9e34f745, 0xa208fb9b, 0x1933a822, 0x4e3c4347, 0x7d9b5d34, 0x7b966ea5, 0xc2d1b8d6, 0x1308cbcb,
    0xba05fb7c, 0x1bd047c7, 0xf7b7a6cf, 0x771f992b, 0x7a9c7191, 0x08fb089b, 0x725e8085, 0xca5d621b, 0xd01f65f4, 0xb8eac7de, 0xa04400f7, 0x5f386a18,
    0x7747563f, 0x7ee178d2, 0x49f808e8, 0x441578f7, 0x06d2b5fc, 0x18f90cf7, 0xfdbc1315, 0x847907b9, 0x7a1e7a86, 0x4c8a528a, 0x9676958d, 0x08778f6b,
    0x988dbde1, 0x97a91faa, 0x1abca097, 0x0e07b9f9, 0xcc4fd242, 0xf7c72bf7, 0x9c7acd55, 0xd325f712, 0x8dd46df7, 0xf7d2cecd, 0x7613d40f, 0x8ea9f7c0,
    0x92825815, 0xfcf71fb0, 0x83076df7, 0x5b810dfb, 0x83087c80, 0x7e8a8383, 0x8b697c1b, 0x941f678f, 0x8d719279, 0xb188b377, 0xa48c9f8c, 0x9a919c8e,
    0x94a4a29c, 0x40f795ce, 0xfefb0a93, 0x34063efc, 0x1eeb75a9, 0x13064df7, 0xa1e3c06d, 0x941ef7b1, 0x6e8f771f, 0x08967a97, 0x848609fb, 0xfb1b5d76,
    0x15d4f91c, 0x2215fb56, 0x12fb1dfb, 0xa57f9b31, 0xed7d9771, 0xcaefe0d7, 0x36da00f7, 0x48b824e1, 0x5b18bcc0, 0x03f727d2, 0x9a92df39, 0x9a919892,
    0x2dddf708, 0xbb20e582, 0x0f37e582, 0x131520f9, 0xb3fdc0b6, 0x85837907, 0x781e8a79, 0x458a4c8a, 0x8277968e, 0x788f09e7, 0x8dc28ae8, 0xaa0897ab,
    0xbd9f9997, 0x07b3f91a, 0xf8cc480e, 0xd39fcfe6, 0xd65ef712, 0xf7d6c2f7, 0xbc13d454, 0x54f9c7f7, 0x66af7a15, 0x52b46ac3, 0x60aa186b, 0x659c51b0,
    0xfc48f708, 0x9a7e1539, 0xaf69b168, 0xadaea6a9, 0xb558abab, 0x696f7818, 0x7f6d6f63, 0x81977f99, 0x078d0895, 0xd0bcfc13, 0xd8aad9b7, 0x1d9ba960,
    0xf747b2fb, 0xfb4e068d, 0xfb00fb13, 0x98402717, 0x92659f7f, 0xb5acb477, 0x08bab4b5, 0xf8d617fc, 0x5bb20722, 0x6c9f51b8, 0xf8bc1308, 0x15cbf8ae,
    0x47438bfc, 0xdcfb801d, 0xfb7efb62, 0x9c1efb49, 0x966ea97d, 0xf750f77c, 0x86f7b933, 0x08f9f79b, 0x7e0654f7, 0xfb7e5efc, 0x08666a3d, 0x87817f7d,
    0x55741b78, 0x1f4d908c, 0x6d937799, 0x87c3768c, 0x8fac8ac3, 0x94a08fae, 0xbdb2a9a1, 0x9941f798, 0x0e0895f8, 0x6cf8d53e, 0x9af701cf, 0xd396f7d3,
    0x03d540f7, 0x65f9e2f7, 0xca9ace15, 0x549fbd9d, 0x622e18c4, 0xfb6942fb, 0x7b947526, 0x798e7296, 0x95cd94c9, 0xfb0897cc, 0x4765fb3d, 0x5a0756f7,
    0xfb3410fb, 0x983f3b1e, 0x946c9e79, 0xd1cfcf77, 0xf7bf05f7, 0x43fc0806, 0x071ef8d3, 0x4bcb5cbe, 0xc8b66aa9, 0xfba56e18, 0xae5eed06, 0x53f7d408,
    0x0753fbcf, 0x49f7def7, 0xb7fc4315, 0x40f706d3, 0xfd151af9, 0x837807af, 0x781e7985, 0x458b4c8a, 0x9676978d, 0x08778f69, 0x968dc3e6, 0x98aa1fac,
    0x1abea299, 0x8207aef9, 0x4ca208a3, 0xd0b3f7cd, 0xf7ce03f7, 0xeb12cd54, 0xf7d2d3d0, 0xd551d304, 0xf7d309f7, 0xbf13d41f, 0xf838f860, 0x93fb15aa,
    0x93f754f7, 0x15cdd306, 0xd9fb20fc, 0xfb0620f8, 0x1503fb52, 0xa78ca78e, 0x4408a98d, 0x896d8a06, 0x0870896e, 0x514641fb, 0x1dfb791d, 0xfb02fb5e,
    0x7f9c4a12, 0x799472a0, 0xbdd921f7, 0xf7a013f7, 0x7e130836, 0x821d35e0, 0x43814efb, 0x8208797c, 0x7b898382, 0x8c657b1b, 0x971f608f, 0x8d6e9277,
    0xb689b775, 0xa58ea38a, 0x9b939d8d, 0x95a9a49f, 0x84f796e3, 0xa28c9608, 0x50f71e8b, 0xd482fcf7, 0xd482b920, 0x1ef91f23, 0x24928215, 0x7907b0fd,
    0x08d78284, 0x518a79df, 0x968e488a, 0x8e699776, 0xbfe40877, 0x1faa998c, 0xa19897a9, 0xb0f91abc, 0xd4540e07, 0x49cd7df7, 0xadf741f7, 0x12cd5eb8,
    0xf7d2bbf7, 0x12f7d1a6, 0xf8cf13d4, 0x158ff702, 0xfbcd5bf7, 0xaf13065b, 0x130744f6, 0x57fb20cf, 0xfb57f749, 0x7c34073c, 0x814e7c3a, 0xf718469b,
    0x51f7a417, 0xad45f7af, 0x4618cc86, 0x477e447e, 0xb8fb087e, 0x1d99f6f8, 0x63446b06, 0x7a777c4d, 0x7b7a7c73, 0x97789488, 0xa37b8f68, 0xf78faf96,
    0x749aa9cb, 0x7a937597, 0x6e18b0c4, 0x53e549c4, 0x186b56ce, 0x69a56da3, 0x93fb68a3, 0xc0b31875, 0xcdadceb4, 0xcda2f708, 0x130693fc, 0x7610f9d7,
    0xedfc4515, 0x12f706d1, 0xfd1533f9, 0x877a07a1, 0x1e8a7a87, 0x8b548a7a, 0x77968d51, 0x788e6998, 0x8dc0d308, 0x08ce8297, 0xa296965f, 0xa0f91aba,
    0xd7420e07, 0x6df7cc8a, 0xf4cfefcf, 0xcabb12cf, 0x15f7cf7a, 0xcf1ef7d2, 0xd3f6d1f6, 0xf7e07b13, 0x1505f9fe, 0xfbcf5ef7, 0x4420f75e, 0x062120fb,
    0xb095ad96, 0x1308ae94, 0x9945e07d, 0x27682b77, 0x9d19485e, 0x9a7eac85, 0x9ca79c82, 0x6eb29baf, 0x87fb221d, 0x2787f747, 0x083c8206, 0xfb59fb59,
    0xabf7cfef, 0xfbfb15f7, 0xf7fbf7d2, 0x0660fb1e, 0x600a4681, 0x9478958c, 0x08778e71, 0x968cb1c2, 0x97a41fa2, 0x1aad9e90, 0x62fba5f7, 0xcf85f7ef,
    0xf80785fb, 0xd276f713, 0x0af9f60a, 0xe0bb1315, 0x7a07b5fd, 0x537a1db3, 0x1f508d8b, 0x69957495, 0xd508768f, 0x82988dc2, 0x969826bf, 0xf91abca1,
    0x08bf82b4, 0xcc45d2ef, 0xefc62af7, 0xe4cbedc5, 0x0bf712cf, 0xd371f7d2, 0xf7d00df7, 0xf742d418, 0xc07f131f, 0x5ef752f7, 0x71f7ef15, 0x94f70727,
    0x71fb2904, 0xb9f707ed, 0x00fc15cb, 0xf7d2e6fc, 0xfb71f76b, 0x7c1da019, 0x79950acd, 0x788f6f95, 0x8bb6cf08, 0xa61fa797, 0xb19e9497, 0xc084131a,
    0x1593d6f7, 0x7a87867c, 0x8a7c1e8a, 0x8d4e8b55, 0x6c977796, 0x8ad7778f, 0x97ab8dbd, 0x9597a908, 0xf81ab89f, 0xfb0742a1, 0x46156d18, 0x06d02afc,
    0x15d1f8b1, 0xbcacb4a8, 0xa53db9a6, 0x655b7518, 0x085b6949, 0xbc06befb, 0x61b2789e, 0x19b564c6, 0x63ad7147, 0x649d55b2, 0x4789fb19, 0x0bfa0a9d,
    0x420e06cf, 0xf7c54dd3, 0xc9dbcaba, 0xc9e5c6e7, 0xd100f712, 0x5fd4cff7, 0x6cf744d2, 0x00f7d145, 0x307f13d3, 0xdef846f7, 0x2fcff715, 0xf706cffb,
    0xcff70485, 0x08088231, 0xb9fbc179, 0x9aa59b15, 0x08a598a7, 0x01f8b6f7, 0x01fc5efc, 0x3f6606e9, 0x5546394b, 0x76a18198, 0xaab27e96, 0xb6adb2b0,
    0x5a06db08, 0x3e2c3d2c, 0x9e809c5a, 0xde7d9778, 0x05f7e1c9, 0x0800f7bc, 0xfb6406cf, 0x10fb450f, 0x819d4c39, 0x7c987a9f, 0x507e1308, 0xf7d6d6df,
    0x1bf7b222, 0x7c06cd08, 0x407b50fb, 0x0df77776, 0x8b657c0a, 0x951f618f, 0x8c71927a, 0xb589b578, 0x828da18a, 0xb0440a2a, 0x919c8da5, 0xaaa99f9c,
    0xf79de49c, 0xf70a8381, 0xd209f825, 0xf900f70a, 0xbf13151b, 0x72b4fd30, 0x8a557b0a, 0x951f4f8d, 0x8f6b9576, 0xbb8add77, 0x0898aa8d, 0xa09798a7,
    0xb4f91aba, 0xc5470e07, 0xb1c846f7, 0xb3ba5bc0, 0x8afb93f7, 0xc6b8c7b8, 0x12c6bfbc, 0xf7ca1ef7, 0x05f7ca6e, 0xcd12f7cc, 0xfb28f749, 0x4c00ff1e,
    0xd7130080, 0xf7fef962, 0xa7fd1579, 0x06d7f74e, 0x54362569, 0x976f82fb, 0x916d9c7c, 0xb19cf779, 0xf7b2d5eb, 0xc9f7081c, 0x7e207f06, 0x087c795c,
    0x8a808283, 0x4f761b76, 0x1f4f928b, 0x71937897, 0x87c7778d, 0x8ca88bc5, 0x909e8dac, 0xa5a69e9f, 0xf79bcb9b, 0x32fd082d, 0xc7156bf7, 0x074f6ef7,
    0x500438f7, 0x07c66efb, 0x15bcadf7, 0xf5fbecfb, 0x6ef7eaca, 0xc0f70667, 0x8badb90a, 0xa01f9f94, 0xa9979194, 0x9828131a, 0xaef705f7, 0xcc93fb15,
    0xf70793f7, 0x4915a654, 0xd806c8fb, 0x678a800a, 0x938d628b, 0x8f77937b, 0xf7c3087a, 0x98920a37, 0x2efb1aad, 0x9f1529f8, 0x9eaaa0a4, 0x189b41a9,
    0x61706e7e, 0xfb086c75, 0x96b106b9, 0xb170a580, 0x4819a773, 0xa172a07a, 0x19719868, 0x065076fb, 0xf9840013, 0x0e06c6f6, 0xd28ad251, 0x83d481f8,
    0x57f712d3, 0xf7d446d3, 0xf743d327, 0xf7d14574, 0x6613d556, 0xf97ef8c0, 0x71fb151d, 0x8cc48c06, 0x421ac6c5, 0x518b5006, 0xfb1e528a, 0x13064220,
    0x1ef740a9, 0x8efb8306, 0xfb71fb6d, 0x9d17fb10, 0x9673a680, 0xf71bf77b, 0x83f7ad26, 0x08a0f794, 0x84062bf7, 0xfb8213fc, 0x846f741c, 0x7b88817d,
    0x6079088c, 0x1f5d8f8b, 0x6b927698, 0x88b7758d, 0x8fa68bb9, 0xc0a61308, 0x949d8ea9, 0xb6aaa59d, 0x9325f792, 0x13084ef8, 0x2cf7c056, 0xf815a4fc,
    0xfc56f7c2, 0x9cfb07c2, 0xfd150af9, 0xf7d4d19a, 0xf9d54956, 0x4e0e0793, 0xcf4ff8cf, 0xcedcd29d, 0xd41af912, 0x23f7d448, 0xf8d613d4, 0x1587f971,
    0xf84814fc, 0xfcae0614, 0xd17815ec, 0x6509f75f, 0x187a4de4, 0x559f5c9f, 0x81fb589d, 0xe5b21859, 0xa502f7b0, 0x72f708f4, 0x4749fccf, 0xf908b982,
    0x6108fb72, 0x6a7d09fb, 0x707e667b, 0x7893877b, 0x7c8e6897, 0x8c8b8c08, 0x871e8c8c, 0xaf99a207, 0xc9a8f796, 0x74917292, 0x13087990, 0xf8a8f7f6,
    0xd18d15b0, 0x1ad2d38c, 0x8b440642, 0x1e458843, 0x064422fb, 0x1ff7fa13, 0x77fb7f06, 0xfb63fb63, 0x9e10fb1b, 0x9872a580, 0xf726f779, 0x76f7b520,
    0x688af799, 0xfb80061d, 0x17fb7df6, 0x7e816e71, 0x8c7a8880, 0x8b577508, 0x981f5390, 0x8d6d9376, 0xc188c075, 0xab8eaa8a, 0xa0939e8f, 0x97b7ada5,
    0xf89821f7, 0x8c95082d, 0x0e1e8ba6, 0x6bf7c84d, 0x53c9cacd, 0xcd96f7cd, 0xf712cb4b, 0xb6f7cf6d, 0xf7d050d0, 0xc3ccd105, 0xcec0e613, 0x1d8f76f8,
    0x073305a5, 0x7e878780, 0x8c8b607f, 0x78941e5d, 0x798f7194, 0x8db38acc, 0xa60895a4, 0xb19c9296, 0xb807ef1a, 0xb893b993, 0xea130894, 0x5fcb87c0,
    0x60835e84, 0xf7e11984, 0x41820715, 0x82fbcd21, 0xc0ea3206, 0xfb2a47ec, 0x2af7492a, 0x814d072a, 0x845e8352, 0x091a8208, 0xf7e9f8ea, 0xa98d1550,
    0xad8cad8c, 0x8a064608, 0x896a8a68, 0x26fb086d, 0xd713064b, 0x0620f760, 0x6a856787, 0x9d6d6d82, 0x9b709c6e, 0xab185864, 0xac75ad79, 0x60597076,
    0x996d4865, 0x93779d80, 0x0685087b, 0x75877287, 0xfb087486, 0xbff749d4, 0x31206006, 0x6168fb3c, 0x6f9d7b9a, 0x84f77792, 0xb9f0edc1, 0xf7081df7,
    0xfb7d06c7, 0x75517b15, 0x81830879, 0x1b758980, 0x918c4a74, 0x78981f4a, 0x768c6f94, 0x8ac887cb, 0x8dae8dab, 0x9fa191a0, 0xd59ea9aa, 0x5348f79c,
    0x0605fc0a, 0xa28fa290, 0x5308a38f, 0xb7abcd06, 0xb9bfaab5, 0xa86db46c, 0x18c6b372, 0xac5da36c, 0xb399ab58, 0xbe90b994, 0xfb1d2808, 0xfb928a5e,
    0xc21bef10, 0x93eda6a1, 0x74907a1f, 0x08967b97, 0x7585884a, 0x8a601b7a, 0x9001f78a, 0x0e086cf7, 0xf701d451, 0x7af7d866, 0xd4b6f7d9, 0xf9cff703,
    0xfb4e15d8, 0x28fb252d, 0x7b9a2c21, 0x7b9464a4, 0xb8b1b0b3, 0xfc08bcb0, 0x49f9d8d5, 0xaec9b107, 0x08cfa7ce, 0xb2fd9df7, 0x96815b15, 0x78f71fc2,
    0xe814f707, 0x07f70ef7, 0x4213f7e6, 0x204618bb, 0x3823292c, 0x3d32f808, 0x4b076dfc, 0x4b64495f, 0xa37c9e6c, 0xb97c9771, 0xb9a6baa2, 0x40fb08a9,
    0xa703fb07, 0x701eef6d, 0xcba1f41d, 0x1f954ef7, 0x9b6c9075, 0xfb089a77, 0x6084833e, 0x7c0e1b56, 0xd00ff7d3, 0x01d357f8, 0x5af7d4ed, 0xd33ef7d4,
    0x03ce42f7, 0x15c43ff7, 0x5af717f9, 0x92fb8607, 0xfb35fb7d, 0x7f9c3024, 0x799571a0, 0xa0f235f7, 0xf79148f7, 0x3ef708ab, 0x380631fc, 0x1ed973a0,
    0xd30607f7, 0x2bf7b59e, 0x91761f93, 0x987a976e, 0x8718fb08, 0x1b6c7487, 0x866c0628, 0xf81fac90, 0xd383f731, 0xa7fdcdfd, 0x07d3daf9, 0xf9d25c0e,
    0xef01d243, 0x8908f882, 0xf915a341, 0xd282f943, 0xd1fdcbfd, 0x07d2e4f9, 0x0ff70bfb, 0x3acb5615, 0xd3dd32db, 0xc2e3ccdc, 0x18a746e8, 0x384f375b,
    0xd33b4047, 0xc83fd436, 0xd9185f57, 0xdc40e04b, 0x2c353740, 0x9d512a3f, 0x986ea77f, 0xe7c7e87d, 0xe2e2dfd9, 0xbd3ad839, 0xf10e084d, 0xf6caead0,
    0x01caf4c7, 0xf7d42bf7, 0x8cf7d680, 0x74f703d6, 0xf615ddf7, 0x072080f7, 0xa4f780fb, 0x2280f715, 0xf80680fb, 0x8cfb16c3, 0x068cf7f4, 0xfb04a4fb,
    0x0882f68c, 0x35f73409, 0xfc159dfb, 0xd7f7ea2d, 0x3bfb22f8, 0xafb5aa06, 0x3cbaa8bf, 0x597318a6, 0x5b684562, 0x0685fb08, 0xb477a0b4, 0xb861c85d,
    0xaf6d4d19, 0xa152b262, 0x4cfb1963, 0xc9f722fc, 0x4627fc2c, 0x46fb27f8, 0xf846f7d6, 0xdb0e062d, 0xca06f7d7, 0xf7ce0ef7, 0xd073cc25, 0xcb05f712,
    0x79f7d1eb, 0xd264f7d2, 0xf780f713, 0x15a2f7eb, 0xfbca39f7, 0xf70ef739, 0x54fbce54, 0x45f725f7, 0x06bffbcc, 0xab96a997, 0x9a46aa94, 0x5d287118,
    0x9c4b4f2c, 0x9777a882, 0xa7aea87f, 0x08bba3b6, 0xfb25fbdd, 0x73f74873, 0x2b0604fc, 0xc7f7057b, 0x07d1fb4b, 0x43987e3c, 0xf7a216f7, 0x44f7ac50,
    0xcf8719ab, 0x7f49804b, 0x1319814b, 0xd7f880ef, 0xfb153af9, 0xd2e8fdf2, 0x64f7a3f9, 0x7c06a9fc, 0x1e7d8787, 0x8b5d8a7c, 0x75968d58, 0x768e6996,
    0x8cbacd08, 0xa91fa698, 0xb6a29199, 0xcc3f0e1a, 0xe8c698f7, 0xf3c6e8c3, 0x1af701cf, 0xf7d4e5d4, 0x40f7d33f, 0x09f803d6, 0x5e155cf7, 0x50404948,
    0xa9809d59, 0xc3809a77, 0xbedfd0c1, 0xf74308d3, 0x33f81575, 0x0633fc2e, 0x850486f7, 0xf82c0b08, 0x1564fb7e, 0xb4fbfcf7, 0x9aa49907, 0x35a69aa6,
    0x71821898, 0x6d7c677d, 0xfb57fb08, 0xfb88f7fc, 0x7b1daa87, 0x587c1e8a, 0x1f518c8b, 0x70967894, 0xd708778e, 0xa9978bbc, 0x9396a91f, 0xf71ab29e,
    0x39df0788, 0xda4ac715, 0xc955b033, 0xbe6318b3, 0xc950e03b, 0xf84bf708, 0xb9fd15db, 0xfb06aefb, 0x6afb822c, 0x1e2cfb34, 0x79aa849e, 0xe7087f99,
    0xf79833f7, 0x1a34f780, 0x70f96af7, 0x6bf80e07, 0xd53bf7d2, 0xd7a1f701, 0xf9edf703, 0xa2f71559, 0x74387906, 0x084c772f, 0x630696f7, 0x264812fb,
    0x1cfb3d35, 0xf7350bf7, 0x61f7573b, 0xfb94f808, 0xfb1da403, 0xd69d0654, 0xd79be5a1, 0x41f9fc08, 0x063843f7, 0xfb7a46fb, 0xfb68fb8d, 0x7e9b1e5b,
    0x78966da6, 0x37f740f7, 0x9b54f7c3, 0xfbc03ef7, 0x08fbd31f, 0x4f3630ec, 0x7327612b, 0x6d9f7b99, 0xabf67794, 0xcce3b9f0, 0x5deb4edc, 0x086d07f7,
    0xaaa1a096, 0x00fb9c9b, 0x3db42ea4, 0xdaecf3c1, 0xf7b618f7, 0xf90e0844, 0xb201d244, 0xf8032bfa, 0x7115f268, 0x5acf61c2, 0x11f7bcd3, 0x9c2af7ad,
    0xa45c44f7, 0x44d8fb0a, 0x7b06c5f7, 0x227209fb, 0xd5552c6a, 0xcc54d451, 0xcb186254, 0xc530ce40, 0x1cfb5134, 0x4931223c, 0x6ea27f9e, 0xd0e27a97,
    0xf7c6ecd7, 0xab4fb111, 0x085d9f53, 0x0ff942f8, 0x35fb7115, 0x4c1cfb5c, 0xf75603fb, 0x1ff76808, 0x082df776, 0x20d5aaf7, 0x44fdfb1d, 0xfba806a3,
    0x37fbb44d, 0x4619fbcb, 0x2b413628, 0xa17d9d5c, 0xe778956d, 0xcfcfdcbe, 0xd133c2e4, 0x9757e244, 0x9da8a29e, 0x43bc3099, 0x08e854d6, 0xc81ef7e2,
    0xf7a748f7, 0xf80e087a, 0x2ff7d362, 0x41f701ca, 0x84f903d6, 0x641562f8, 0x2e4a06fb, 0xd63b423b, 0xf762e950, 0x2ef80803, 0xfc0a7cd6, 0x062ff7ac,
    0xf7956bf7, 0x33f7a484, 0x18c64fb8, 0xfb6223fb, 0x72fb739c, 0x9dfb0880, 0x8130fb07, 0xfb236bfb, 0x839d1e2c, 0x7d9975ab, 0x9e2df7f3, 0xf78d75f7,
    0x06ce0838, 0xcb18fbb8, 0x35e301fb, 0x5d254933, 0x7b996f21, 0x77946c9e, 0xf6ad04f7, 0xe2d3e7bd, 0xf759f446, 0x9e956b12, 0x999caa9f, 0x26a70efb,
    0x08ca36b8, 0xf7daeaf0, 0x37f7b610, 0xfdf70e08, 0x01d3f5d3, 0x0332faae, 0x3df9eef9, 0x51af6f15, 0x52b760c9, 0x5db61867, 0x65a64cc3, 0xabfb5208,
    0x563a6715, 0x47534b46, 0x65d155c4, 0xfff708da, 0xfb1da4d7, 0xad9706e3, 0xaf96af97, 0x0656f808, 0xfc05d38c, 0xcf9b0643, 0xd896d398, 0x82189738,
    0x783f7d3a, 0x48fb0843, 0xa8bfa506, 0x3dcb9cce, 0x3f79189a, 0x777f3a66, 0x7d807580, 0x7a93877d, 0x7b906697, 0xad949608, 0x351bca91, 0x63fb491d,
    0x37fb02fb, 0x03fb4afb, 0x70a57e9d, 0x15f77a96, 0xd0f1e9db, 0x40b30ff7, 0x54c64abd, 0x61274f36, 0x7b987324, 0x78936e9d, 0xf4a903f7, 0x08cde7b9,
    0x01f748e4, 0x6f13f75b, 0xa99fa095, 0x0efb9a9b, 0x34b522a2, 0xced8e1c6, 0x12f7b4ee, 0x2f08cf82, 0x24f7cbca, 0x89d1d2cc, 0x0af712cf, 0xd43bf7d3,
    0x52f7dc13, 0xf715caf7, 0x0617fb3b, 0x82538250, 0xf7088357, 0x58cdf83b, 0x653bfb1d, 0x0460fb1d, 0x89081882, 0x063bfb24, 0x7dfbdcf7, 0x37cb8715,
    0xa7f8057d, 0x58fccfd4, 0xd8fcce47, 0x71887007, 0x9b887587, 0x9adf1842, 0x00f79df5, 0x4ffb089f, 0x075cf7d4, 0x36f82413, 0x7415a5f8, 0xfb6227fb,
    0x00fb5415, 0x6a03f758, 0xf77416f7, 0x97f70823, 0xfefb0a5c, 0xa806bb45, 0xfbb443fb, 0x14fbca30, 0x42442c50, 0x7e9c5b3e, 0x7896739f, 0xcecebed4,
    0x3abddfc5, 0x5bd64ac8, 0xa5a29d97, 0xba3b999c, 0xe258d14a, 0x1cf7d808, 0xa63ff7c1, 0xbf826af7, 0xcda51209, 0x01cddef7, 0xf7d5f0f7, 0xf703d42f,
    0x1503f8f0, 0xf7c2f7d5, 0xd4c1fb2f, 0xa9f7c1f7, 0x06fcfbcd, 0xb971aa7d, 0x7943ad74, 0x9e6f9e18, 0x086e9867, 0xf7492dfc, 0xe9f706a6, 0x53c8153b,
    0x55af38d4, 0x6818b1c5, 0x4bdb42be, 0x9cfc08c3, 0x436e1591, 0x5b544559, 0x78a7829c, 0xbfc17f98, 0xdbacdbc3, 0xfb35f808, 0x485715e4, 0x61355644,
    0xc146b637, 0xf808cc58, 0x0a81d171, 0xdc4905fd, 0xd13dc006, 0xfb56e04a, 0x14fb5f03, 0x7a16fb6e, 0x6c9c7b98, 0x22f77892, 0xaf21f7a2, 0xf7c40ff7,
    0x1ff7510a, 0x772ff765, 0xf79c9f94, 0xda400aaf, 0xf7d23ff7, 0x26f7d378, 0x35f712d5, 0xd499f7d3, 0x3fd746f7, 0xfe135bf7, 0x6ef882f8, 0xfb78fb15,
    0x0778f799, 0xbffbe2f7, 0xfc07f815, 0xd357fc2a, 0xfd1307db, 0xe3f85bf9, 0x4109fe15, 0xf9fe1306, 0x0629fd42, 0x75848476, 0x8a741e8a, 0x8f3b8a39,
    0x669a7697, 0xed087690, 0xb3998bd0, 0x9896b11f, 0xf91ac0a6, 0x0e33822a, 0x060ff7e9, 0xf7d3750e, 0xf701d271, 0x77f8d64a, 0x78f903d9, 0xfb15a3f7,
    0xf777fc71, 0xfb400771, 0xc1d615ef, 0xd95777f8, 0x10fd34f8, 0xf734f806, 0x60bb15eb, 0x57b957be, 0x187292fc, 0xf2e4dee3, 0x4200f7da, 0xfb3d18ac,
    0xfb08fb10, 0x6a6b6712, 0x7575716a, 0x98779387, 0xb27b8e66, 0xf88dc599, 0x6ca4abcf, 0x719a6ea0, 0x5718b8ca, 0xf707fbde, 0x08e02a0e, 0xf7d2760e,
    0x56f7d29c, 0xa2f701d3, 0xd74ff8d4, 0xf7a6f903, 0x9cfb15ce, 0x9cf74ffc, 0xf7e4f807, 0xfcd3159d, 0xc49e0781, 0xc599c49a, 0x7e18993e, 0x774d7a4d,
    0xbbfb084d, 0x06a0f743, 0x2b34fb4c, 0x21fb25fb, 0xa27c9a2b, 0xd37a9670, 0xbfcac8bf, 0x11fc08d0, 0x4ff8c4d4, 0x5ef8d757, 0xaf07aefc, 0xa5cca9c8,
    0x680e08cf, 0xd046f7ce, 0x01cd17f8, 0xf8d561f7, 0xf903d849, 0x1566f760, 0x49fc46fb, 0x410746f7, 0xd515b7fb, 0x6049f8b9, 0xfcf9f7d8, 0x11f706e0,
    0xf81517f8, 0x4f590605, 0x5c3f5447, 0xbf4cb843, 0xf808c35b, 0x0a81da51, 0xa10604fc, 0x9da99fa7, 0x18a444a9, 0xfb0ffb45, 0xfb04fb0d, 0x7e9c4711,
    0x7d976fa7, 0xb5c1acc1, 0x56b9bbbe, 0x5fc95bc3, 0xfb4715fb, 0x18fb5925, 0x9c7b986f, 0xf777916c, 0x2ff7ad24, 0xd91ef7c4, 0xf7401d41, 0x25f75222,
    0x9f9f966a, 0xfb9c9caa, 0x1cfba61e, 0xca08fbbc, 0xdae1ceee, 0x0e08e7c5, 0x63f7d078, 0xd00cf7cd, 0xf7129d79, 0xa674d65a, 0x13d860f8, 0xf775f9ea,
    0x63fb1595, 0x63f764fc, 0xe0fb4007, 0xf8c3d615, 0xf8d85764, 0x06fcfc1e, 0xf7dae613, 0xc3e01551, 0xd6cccdda, 0x4cdb3bd6, 0xfb0855e3, 0x15dbf77d,
    0xfb26d613, 0xfb4bfb2e, 0x4051fb18, 0x6f9f7aa0, 0xa2bf7798, 0xa9bda7be, 0x58e61308, 0x07cf89f8, 0x6fc16abe, 0xa2966fc4, 0x9b9ea7a0, 0xfbce33fb,
    0x09fbdd1f, 0x9a9610f7, 0x9b959996, 0xd43d0e08, 0xf7cb16f7, 0xccf3ca51, 0xe601d2f3, 0xd01df7d3, 0xf7d19af7, 0xf903d41d, 0x150ef80b, 0x9afb51fb,
    0xf70751f7, 0x1591fbe0, 0x25fcd0f7, 0xd3d018fc, 0xf815f807, 0x8cfc1579, 0x068cf84a, 0x84f731f7, 0xfdc8fd15, 0xadf9d3f4, 0x4dfd37f9, 0x85857b06,
    0x7a1e8a79, 0x4c8b518a, 0x9777978d, 0x08768e6b, 0x978dbde1, 0x98a91faa, 0x1ab9a196, 0xf7cf730e, 0xddf7d077, 0x92f701cf, 0xd750f8d4, 0xb7dbf703,
    0xf877f715, 0x0777fb50, 0x15bcf7d7, 0xf70621fc, 0x24f7e33a, 0xf7dd0ff7, 0x0a2b5933, 0xa406f6fb, 0x9ea8a0a7, 0x189d38a7, 0x05fb2c4f, 0x35fb03fb,
    0xa3809b3d, 0xe97a966f, 0xcbc5dabc, 0x06f808c9, 0x34345006, 0x5d4e283f, 0x56bd49b3, 0x186053af, 0x5bc668bc, 0x08fb63b7, 0x5f14fb4d, 0x9a7110fb,
    0x916b9c7b, 0xc398c277, 0x089ec29b, 0xbfd4ddfb, 0xd75750f8, 0xd0710e07, 0xf7d17ff7, 0x0ff7d322, 0x2df701c9, 0xf8d5dfd7, 0xf903d831, 0x15aaf7b4,
    0x31fc7ffb, 0x41077ff7, 0xd515f8fb, 0x5931f8bf, 0xfc3cf8d8, 0xf73706c8, 0x0ff7156a, 0x9a78f707, 0xf7a691f7, 0xc64db53f, 0x652dfb18, 0xfb6fa9fb,
    0xfb087c80, 0x2efb0795, 0x2069fb81, 0x9d1e2bfb, 0x9871a982, 0x06f7087b, 0xf79d36f7, 0x1a3af785, 0x06d366f9, 0xf7d73f0e, 0x57f7ce18, 0xd318f7ce,
    0xf7d4f101, 0x8ff7cf17, 0xd51bf7d0, 0xf805f903, 0x57fb151e, 0x57f78ffb, 0xfbd4f707, 0xddf7159a, 0x24fc18fc, 0xf807d2cf, 0x15a9f8a5, 0xa40652fc,
    0xa1c4a5bb, 0x189b30c0, 0x4671587e, 0xfb085572, 0xd479fda5, 0x22f931f9, 0x7806cefc, 0x8a761de2, 0x8e438b46, 0x68977796, 0xe508768f, 0xaf978cc8,
    0x9697ae1f, 0x0e1abca4, 0xf7d33bf7, 0x33f7d45f, 0xd3da01d3, 0xf7d416f7, 0x55f7d70c, 0xadf703d6, 0xfc1536f9, 0xf816fb47, 0x5ff70747, 0xa7fb15d3,
    0xd8d324fd, 0xf8065ff7, 0x15f0f7e4, 0x39f720fc, 0xa20ff706, 0xebab19f7, 0x18c54db1, 0x29fb6636, 0x7318fb65, 0x079bfb08, 0xfb8029fb, 0x23fb205f,
    0xab829c1e, 0xf77c9873, 0xa025f701, 0xf78d6bf7, 0x55f70830, 0xf8d699fc, 0x0e1d4499, 0x4af7cf83, 0xf7d1f5d0, 0xf712d11e, 0xd4b9d531, 0x53d44ef8,
    0xf9fe13d5, 0x1505f9ac, 0xc5fc1efb, 0xf9071ef7, 0x1564fb0e, 0xd9fbaaf7, 0x7e96ad07, 0x71c16faf, 0x774519b5, 0x5aa365a0, 0xfb196798, 0x0685fbe6,
    0xfb7f23fb, 0x22fb215a, 0xa9839d1e, 0xf47c9870, 0xf7a220f7, 0x2df78e5f, 0xf9fb1d4b, 0x074af715, 0x5ff8fd13, 0xfc064afb, 0x158ff7a8, 0xcbd413fc,
    0xd54c5ff8, 0x0e0712f8, 0x53f7d16d, 0xf7d1edd0, 0xf701cf31, 0x72f7d550, 0xd64ef7d8, 0xf77ff903, 0x53fb157b, 0x53f779fc, 0xd1fb4107, 0xf8c3d515,
    0xf8d65579, 0x060efd14, 0x3cf709f8, 0xf731f715, 0xc4fbcfc4, 0xfb3e24f7, 0x0765fb24, 0xb29cb19d, 0x9c41b399, 0x03fb6618, 0x4206fb4c, 0xac819e44,
    0xac819a77, 0xa9baabaf, 0x89f708be, 0x37fc31fb, 0xd1fef945, 0xcfc60e06, 0x63f7cd60, 0xddcd48cf, 0x16f712cf, 0xc693edd0, 0xf7d4f3d1, 0x5f13d354,
    0xf700f8c0, 0x64fb15fa, 0x64f739fb, 0xcd7ff707, 0xfcc4fb15, 0xf7dfd03c, 0xaf13067f, 0xf74df8c0, 0xe5fb15e9, 0xf8d48bfc, 0xfb54f747, 0x5b0ae368,
    0x1f538c8b, 0xd70ac394, 0xa7988bba, 0x9397a71f, 0xfc1ab49f, 0x1541f8ce, 0xc2d0b9d6, 0x50bfc5c1, 0x5dd455cc, 0xf750fb08, 0xfb2e15a6, 0xfb53fb19,
    0x5a4bfb12, 0x6c9c779b, 0xa2d47694, 0xb5d1afd5, 0x21f84c08, 0x60d007cf, 0x75d367d5, 0xaca2a098, 0x32fb9b9d, 0xec3cfbb4, 0x9292f130, 0x9391928f,
    0xd3bd0e08, 0xf7d0f4f7, 0xf701d216, 0x64f7d48d, 0xd573f7d4, 0xf9d6f703, 0x98c91567, 0x9cb99bc6, 0x3318c559, 0x6d30fb68, 0x947918fb, 0x8f73937a,
    0xc392c079, 0x0894c393, 0x57fb3afb, 0x0744f746, 0x3b11fb5e, 0x3f3f1dfb, 0x6d9e7999, 0xd0cb7794, 0xbc05f7cc, 0xfc0808f7, 0x49f8d44c, 0xc353b607,
    0xb865a240, 0xaa7218c8, 0x650ef723, 0xf7a508b3, 0x42fbd042, 0xfcadf707, 0xbbf81539, 0xbbfc73f7, 0xf9bcfb07, 0x9cfd1502, 0x73f7ddd4, 0x95f9d540,
    0xce710e07, 0x92d026f7, 0xcf05f7ce, 0x93839e78, 0x44d036f7, 0x73d3f30a, 0xd5a8f79f, 0xb3139359, 0xf99ff7d0, 0x43131535, 0x0abcf780, 0xf850a013,
    0x1d6cd754, 0x0ae2a4fb, 0xd558a4f7, 0x36fc2bf8, 0x28101306, 0x1549f7cf, 0xd0bdc8c6, 0x40b4d6b2, 0x51c443c1, 0xf746fb08, 0x081315d8, 0x1ffb5920,
    0xfb1dfb22, 0x809d3217, 0x7c9771a3, 0xa4a9a1ab, 0x8208a6a7, 0xf75a3e31, 0x041307dc, 0xa807c708, 0xa972aa6e, 0xa39d9877, 0x24989ca8, 0x0cf720c6,
    0x8f0af74e, 0x0a018395, 0x420e0849, 0xc23af7ce, 0x48f7d06f, 0xcc05f7c2, 0xd812d08f, 0xcb0bf7cd, 0xc1dcd2d5, 0xddc009f7, 0xf0b713d3, 0x0a9b9af7,
    0xd8f70bfb, 0xf721f80a, 0xdb13158d, 0xfb71fbf0, 0x0771f709, 0xa8fb3ef7, 0xfbdff715, 0xc118fc74, 0xd8f707c4, 0xfb1591f8, 0xb9a006b0, 0xbd9ec3a2,
    0x7f189d38, 0x75477559, 0x3efb0857, 0xf9d277fd, 0xfc17f836, 0x0a2c06e4, 0x8e8a627f, 0x77941f5f, 0x788e6d96, 0x8db48ac9, 0xa50897a5, 0xb29f9397,
    0xd1750e1a, 0xf7cd31f7, 0x2ff7ce78, 0xd6e101d5, 0xf7d224f7, 0x25f7d486, 0xfef803da, 0xfb15a3f7, 0xf778f786, 0xcdfb0686, 0xfdfb15ce, 0xfdf716f8,
    0xfca6fc07, 0x35f9159a, 0x35fd37f9, 0xf982fd07, 0xfbfd157f, 0x37f9c1d6, 0xfbf9da55, 0xd0700e07, 0x3cf7cae7, 0xce22f7cb, 0xe501d0df, 0xd1bcf7d5,
    0x03d8c3f7, 0x59f7a6f8, 0xf73cf715, 0x5cfbcb5c, 0x75f722f7, 0x4893fcce, 0x22fb6cf7, 0xf74b50fb, 0xfb3cfb50, 0xb5f84c7a, 0x4afb07ca, 0xaf1510f7,
    0x9e5bb569, 0x18a9be6c, 0xb95faa77, 0xfc08ab66, 0x15c5fb70, 0x31f93cf9, 0xfd073cfd, 0x1581f97b, 0xbdd5f8fd, 0xd85931f9, 0x0e07f8f9, 0xadf8cd68,
    0x01cfeec5, 0x3df9d3e2, 0xaaf703d4, 0xf7152df7, 0x40f77b1c, 0xad69e963, 0xac2a18c2, 0xfbb13ffb, 0xcc089a1a, 0x7ada15d6, 0x70c269f0, 0x5318bdaa,
    0x3bab27a4, 0xf775089b, 0x96f71588, 0x5c656706, 0x586c5568, 0x6aac60a8, 0xdaf708af, 0xfb1d21ce, 0x9e9a0695, 0x9f969e99, 0x59189f4e, 0x363e363a,
    0xa4819a59, 0xaa7f9674, 0xa9a3a99f, 0xb06baaa6, 0x3670b36d, 0x336c2c64, 0x9b7c977b, 0xed7a926e, 0xe9b0f3a1, 0x5ede08be, 0x77e969e9, 0xa59e9c94,
    0x9b349898, 0xaf3fa633, 0xc4cabbd4, 0xfc08cdb5, 0x15d0fce0, 0x3df94af9, 0xfd074afd, 0x158ef985, 0xb5d3fafd, 0xd4613df9, 0x0e07faf9, 0x39f7c965,
    0xc5a938f7, 0xbfd7c0c6, 0xdf12cabf, 0x60cee7d3, 0xcd18f7cd, 0x5ed00cf7, 0x13d4e8d0, 0x24f9a018, 0xfb15bdf8, 0xd2f7d7d2, 0x15bfd006, 0x49fb59fc,
    0x130659f8, 0x2efc1021, 0xf81509fb, 0xfb1dcd01, 0x8207d056, 0xf7d6080f, 0xfb89fc90, 0x1307ce95, 0x71f748c6, 0x49153df7, 0x76530650, 0x579dfb39,
    0x9d7d9a1e, 0x087b9371, 0xaccbaaf7, 0x7b1ad8f2, 0xdb1515fb, 0xc057f568, 0x18c1aa6c, 0xbb21aa53, 0xfc08ac3e, 0x154ffb1f, 0x42f959f9, 0xfd0759fd,
    0x1598f98a, 0xb1d3fcfd, 0xd46542f9, 0x0e07fcf9, 0xd145e443, 0xf7d1adf7, 0xf712d287, 0xdcf7d458, 0xf97c13d5, 0x15bef733, 0xfbd175f7, 0x4153f775,
    0x74fb53fb, 0xfb74f745, 0x459bfbad, 0xfbd1edf8, 0x8ffb069c, 0x9d152df9, 0x98b99cb8, 0x189e3fb8, 0x5679587d, 0xfb085876, 0x84f744a5, 0x13fb4d06,
    0xfb0afb33, 0x7b973a06, 0x77926c9e, 0xacb2a9b5, 0x1308b1ae, 0xd41bfcbc, 0xba0773f8, 0xaecfb2cb, 0xb5f808d3, 0x550e06d2, 0xca43f7ce, 0x7482a8f7,
    0x45d1413d, 0xd2d04ff7, 0xf7d21af7, 0xce76d21f, 0xf700f713, 0x15a3f887, 0xf700ef13, 0x8206d209, 0xfbc9080e, 0x4577f709, 0x14fb77fb, 0xfb14f744,
    0x755706d1, 0x7e66785b, 0xe31841a8, 0xbd05f7b2, 0xcd7cbcf5, 0x657c6418, 0x087b667a, 0x75fbe3f7, 0x987e4a15, 0xeef71fc0, 0xc41af707, 0xd2e5fb05,
    0xf70703f8, 0xfb05c61f, 0x03fb8933, 0x751e7386, 0x7c878186, 0x8b6b801b, 0x941f738c, 0x8e6f917b, 0xb1a70877, 0x1fa7928b, 0x9d9f92a7, 0x9308b490,
    0x29f78db1, 0x8f1a4ff7, 0x7d9f5799, 0xfb7d7b80, 0xf7055418, 0xaafb448c, 0x531afb07, 0x4485f705, 0xfb07a4fb, 0x4aa85e00, 0xfb05acda, 0xad2007cf,
    0x1e05f770, 0x130689f7, 0xa2f480f6, 0x971cf7b7, 0xf78f761f, 0x81840a63, 0x0e1b5170, 0x53f8cd47, 0x94d151c5, 0xd211f7d1, 0x53f7c112, 0x08e98245,
    0x8ef8472d, 0x00aa13d8, 0x97f8adf8, 0xf4caed15, 0x53ebf5db, 0x857d18b5, 0x4425fc05, 0x1306d5f7, 0x3c3500ca, 0x766a482a, 0x77677264, 0x82088772,
    0x95280829, 0x90679b79, 0x9393087b, 0x1bb98fac, 0xfb6206d1, 0x31304301, 0x18c47e50, 0x13056320, 0xd5f700ba, 0x00b91307, 0x06d101f7, 0xfb290c82,
    0x130a9401, 0x0dfb00bc, 0x3d0d8345, 0xeefb0df7, 0x5c785706, 0xa37f667b, 0xace21840, 0xf4b804f7, 0x189389b5, 0x78a6809b, 0x5b828094, 0xeb806b08,
    0xb8f4dcd0, 0xdf0814f7, 0x69fb4d06, 0x39fb05fb, 0x9c273dfb, 0x9775a782, 0xf73df77f, 0xf70bf705, 0x7ef7cf42, 0x7806cf08, 0xfb77b7fb, 0x08707006,
    0x8982827e, 0x67791b7b, 0x1f628f8c, 0x6d927796, 0x89b6768c, 0x8ea38bb3, 0x939e8da8, 0xb5aea29e, 0x9f0ef7a0, 0x8d08f2f7, 0x8ba58c94, 0x47f80e1a,
    0xf7d1a2cd, 0xc012d001, 0xfb8356f7, 0x07f74e3a, 0x13d253c3, 0xf7fdf769, 0x7c64158b, 0x7e667c65, 0x07d4f708, 0x08f76513, 0x692cbe82, 0x7bf708fb,
    0x067bfb45, 0x10fb7113, 0x6922c082, 0xbf8410f7, 0x657b5b22, 0xd809bf83, 0x08f7ade4, 0x08b7f6b8, 0xa0f8f8f7, 0x75ea1315, 0x73226f2f, 0x061d6744,
    0x325f226f, 0xe73d4253, 0x6604f751, 0x130812f7, 0x8fca92e9, 0x08d38fd1, 0x5bfbd9f7, 0x06fb1d21, 0xa6dda306, 0x08e1a0f2, 0x50465bfc, 0xe3fb7e1d,
    0xfb8efb62, 0x9b2bfb38, 0x9773ac81, 0x01f7f580, 0xaa22f7c3, 0x30b24af7, 0x46c63abb, 0x5e495152, 0x819b6a44, 0xaef76ea5, 0xb746a90a, 0xead4c350,
    0xaa0df7c5, 0x0e082cf7, 0x1bf8d262, 0x12d2aed2, 0xc6d14cf7, 0xd44257f7, 0x13d527f7, 0xf710f8f6, 0x591d85bb, 0xf7aef705, 0x16fbd216, 0xfb4576f7,
    0x441cfb76, 0xc9fb1cf7, 0x58765407, 0xa67c6378, 0xb1e81843, 0xf7bf0ef7, 0xf708bc06, 0x155cfbe3, 0x6bf71bf8, 0xf76bfbd2, 0xb4fd41e6, 0xe1f827fb,
    0x07e1fc42, 0x0efbfa13, 0xd219f944, 0xcc410e06, 0x95d2acf8, 0x3ff712d0, 0x53f743d3, 0x13d282f8, 0xf787f7b4, 0xf413156d, 0x1307caf7, 0xd20bf7ec,
    0xfbf41306, 0x4377f70b, 0x11fb77fb, 0xfb11f744, 0x745906eb, 0x7b67765d, 0xe91840a5, 0xcb10f7bb, 0x79c708f7, 0x26f818c9, 0x1cfb15a9, 0x3e28fb43,
    0x47a95f2d, 0xf7c2f218, 0x12f7d61d, 0xe73108d4, 0x3db36415, 0x5ebc4bce, 0x58c81861, 0x61b244da, 0x32b41308, 0xa21510f8, 0x9cbaa1b8, 0x18a048ba,
    0x3c17fb5d, 0x393412fb, 0x6ca47e99, 0xb9b87d96, 0xccb2c4b7, 0x06d4f708, 0x7d2dfc80, 0x686a32fb, 0x877f7f80, 0x71088c77, 0x44928b4b, 0x9476981f,
    0xc8758d6e, 0xaf89cb88, 0xa18fb18e, 0xb2a8a194, 0x32f798bc, 0x6c65f898, 0xf7d2580a, 0x1cf7d109, 0xd112f7d2, 0xf701cce3, 0x36f7d578, 0xd836f7d7,
    0xf752f903, 0xf71d9663, 0x0636f71c, 0x1cfb24fc, 0x34098315, 0xfb071cfb, 0x15e1f736, 0x12fb36f7, 0xf80636fb, 0x8512f724, 0x0811821d, 0xf807123b,
    0x1559fb28, 0xf739fbd2, 0xd108f712, 0x01f7f7fb, 0x960bf707, 0xe19802f7, 0x18cc669d, 0xfb6836fb, 0x7efb77b4, 0x947a9283, 0xec778d6f, 0x9001f78e,
    0x240892f5, 0xf745f9fb, 0x0849820d, 0xf7444062, 0xfb1cfb40, 0xfff74513, 0xcffb09fb, 0xd251f944, 0x09f7cafb, 0xfbd1fef7, 0x071cf70f, 0xf8d2680e,
    0xd183d17c, 0x53f7c312, 0xf743d343, 0xd43ff748, 0x57f9aa13, 0x811543f9, 0x78ca75b6, 0x187946bc, 0x489f5a9d, 0xf7086194, 0xfc1581bd, 0xb0f845b0,
    0xfce0fb06, 0xf0801577, 0x6a47f76c, 0x7d491ff7, 0x0808f079, 0xf71d7521, 0x5f1d7d3a, 0xf7ca1305, 0xc61307d4, 0x06d100f7, 0x00fbca13, 0xfb437bf7,
    0xd213067b, 0x82450bfb, 0x0bf7270f, 0x5806eefb, 0xd2425d78, 0xaee53505, 0xf7b808f7, 0xf808b702, 0x1524fb11, 0x0a6ff7b0, 0x7a18993c, 0x080a067a,
    0xf9f84461, 0x600e06d2, 0xcf12f7d1, 0x9f53cfdb, 0xf7cd56f7, 0xcd59bd1d, 0xd059f712, 0x94d10ff7, 0xf7d0e6d6, 0xdb13d208, 0xf90efab0, 0x064415d2,
    0xfcb0ed13, 0x877d074f, 0x7c1e7c87, 0x528b5989, 0x9677968d, 0x08778e6f, 0x968cbbd2, 0x97a91fa9, 0x1ab49e93, 0x1ff84ffb, 0xe1fb4615, 0x49fc06d0,
    0x82152cf7, 0xf7ac083c, 0xfb0ff717, 0x070ffb1d, 0x15490ff7, 0xf7d16afb, 0xcd05f76a, 0x1df705fb, 0x54fccde8, 0x15fbe849, 0x12fb8307, 0x070df749,
    0x486c487f, 0x80995634, 0x7d9570a4, 0xe4b0cbf0, 0x1308e197, 0xaef7f0db, 0xf71588fc, 0xcfc2f712, 0x04f7c2fb, 0xfb04fb40, 0xcef747ce, 0x35fc12fb,
    0x9316fa45, 0xf4ca5a1d, 0xca08f7c8, 0xc3d0c3d2, 0xf701c9ce, 0x21f7d48b, 0xd628f7d5, 0xf7abf803, 0x65f7150b, 0xdf65fbc8, 0x60fb3741, 0x2260f74e,
    0xf94ce3fb, 0xedfbca86, 0xf86bfb06, 0xfff71534, 0x06fffb44, 0xd3f7fff7, 0xfffb4815, 0x0ffb07ce, 0x46fff704, 0x4c091282, 0x52fb0bf9, 0x55fbca15,
    0x2af7d3f7, 0xeb2afbc9, 0xfffb2b40, 0xfb2b42eb, 0x2cf74d2c, 0x5afbd3fb, 0x076cf74c, 0x4c354452, 0x7d9c6a38, 0x7996729f, 0xe1f0b8ec, 0xf708e8ca,
    0x33c706cd, 0x63ec38ec, 0xa5a09c96, 0xa937999c, 0xcd53c536, 0xc66b0e08, 0xb5d7b4c9, 0xcbd4c7c6, 0xcbe4d0a4, 0x42f7be12, 0x2af7cf47, 0xbac1c8ce,
    0xc5c3b5d2, 0xfcfa13d1, 0x82f775f7, 0x80041315, 0xd0edb7f7, 0x4777f729, 0x1dc077fb, 0x13064621, 0xfbf5ecf4, 0x785f06d2, 0x806a7a62, 0xda1844a7,
    0xe9b8eeae, 0x18c97bb8, 0x2afb1ef8, 0xd734fb15, 0xb5c31d3d, 0xfba2fb15, 0x06a2f733, 0x156ef7c5, 0x19fcacfb, 0x4807acf7, 0xce1513fc, 0x6219f8b7,
    0xfc4cf8d1, 0x0a1306a2, 0xf7c0f710, 0x4bf7151d, 0xfbcb82f7, 0x3544e182, 0xf74b84fb, 0xfb4bfb84, 0x07f94ba9, 0xbbfc07cb, 0xb0151ef7, 0x9c54b563,
    0x18abc168, 0xc061af79, 0xf708b166, 0x1533fbd2, 0xbab2adac, 0xa750bbac, 0x5f647418, 0x08696c53, 0xd6c5700e, 0xc9c4dec2, 0xd001f7c0, 0xc512c0b8,
    0xd04643f7, 0x81c920f7, 0xc508f7d0, 0x7ad20af7, 0xa8fd13cb, 0x5af77df7, 0xefdbf715, 0x7bf727d0, 0xa57bfb46, 0x08c8830a, 0xf550e9f4, 0x5e06f4fb,
    0x697c637b, 0x1841a381, 0xb4f1aadb, 0xcd7eb2ea, 0x9459f818, 0xb8fb3815, 0x69fb07de, 0xb8f7d604, 0xfdfb0740, 0xbad01522, 0xd25cb8f7, 0x44fc0bf8,
    0x8ff89d06, 0xa967a515, 0xcb6c995a, 0xab7e18aa, 0xac6fb96c, 0x84fb6408, 0xa75fa915, 0xb864954f, 0xb180189e, 0xb76dc56e, 0xfb6ef708, 0xafa71535,
    0xbca8c4ad, 0x7a189e58, 0x714b6860, 0x14130865, 0x5a2bf7a8, 0xf740fb15, 0x0640f773, 0xf71629fc, 0xfb73fb43, 0xe0f70643, 0xa615a8f7, 0xa6b7a9ae,
    0x18a63fb4, 0x4c685f77, 0xfb08636d, 0xf8ddfbd1, 0x06ddf7a7, 0xf8d75d0e, 0xf801d0d8, 0xf903d9fb, 0x159af849, 0x2dd33dcf, 0xb3cc4fae, 0x2dd25f18,
    0xdc3e04f7, 0xf7187e72, 0x6ffd3d96, 0x9efb07d9, 0x78158ef8, 0xfb6920fb, 0x632d5b06, 0x72e169cf, 0xa69502f7, 0xa793a894, 0xd363f708, 0x6a820a7c,
    0xb7969f08, 0xb892b895, 0x70189f3e, 0xfb4e57fb, 0x9e233c50, 0x9977a682, 0xa3aea57f, 0xa5baa1b4, 0xb13ead2c, 0x38294a4e, 0x9d5b2846, 0x986da880,
    0xdabae67b, 0x08e7ccce, 0x0cf724fb, 0xf76c35f7, 0x26f71b3e, 0x99a08f06, 0x089e97b0, 0x8b24648a, 0x2dfb1b6d, 0xf7a629fb, 0x1f05fb1d, 0xba0cf7cf,
    0xf7a12ff7, 0x5f0e085a, 0xc802f7cc, 0xdbf7cdef, 0x42f701cd, 0xd668f7d6, 0x03d965f7, 0xb8f761f8, 0x68fb2715, 0x84f807ef, 0x65fb1527, 0x0665f7ef,
    0xa3fb65fb, 0x65f71d74, 0xfc0702fb, 0x02f71684, 0x098268f7, 0xb3fba608, 0xabd6152a, 0xd96d84f8, 0x1dfd44f8, 0xf73af706, 0xecf715db, 0x4a595b06,
    0x4766435f, 0x60b351ad, 0x3ff808ba, 0xfb0a81db, 0xa39f06ee, 0xa499a39c, 0x5a189a3c, 0xfb282a35, 0x7f9c4723, 0x799673a1, 0xabbba9c3, 0x61b4aeb6,
    0x6bc266bb, 0xfb580efb, 0x14fb681d, 0x997a977a, 0xf776926a, 0x2ef7a323, 0xcc1af7b6, 0xf7511d41, 0x2df76427, 0x9ea09576, 0xfb9c9baa, 0x1bfb9a21,
    0xb907fbaa, 0xd0dcc1e9, 0x0e08ddc0, 0x5ff7cd45, 0xcfc1cac4, 0xcec0cdbe, 0x6cf701ca, 0xd763f8d4, 0xf917fa03, 0xfcca153a, 0xa49c07f2, 0x08018298,
    0x18a04937, 0x2e36295c, 0x7e995035, 0x7d936ca3, 0xbec0b3bf, 0xf808c5b8, 0x1573fc57, 0x65475d5a, 0xa93f6d3e, 0xb95cb14c, 0x86f76d08, 0x4763f815,
    0xf70663fc, 0x63f8044d, 0x09088249, 0xfb75f8a9, 0xfc0a817c, 0x9f9c0623, 0xa099a09c, 0xf8188c88, 0xfcb8f73d, 0xf7b8fbf8, 0x3f530602, 0x5d334635,
    0x72a5819b, 0xa4b47e96, 0xaeb3a8b4, 0x66be5eb4, 0x0afb6dc5, 0x761bfb67, 0x958116fb, 0x8f6e9979, 0x9a2af777, 0xf7a730f7, 0xf708bf1c, 0x22f75b0a,
    0x7e29f770, 0xa99c9f94, 0x17fb9b9a, 0x9e10fb93, 0xe6ab00fb, 0xbec4d9b7, 0xf80e08d4, 0xf801d1fa, 0xf803d7f7, 0x1540f95f, 0x990650fb, 0x96b996b8,
    0x189942bb, 0x4c42fb67, 0x243039fb, 0x73ac819b, 0xd1c37e97, 0xf3b1e7bb, 0x0652f708, 0x3070227a, 0xaf613c69, 0xa95bb550, 0xc1185a5e, 0xb558cd67,
    0x16fb4464, 0x08fb302a, 0xaa7f9d50, 0xf778966d, 0xf708f769, 0xc07df730, 0x9c581bf8, 0xfb69f718, 0xd6f71542, 0xd724fe3f, 0xda07b3f8, 0xb837e648,
    0x18bec652, 0x00fbca56, 0x08cf35ea, 0xcfe0f70e, 0x01ceaff7, 0x03f1f9db, 0x85f97df9, 0x97fb1d20, 0xa1a3a306, 0x3aa39ea2, 0x394b189c, 0xfb2a0bfb,
    0x7f9b4833, 0x7a9674a2, 0xbcd9b4e5, 0xf708c0cb, 0x4d5a06ae, 0x5e3c5546, 0xad59aa67, 0x6555a361, 0xb774b318, 0x216dac6b, 0x670afb58, 0x987703fb,
    0x916c9b7b, 0xc197f777, 0x1af7b7f7, 0x71f712f7, 0xd3fbed08, 0x05877c15, 0xa40685fb, 0x9fa4a0a3, 0x189d39a4, 0x22fb2942, 0x5efb03fb, 0xa07f9c42,
    0xf77b9470, 0xc8f2bc11, 0xf708cede, 0x3d5906a2, 0x5a364d44, 0xb25bac67, 0x684ea863, 0xb86db218, 0xfb6bac65, 0x3cfb4a1f, 0x7b3dfb68, 0x6a977997,
    0xf4f77690, 0x82e9f7b5, 0x1feb08e5, 0x0e08baf7, 0x01d76ff8, 0x03cb62f8, 0x6ff83ffa, 0x31fcd715, 0x8cf49907, 0x08db8cee, 0x3c8a063b, 0x227c278c,
    0x3f11fc08, 0x620605f8, 0xfb2751fb, 0xfb8cfb54, 0xa37ca000, 0xf7779671, 0xf703f787, 0xbb54f700, 0xfbda54f7, 0xfb13f777, 0x3054f745, 0xaaa4a198,
    0x55fb9c9d, 0xf716fbda, 0x70f74549, 0xd0f70e08, 0xd55af7d5, 0xd75df801, 0xf744fa03, 0xfcd515d0, 0xb9910737, 0x1ab9b98d, 0xd5daf7c7, 0x42f7dafb,
    0xfb42fb3f, 0xb99f0753, 0xbc99bb9b, 0x67189c3d, 0xfb4d1bfb, 0x9f363e18, 0x9b78af83, 0xacb6ae7f, 0x08c7a9c1, 0x064f74f7, 0x835d895d, 0x1afc1e5d,
    0x0609f841, 0x2515fb61, 0x85fb0bfb, 0xa27c9b3a, 0xf779926c, 0x02f7e393, 0xf7b917f7, 0x4efbd823, 0x0dfb17f7, 0x975563f7, 0x9caaa0a0, 0xb85ffb9b,
    0x03f717fb, 0x823cf746, 0xcc53088a, 0xa5f801d0, 0x64f803d7, 0x591538f9, 0x3cbb28b3, 0x185562a7, 0x57ed6ddb, 0x5f0863bc, 0x591514fb, 0x3dbd28b5,
    0x18575ea8, 0x55ed6bdb, 0xf70862ba, 0x159bfb62, 0xf7481cf7, 0x41db331d, 0x3918c3bc, 0xe323fbd4, 0x08cb1efb, 0x1536f78e, 0x8b13f7a4, 0x828c2af7,
    0x3fee0858, 0x41fb8a06, 0x7129fb8d, 0xfc080ffb, 0x3cf8464f, 0x2dfb5606, 0x01fb08fb, 0x9a4e93fb, 0x936f9f7b, 0xd2aef779, 0x18f70ff7, 0x084af7c0,
    0x06d011f8, 0xf8d2a20e, 0xd2a5d069, 0xd46ff712, 0x3dd900f7, 0xd1455ef7, 0x13d489f7, 0xf824f8f5, 0xfb7d15c7, 0x05fb6b1e, 0xae60325f, 0xa961ab5f,
    0xe0a1d19f, 0xf708e39f, 0x1d20d351, 0x990636fb, 0x93cf98cf, 0x189142c9, 0x44804c83, 0xfb08457d, 0x1d27461c, 0x29722574, 0x65c24472, 0x5cc35cc9,
    0x52413652, 0x7b9b6931, 0x7896709e, 0xc7d8b5e9, 0x66b3e1c8, 0x6ca468ae, 0x7118c9bd, 0x5eaf64ab, 0xfb1308b1, 0xb004f7c6, 0xf79926f7, 0xfc1d4155,
    0xbb1315a8, 0x89f7c8f8, 0xfb07c8fc, 0x150ff9cf, 0xd5d1a0fd, 0xd44f89f7, 0x0e0792f9, 0x77f7cd6a, 0xd080f7ce, 0xd148f701, 0xcfd5d3ce, 0x03d3bff7,
    0xa282d1f7, 0x12fb7f3a, 0x6a00fb74, 0x68a76933, 0x9ea369a5, 0x9de1a0d2, 0x22f708e2, 0x09fb0ab7, 0xe508a182, 0xc893ce96, 0x84188f45, 0x7f46804e,
    0x46230845, 0x257506e6, 0x44742973, 0x62c069bc, 0x325e61bc, 0x64444c50, 0x6f9f7d99, 0xb9d67a95, 0xe5bbccc9, 0x67ac67b0, 0xc7b96ca1, 0x65ac7218,
    0xf7b15fb2, 0x4df80a5a, 0xfb1503fc, 0xf7bffb77, 0xfb470777, 0xb7cf15e5, 0xd361bff7, 0x4bfc26f8, 0xf7a8f706, 0x5eac15e5, 0x57a857ae, 0x1877d1fb,
    0xf7cce6cd, 0x06f7c007, 0x5918a23f, 0xfb3a13fb, 0x7268701a, 0x77737867, 0x97779487, 0xa87b8e68, 0xf88fb697, 0x7298a705, 0x77937296, 0x6c18abcb,
    0x07f745d8, 0x0e08e247, 0x7cf7d440, 0xd147f7d2, 0xf775ad69, 0x12d24460, 0xc5f7d4de, 0xd7c2f7d8, 0xf780e713, 0x1529f930, 0x130640f9, 0x19fb80cb,
    0xf71dc6d7, 0x07f5fb60, 0xb770ad7d, 0x7344ad71, 0x9e719e18, 0x086e996a, 0x1f841efc, 0x07d46035, 0x77fb96f9, 0xb018fc15, 0x80d71306, 0xcee4b9e2,
    0x8208ccca, 0x58ca0844, 0x05877bb1, 0xf8456ffc, 0x5f590624, 0x6f515e49, 0x1afc4d08, 0xfb1af844, 0x867d076a, 0x1e8a7887, 0x8b4b8a7a, 0x78988d47,
    0x76916a9a, 0x8cbfde08, 0xae1fae97, 0xb7a19696, 0xf86bf71a, 0x3f0e0718, 0xd15ef7d2, 0x6bcf50f7, 0xd304f7ab, 0xd454f712, 0x13d5f0f7, 0xf93bfaee,
    0xfcd3150f, 0xb09a0793, 0xb197b097, 0x7f189d3f, 0x7a5f7c60, 0xa8fb0860, 0x068af743, 0x301efb4a, 0x0efb13fb, 0x9d7a9736, 0xb779936b, 0xafafb2a9,
    0x21fc08b1, 0x0778f8d4, 0xd7b6d1be, 0xf808dbae, 0x1504fcc4, 0x06c59ffb, 0xb9d4de13, 0xc7c1c7d8, 0x5bee1308, 0x05867cb0, 0xf7472bfc, 0x645f06e7,
    0x715a6255, 0xa8fb3908, 0xfba8f745, 0x877d074c, 0xab827987, 0x8b4f8935, 0x75958e49, 0x768f6f95, 0x8bc2e008, 0xac1fac96, 0x82a09497, 0x4de808ab,
    0x0e079ff7, 0xaef7d04e, 0xd007f7d2, 0xd2f5b561, 0xf7d4e112, 0x44f7d63c, 0xd74cf7d5, 0xed13cf71, 0xf933f780, 0x39f9151f, 0x80dd1306, 0xf7d728fb,
    0x07f4fb6f, 0xbc71af7d, 0x7640b174, 0x9d6d9d18, 0x086a9964, 0x6ffb16fc, 0xef1306d4, 0x70f6f840, 0xb0fcd015, 0x6bf80746, 0x621568fc, 0x1fa89084,
    0xb4f78cf7, 0x4403fed2, 0x7f079ef7, 0x366145fb, 0x995f75fb, 0x916e9e7d, 0xc08cf778, 0x9a00f7bf, 0x1d6063f7, 0x3c068dfb, 0x1ee674a2, 0xa0da1d31,
    0x941ef7ad, 0x6d90761f, 0x08987a96, 0x858706fb, 0x0e1b6579, 0x1af7ce6b, 0xf7ccebcd, 0xa076cc10, 0xda12d1e1, 0xf8d5bfd4, 0xd664d44e, 0xf713d89a,
    0xf786f960, 0x1afb153d, 0x1af770fc, 0xa0f71307, 0xf3f74ef8, 0x4efc1d81, 0xfb0710f7, 0x97f80451, 0xe1fc92f7, 0xb7d529fd, 0x24089e82, 0x6470f860,
    0xfcc6f7d6, 0xb4f706bb, 0x81158ef8, 0x7ab37aa9, 0x187a41aa, 0x6b977298, 0xfc087094, 0xd445fb27, 0x082782f6, 0x48f9a051, 0x1d69d820, 0xf7d44f0e,
    0x37f7d169, 0xf7a274d2, 0xe012d20f, 0xd7c3f7d4, 0x13d6c2f7, 0xf932f7ef, 0x3df91521, 0xfbdf1306, 0x6df7d626, 0x7f07f8fb, 0x75bc72ac, 0x187643b0,
    0x659e6e9b, 0xfc086c97, 0xd46dfb19, 0xfb0ff806, 0xbcf715ad, 0x82bcfbd1, 0xf7680854, 0xd293f737, 0xf744d7fc, 0x0731fc8c, 0xc54baa3a, 0xb394f565,
    0xb991b693, 0x75189341, 0xfb5548fb, 0x3603fb22, 0x71a9809d, 0xc4cd7d97, 0xe8add7bc, 0xe63efb08, 0xf76729f7, 0x7bf71b64, 0x97a18f06, 0x089e97ad,
    0x3ffb5b89, 0x501b678b, 0x59958e54, 0x54f70e1f, 0xf79cf7cc, 0x12d1455e, 0xe4f7d4e9, 0xd790f7d8, 0x3bf7bc13, 0x2d279b83, 0xfbdc1306, 0x8207d718,
    0xfb5e310f, 0xae7d07e8, 0xb073bb70, 0x9d187442, 0x98669e6e, 0x16209e82, 0x320a1f83, 0xf707d45e, 0x6c156fa0, 0x56b84bae, 0x185c5ea8, 0x5aca6bc1,
    0xfb0869a8, 0xc2156488, 0xab5bce6b, 0x18c3b867, 0xb946ad6b, 0xf708a954, 0x15e9fbf2, 0xf75918f7, 0x4edb4619, 0x3a18c4b8, 0xd020fbc7, 0x08bb19fb,
    0xa615e86b, 0x06f793eb, 0x081cf78f, 0xfb87063e, 0x05fb8521, 0xfc082f6c, 0xf9f74a17, 0x252b5406, 0x6352fb4a, 0x6f9d7b9b, 0x72f77793, 0xe204f7be,
    0x0813f7c4, 0x06cc31f8, 0xf8ce400e, 0xb462cca3, 0xe212d0ea, 0xd508f8d3, 0x13d683f7, 0xf933f7de, 0x41f9153b, 0xfbbe1306, 0x61f7d61c, 0x800705fc,
    0x79b177a8, 0x18753fa7, 0x71987598, 0xfc087296, 0xd361fb0b, 0x4c09f906, 0x35575315, 0x085a3f4a, 0xc076de13, 0xb95dc068, 0x9ca29ca5, 0xf7089ea1,
    0xd3fccc8c, 0x0678f74a, 0x1cfb4a2c, 0x6d12fb59, 0x6da07d98, 0xa8eb7c92, 0xbde4b2f2, 0x789b789e, 0x4a347698, 0xfb443bfb, 0x7c996d11, 0x7b93709b,
    0xf7b00bf7, 0xceedd12e, 0x93749708, 0x28749273, 0x2e56fb31, 0x996634fb, 0x93709c7a, 0xb723f778, 0xf7de3ff7, 0x3a94e206, 0x756d4679, 0x78787908,
    0x761b7188, 0x678e8d6a, 0x9377961f, 0x8a1a766e, 0xa28aaaab, 0x93a5b71b, 0xc11faba6, 0x0ff7a4b5, 0x9a15f769, 0x9a959c93, 0x24fbc195, 0xf708fbea,
    0x9e955213, 0x999ba7a1, 0x2cbb11fb, 0xf75d05f7, 0xc2afc118, 0x08b0b8b3, 0xf7ce5f0e, 0xaf67ce3b, 0x48f7c8f7, 0xe112cf47, 0xf8d3cbd3, 0xd6c7d62e,
    0xf780cf13, 0x1539f932, 0x0a8e3df9, 0x07d604fb, 0xf7800c13, 0x07f5fb48, 0xb276a97f, 0x793fa979, 0x9a739918, 0x0871966c, 0x130618fc, 0x48fb00d7,
    0x40f807d3, 0x52e715a2, 0xc13504f7, 0x18bcc052, 0x07fbc453, 0x08c130dd, 0x158cc2fb, 0x462d4151, 0x7f9b5d32, 0x7d966da4, 0xdef0bfe6, 0x2408e1cd,
    0xd715f2fb, 0xc4c8d1bf, 0xd242cdce, 0x085ada51, 0x7efb3cfc, 0xf83bf715, 0x073bfb2e, 0x9cf865fb, 0x27fb2c15, 0x10fb44fb, 0x9c474bfb, 0x96729e7a,
    0xb89db979, 0x08a4b6a1, 0xadd3b3fb, 0x826d2ef8, 0x00213d90, 0xb407bbf7, 0xb777b673, 0x9fa19676, 0xfb9b9ca4, 0x21fbca34, 0xf705fbd9, 0x91949214,
    0x600a0182, 0xde3d0e08, 0x01d4b7f8, 0x03d90df9, 0x33f83df7, 0xd83ed515, 0xcd45ab20, 0xd36b18b5, 0xd541f23b, 0xf75df908, 0x7efb1541, 0xfb3d67f7,
    0x42d6fc67, 0x9afcd6f8, 0x84837406, 0x701e8a73, 0x2f8b358a, 0x9a74988e, 0x08749066, 0x8dd600f7, 0xb41fb498, 0xc8a49c97, 0xf799f81a, 0x400e077e,
    0xd2a0f8d8, 0xf912d2af, 0xf742d48f, 0xf8f01354, 0x7c57f931, 0x44dafb0a, 0x7c06c7f7, 0x6a2a7320, 0x53c35735, 0x57b956c1, 0x55c7185d, 0x4ac449cc,
    0x3d13fb4f, 0x9c50312a, 0x966fa37e, 0xd9cce679, 0x0ef7c8e7, 0x56b153b7, 0xc2c55ea3, 0x5cbf6f18, 0xb8ca54c7, 0xf7ad07f7, 0x35f79b1c, 0xf8e81308,
    0x13152b83, 0xf70bfbf0, 0x84fb4284, 0xf744acfb, 0x0689fcac, 0x7b0aaa79, 0x4c8b538a, 0x9675968d, 0x08778e68, 0x988dbde0, 0x98a91fa9, 0x1abda197,
    0x130789f8, 0x060bf7e8, 0xd8fbadfb, 0x5cc87b15, 0x4ece5be6, 0x45ba1870, 0x4f9b2cb8, 0xcd420e08, 0xf2d079f7, 0xf4cdf4c9, 0x1ff712cc, 0xd644f8d7,
    0xfd13d4a8, 0x70f983f9, 0xacfc2215, 0xa8f807f4, 0xf715e6fb, 0xf0a3ab12, 0x8f751f98, 0x9678946d, 0x7c834208, 0xfc1b3a7d, 0x01fb0622, 0x1fb59576,
    0xf7f5f8c0, 0xfb41fd80, 0xbc2e07b6, 0x1e36f777, 0x1524e4f8, 0x70fbff13, 0xfc3e40d8, 0x55f746da, 0xc9655f06, 0xa93fd157, 0xbcc21957, 0xcf48bd6c,
    0xf819be4e, 0x0664fb0b, 0x7886857b, 0x438a781e, 0x968e428a, 0x8f709677, 0xc7eb0877, 0x1fae968b, 0x9f9795ae, 0x65f71ab8, 0x0e076ff7, 0xd04ccc3d,
    0xdfcd8bf7, 0x5bc3ddc3, 0x12c7c5d2, 0xf7ce12f7, 0xcff7d05a, 0x47f744d2, 0xf7c0b713, 0x151af855, 0xfb375af7, 0x5af7065a, 0x1315fbf7, 0xfb3a80bb,
    0xf707dc5a, 0x156ffb5a, 0xf7dd5afb, 0xf7d0065a, 0x061d9659, 0xb19aa899, 0x9641ad98, 0x7d6a8318, 0x08687d5f, 0x4337fc23, 0x0693f749, 0x3d273145,
    0x809a5923, 0x7d956fa3, 0xf7ca07f7, 0xf7d8e905, 0xfb8d0806, 0x867c067d, 0x5b8a7d0a, 0x948d588a, 0x8f6e957a, 0xb9d10878, 0x1fa6968d, 0x9f9596a5,
    0x04131ab4, 0xf882f820, 0x441315ec, 0xf700fb40, 0x76fb4476, 0xf744a9fb, 0x069bfca9, 0x7b0aaa79, 0x4d8d8a54, 0x08d1821f, 0x788e6cbc, 0x8dbc8add,
    0xa80898aa, 0xbaa09796, 0x8d9bf81a, 0xfb1d370a, 0x15d4fb86, 0xea5aca77, 0x7150d357, 0xbb44bd18, 0x084b9e29, 0xf7d03f0e, 0xf746d0b5, 0xc871f754,
    0xd37cf712, 0x13d455f8, 0xf9cdf9dc, 0x4e62154b, 0x62465951, 0xb264aa73, 0x6b54a669, 0xb06fad18, 0x416ba165, 0x3a723867, 0x9a7c997b, 0xf7799371,
    0x6ff7bc6e, 0xf7e902f7, 0x5ba55b5c, 0x066bfb1d, 0x9e9b9e9d, 0xa1409f9a, 0x223b5518, 0x5c06fb39, 0x75a27f99, 0xa9cc7d96, 0xb8c3b4ca, 0xfbf5fb08,
    0xb971152b, 0xb95acc51, 0xbf186357, 0xa345c459, 0x18b6bf5c, 0x450740fb, 0x5b4c434b, 0x184db465, 0xbcbfb3b9, 0x2982bdbe, 0xfad36a08, 0xf7074323,
    0x15fbfc53, 0x40c255be, 0xb0cb59a2, 0x52bd7218, 0x08bf57d4, 0x15ed65f8, 0x13060dfb, 0x420ff7bc, 0xfbdc1307, 0x4626fc0f, 0xa1fb26f8, 0x86877d07,
    0x7b1e8a7a, 0x4e8d8b53, 0x9676951f, 0x08778e6d, 0x978bc0d9, 0x97aa1faa, 0x1ab6a095, 0x0df7a2f7, 0xd73f0e07, 0xda65f801, 0xf965f803, 0xaffd15ca,
    0x84837707, 0x06064276, 0x76976108, 0x76906899, 0x8dc98ae8, 0xae0897af, 0xc2a19a98, 0x07aff91a, 0x90fb34f7, 0x23fbe015, 0xa34efbdb, 0xacd90afb,
    0x0bf77218, 0x334af737, 0xfc0820f7, 0x731584ce, 0xfb541afb, 0x9f223240, 0x9d79ab83, 0x03f7e57e, 0xab47f7c5, 0x0e0825f7, 0xccebd241, 0xeecb2ff7,
    0x10f701d1, 0xcf0df7d4, 0xd1d9d6d5, 0x64080982, 0xf9b6f903, 0x4a6c15c0, 0x535e3050, 0xba1872c8, 0xb8e0c3c0, 0xbbfc08d3, 0x711544fb, 0x55dc54c2,
    0x186e4cc8, 0x36c24ebe, 0xf70853a3, 0x159afbf8, 0x77fb2ffb, 0xf7072ff7, 0x1570fbbd, 0x01fcb0f7, 0xcbcff0fb, 0xf882f807, 0xedfb1559, 0xfb40b7f7,
    0xfde4fbb7, 0xbdf8d403, 0x5efcf6f8, 0x86867c06, 0x791e8a7b, 0x05024253, 0x6c97b609, 0xd908768e, 0xab978cc0, 0x9497ab1f, 0x0e1ab6a2, 0xf5d38bf7,
    0xe9b264d2, 0xd5e712cd, 0xf7d9bbf7, 0xde13d8bc, 0xe2f83af7, 0x0631f915, 0x19fbbe13, 0xfb5bf7d8, 0xaeae0751, 0xbdafc0b6, 0x7218a63e, 0x6a4d6060,
    0x1875c065, 0x49f741fb, 0xfb49fb3d, 0xa7c70648, 0xc464b078, 0x4819b465, 0xb163ac6e, 0x19659e53, 0x5bfb44fb, 0xde1306d5, 0x156b0ff9, 0x44f7fcd2,
    0xfb76f907, 0xfdd31546, 0xabf743f1, 0x45385007, 0x6e757142, 0x7679756e, 0x98769486, 0xb07a8f62, 0xf890c299, 0x70a1b3b2, 0x7598709c, 0x5f18b2cf,
    0x00f72ad5, 0x684bd837, 0xb467b218, 0xfc60b05f, 0xd0186a6e, 0xc7d8ceca, 0xf80e08da, 0x88f7d422, 0x4af712d4, 0xf8d841d5, 0xd813d79f, 0x8ff897f7,
    0xf864f715, 0xfc88fb9f, 0xebf8079f, 0x1af81542, 0xacfb38fd, 0x7e38fb07, 0x18fb6efb, 0x9d1e2efb, 0x986eaa82, 0xe813087c, 0x18f704f7, 0x9550f7ae,
    0xf70833f7, 0xfbc90697, 0xfb0bf77c, 0x4062f73a, 0xaaa1a096, 0x54fb9a9e, 0xf708fbc7, 0x5af75328, 0x6ff70e08, 0xe0cdf3cd, 0xcc0bf7cc, 0xd41df701,
    0x03d5ebf8, 0x68f9bdf9, 0xebfc1d7d, 0xf9070bf7, 0x154cfb35, 0x7efd8df7, 0xfb07b7fb, 0x72fb8232, 0xf730fb2e, 0x37f70a5d, 0xf787f798, 0x07b41a3c,
    0x2bfb28f9, 0xc8fccd15, 0x0df90749, 0xcd153efb, 0xf7494efd, 0x3f5e075a, 0x76794654, 0x79787375, 0x7894887a, 0x7c8f6898, 0x8fba96aa, 0x9ba946f8,
    0x95749870, 0x18adcf77, 0xf446c768, 0x6f4bd953, 0xa767a518, 0xfc62a660, 0xc0187414, 0xbad1c0c4, 0x289082d3, 0x1df7cc2f, 0xcc1df7ca, 0x089182f1,
    0xf7d51f5e, 0x5af7d359, 0x03d8c7d4, 0x68f9c1f9, 0xecfc2515, 0x39f907f1, 0xf7153bfb, 0xfb83fd7c, 0x2cfb07dd, 0x2c5ffb83, 0x9d1e23fb, 0x9976ab83,
    0xf7ee087f, 0x76f7992a, 0xec1a37f7, 0x229cf707, 0x71a37e15, 0x48a876b4, 0x6ca01876, 0x719861a3, 0x62fbd408, 0x8b988c15, 0xee1a9897, 0x1dfb5af7,
    0x90082382, 0xf753fb16, 0xca36f71d, 0xa3063ffb, 0xa1b1a4ac, 0x18a13daf, 0x5771667d, 0xfc086372, 0x30f74c36, 0x8b7e0629, 0x1e7e8a7e, 0xf74a49fb,
    0x4978063e, 0x06fb4c5c, 0xa27f9b59, 0xf77b9570, 0xdfbec91e, 0xf708e39c, 0xd47dfb63, 0x53f77df7, 0xc03f0e06, 0xb65fb7be, 0x4b00ff1d, 0xc4c00080,
    0xb9bad3ba, 0x32f767bc, 0xc6e4c74f, 0xd423f712, 0xcf6ed0b0, 0xf7d043f7, 0xd45ed148, 0xde13d056, 0xbef900f5, 0x321572f9, 0x07e4e6fc, 0x29fb2ff9,
    0xfd64f715, 0x066a4178, 0x29712c08, 0x9e1e31fb, 0x9878ab85, 0xf7f10880, 0x86f79936, 0xde1a3cf7, 0xeede1307, 0xfb25f700, 0xf7d315a8, 0xf7074343,
    0x4315d38d, 0x82d348fb, 0x80f43d16, 0x44fbbaf7, 0xc4bafb15, 0x76dd1306, 0xf78ef700, 0xc68efb3a, 0xdd92e306, 0x0897cc95, 0x20083683, 0x0bfbb85e,
    0x7e72fb75, 0x198849fb, 0x76927d91, 0xda087d8d, 0xde908ee1, 0x87fb551f, 0x87f73afb, 0x0a458252, 0xfb00f503, 0xd0affbaf, 0x6af77af7, 0x894a063b,
    0x8a5b894e, 0xec18538f, 0x9218f78f, 0x089118f7, 0x80f4be13, 0x7b947996, 0x9db97e92, 0x65ae7918, 0x5fb66ac6, 0x7e94187d, 0x7b957c95, 0xd8188830,
    0x36fb75f7, 0x8a800a38, 0x8d5f8b65, 0x77947b93, 0xca087a8e, 0xa2958bb3, 0x9194a51f, 0x0e1aab9a, 0xd2f8d58b, 0x5df801d7, 0xaef803dc, 0xd2f815d5,
    0xfdd7fbf7, 0xf2f73faa, 0x26fcd2fc, 0xd510fa41, 0xd35b0e07, 0xf7d3bff7, 0xf801d352, 0xf903d5c4, 0xf715a30e, 0xd39ff7bf, 0xa107c6fc, 0x9bca9fc9,
    0xa6f808cc, 0x0694fcd3, 0xc495c498, 0x943ec395, 0x80518218, 0x084f7e4e, 0xf7439ffb, 0xfb55068e, 0x5dfb3465, 0x1afb27fb, 0x6fa37d99, 0x08f77b96,
    0xf7dc00f7, 0x31f7c522, 0x73f74808, 0xd9fbbffb, 0xd35af943, 0xd1690e07, 0x74d022f7, 0xe3d1dba2, 0x12d0e0ce, 0xf79af7f7, 0xdd13d74d, 0xdbf73dfa,
    0x7efcd115, 0x96a79607, 0x08a995a9, 0xfbce07f8, 0xa69306f4, 0xa892a892, 0xd00ff808, 0xa3065dfb, 0xa2b3a6ab, 0x18a33baf, 0x536c6579, 0xfb086570,
    0xb17b0679, 0xb169bf6a, 0xa418714b, 0x9c64a36d, 0x5afb086a, 0x06e0f746, 0x6e856e85, 0xfb087083, 0x88f7489c, 0x816d8006, 0x086f7e6d, 0xf745c2fb,
    0xfb48069f, 0xfb2f2e0b, 0x7c9c4a15, 0x7b946ba7, 0xf7bf1308, 0xd9dfc800, 0x1308ecce, 0x5cf75ddf, 0xdffb22fb, 0xd159f945, 0x22f7c2fb, 0xfcd07af7,
    0xa49c077f, 0xa799a699, 0xd45b0e08, 0xf7d4e9f7, 0xf701d49a, 0x9ef8d629, 0xf6f703d7, 0x751d6da4, 0xf71fca99, 0x5a9ef89c, 0xfd5df8d7, 0x1ef9426a,
    0x9efc9afb, 0xfc4038f7, 0x0ffb0788, 0x34f76fbd, 0x060af81e, 0xc1ac37f7, 0x1f9e4bf7, 0x976a8f75, 0xfb089977, 0x6a7b7d35, 0x0e1b01fb, 0x5cf7cb80,
    0xcd10f7cd, 0xd47af701, 0xf7d359f7, 0xfa03d46b, 0x154ff83e, 0x093d82cd, 0x9aab9c95, 0x60ac98ac, 0x96ac1897, 0x97ab95ac, 0x63eb64f5, 0xc1c268cd,
    0x3aaa4e18, 0xd5ab32ac, 0xc4afd0ac, 0x18b44eb4, 0x633b5f4e, 0x02fb6931, 0xad07fbb1, 0x5e58a526, 0xed73e318, 0xfb6ae96d, 0x0bfb6802, 0x7805fb6f,
    0x6da37c9b, 0x9cdb7a96, 0xa4dfa1e1, 0x6a7d6a7e, 0xfb086b79, 0x93f749bb, 0x2e264506, 0x4f06fb2f, 0xa8bf0aee, 0xb2b6aebb, 0xd494fb08, 0x59f7a4f7,
    0xf7d3defb, 0xfb6bf7de, 0x867e074b, 0x7d1e7c87, 0x528b5a8a, 0x9679948c, 0x08778f71, 0x968bbbd6, 0x97a81fa8, 0x1ab29d93, 0xb4fb8ef7, 0xfb2843ee,
    0xb2ac0752, 0xb6a5b5aa, 0x1bf70e08, 0xccdbf7cc, 0xcfabce80, 0xd8c5da12, 0xd1c5dbcb, 0x4ad3eccc, 0x13cfefd1, 0xbbf860df, 0xf715a3f8, 0xcf24fca6,
    0x130665f8, 0x41fba0df, 0xcf73f7e3, 0x43e173fb, 0x36fb86fb, 0x06cc67fc, 0xfb60bf13, 0x159ff81b, 0x4ff71efb, 0xfb4ffb4b, 0xc59cfc1b, 0xfdd859f8,
    0x26f9cb26, 0x0a48f7db, 0x79961f72, 0x788c6e94, 0x8ca2ae08, 0x9d1f9c98, 0xa89f8f97, 0xf7c9f71a, 0xfb45158b, 0x72290646, 0x83fb0ffb, 0x7c9a1e3e,
    0x7a93719f, 0xe690f708, 0xf721f7b2, 0xfb741a10, 0x64d4156e, 0x61b850e6, 0x5d18c1b4, 0x44c32eb3, 0x660e08b0, 0xcf2ff7cf, 0xd8d8c3dd, 0xccd2c353,
    0x1270f74a, 0xd585d2e4, 0x2ff7d29a, 0xf7d646d6, 0xd69cd521, 0xec13d47f, 0xf8cef7da, 0x0df8157e, 0x060dfc29, 0xf89cec13, 0x151efbb3, 0x82ddc7fb,
    0xf7da2b0b, 0xfc66f76b, 0xf766fb9e, 0x0e82397c, 0xfb9cf108, 0xd5b2fbd5, 0x8bf76ef7, 0xf7d69bfb, 0xfb7cf79b, 0x867f0620, 0x1e8a7c88, 0x8b568a7c,
    0x77958d4f, 0x768f7097, 0x8bbdd808, 0xaa1faa97, 0xb29f9396, 0xa4f92a1a, 0x67677815, 0xc76a6f56, 0xa9a81872, 0xb7acb9b1, 0xaaec1308, 0x150cfbdc,
    0x13060afc, 0x2ff7aaea, 0xf5130740, 0xfb2ffb2a, 0xa7c90765, 0xbc68ac7a, 0x4919ae6a, 0xac67a970, 0x196a9a5a, 0x69fb34fb, 0xf928f7d2, 0xd428fb41,
    0xc8600e06, 0xcb60c7f1, 0xc5d7c8dd, 0xc555cef2, 0x0aecc9d2, 0xcc75ceb2, 0x08f7ccef, 0x13d06ece, 0x22f8e434, 0xfb151cf9, 0x4b50f71a, 0x16fb50fb,
    0xf8c59cfc, 0x26fdd359, 0xd826f9cb, 0x830605fc, 0x740a0af7, 0x9579931f, 0xf7788c6f, 0x8df70afe, 0xd01315d3, 0x23fb2415, 0xfef707f2, 0x2efb1524,
    0x062ef7f2, 0x9dfb2efb, 0x2ef7f115, 0xfefb0725, 0x23f7f116, 0x9f080782, 0xce152d66, 0x6dfef7ac, 0xfc35f8d0, 0x0b130686, 0xf71bf80a, 0xadfb151a,
    0xadf708f7, 0xc5eefb06, 0xf87cfb15, 0x077cf731, 0x19f764fc, 0x99f84d15, 0x630e07c9, 0xc607f7c0, 0xbdc2c8d0, 0xbdcabbca, 0xf712c8cc, 0xd16bd143,
    0xd3e6d399, 0xd2a9d4e9, 0xff13d468, 0xf9bdf774, 0xbbd3152b, 0xd45e95f7, 0xc87cf7b8, 0x42cb7cfb, 0xcb95fb4b, 0x78fb4b43, 0x0678f74e, 0xa0fc7ff7,
    0x11f7d015, 0xa373a007, 0x0875a774, 0xa6165afc, 0xa0a2a4a1, 0x03f708a3, 0x6bfb0646, 0xf815bef7, 0x9cfc4c9c, 0x0442f706, 0xf6090885, 0xa9fb4ff9,
    0xb5fcc815, 0x969d9807, 0x089e959d, 0xa6f729f8, 0xa6fb2bfd, 0x79801d69, 0x797c787f, 0x4e95fb08, 0x54065af7, 0x305d4159, 0x9f7f9a68, 0x087b9471,
    0xbda8e013, 0xb3a3b7a0, 0x4ffb08a5, 0xf741f7d1, 0xd360fb45, 0x59f760f7, 0x0ab60727, 0x8d8b6580, 0x7a931f60, 0x7a8e7694, 0x8ab3c908, 0xa41fa494,
    0xac9b9195, 0x0703f71a, 0x77b574b2, 0x9d957db3, 0x9899a4a0, 0xb834a139, 0x0e08bf4e, 0xf7d4a6f7, 0xf801d4f1, 0xfa03d760, 0x15eff746, 0xf1f72efc,
    0xfdd4f6f7, 0xf4f742a2, 0x28fcf1fb, 0xfb28f842, 0xf2f7d7f2, 0xfd062ef8, 0x15f5f794, 0x2ab142b1, 0xa3d15099, 0x62c67e18, 0x08d362e9, 0x90fb65f8,
    0xbbc7b215, 0x3ddbafea, 0x437218a1, 0x4d66255d, 0xd0610e08, 0x00ff0bf8, 0xff00803e, 0x0080cb00, 0xe3f901d2, 0x01f803d6, 0x9e159ef7, 0x9d609f65,
    0x657bfb5f, 0x13f7f218, 0xe033f7f2, 0xad4339f7, 0x77637918, 0xfb657664, 0xcf187e51, 0x12f7cced, 0x410df7bd, 0xfb5d18aa, 0x26fb391b, 0x65736672,
    0x86777079, 0x66977794, 0x919c7c90, 0x4bf791a9, 0x05fb489b, 0x6b6f2d4a, 0x6b705965, 0x77958472, 0x7b8e6698, 0xb199a408, 0xc0bcf794, 0x6297619b,
    0xa9ce6c91, 0x57d87818, 0xeb5810f7, 0xf884f808, 0x51fc1555, 0x0606f844, 0x7d41fc7f, 0x676a34fb, 0x87807e80, 0x73088c77, 0x48908b4e, 0x9476991f,
    0xc7758c6c, 0xae89c888, 0xa18fb08f, 0xb4a9a194, 0x39f797bd, 0x0878f899, 0xf7d13d0e, 0x50f7cbac, 0xd0ac6ac9, 0x0ef712d1, 0xd5eef7d4, 0x03faee13,
    0xfb15e4f7, 0x9393064d, 0x98719777, 0x13199a6e, 0xe0b8ddde, 0x08c8c6ca, 0xb05bee13, 0xfc05877a, 0x46f84d87, 0x50635d06, 0x5a6f5462, 0x5ea157a3,
    0x18605e9e, 0x65db6ecd, 0xfb0869cb, 0xc9f74bf2, 0x53069afb, 0x960805fa, 0x8a488a78, 0x76958e42, 0x758f7096, 0x8bc7e508, 0xaf1fae96, 0xb89e9697,
    0xf79bf71a, 0x5d6a076b, 0x6b6b5d65, 0xbd186dc6, 0xbedbc4bc, 0x18a256d2, 0x14f8b5fb, 0x71ac7d15, 0x44ae77bb, 0x6f9a1876, 0x6d98669d, 0xfb1ffc08,
    0x25fb06a7, 0x3a5dfb84, 0x9b1e22fb, 0x9876ac83, 0xf7e0087e, 0x76f7992a, 0xf71a2ef7, 0x9384f961, 0xf8d26d1d, 0xf701d2e9, 0xfa03d510, 0x1512f93f,
    0x07e2fbd2, 0xc470ae7e, 0x7943b672, 0xa0679e18, 0x0868985d, 0xa4fb21fc, 0x8421fb06, 0x833f59fb, 0x84590846, 0x7e9776ae, 0x29f7dc08, 0xf772f798,
    0x5df71a2a, 0xfc48f807, 0xe87c1532, 0x691ff766, 0x187948f6, 0xaf00fbac, 0x2f9921fb, 0x6f0efb08, 0x5be77615, 0xf75f1ff7, 0x18714b00, 0xfbbb20b4,
    0x082f9e22, 0x1520c9f7, 0xd52ef7e6, 0xf7bb49f7, 0x18a73d39, 0x3f3ffb64, 0xfb2b5ffb, 0x09b0822e, 0x79f9444c, 0xf70e06d2, 0xc7cbc860, 0x04f7c9f4,
    0x15f701d0, 0xd24df7d4, 0x03d486f7, 0x30f95ef7, 0xd07bf915, 0x7f06effb, 0x78b477ab, 0x187942ab, 0x6a9a7199, 0xfc086f96, 0x06a1fb15, 0xfb8329fb,
    0x2afb3a68, 0xad859d1e, 0x087f997b, 0x9731f7df, 0x33f779f7, 0xa586f81a, 0x86fb2215, 0xcff707f4, 0xf71539fb, 0xc935f739, 0x42e135fb, 0xe186fb35,
    0x34fb3544, 0xfb34f74d, 0x03f80739, 0x601511fb, 0x44624d57, 0x51ac446c, 0x08bd63b4, 0xa4cc2ef8, 0x4ec9fc1d, 0x7d681d2c, 0x5dc152b4, 0x2e1965cd,
    0x2179226d, 0x997b9781, 0xf77a916e, 0x0df7990f, 0xeeb4f5a4, 0x6e09f760, 0x947d11f7, 0x9aa99d9e, 0x9502fb9a, 0xa9339f25, 0xcad4bbe3, 0x0e08e0b9,
    0xd0f2d258, 0x6aac78f7, 0xf7ce60ce, 0xf812ce57, 0x24f7d048, 0xf9cf13d4, 0x1554f71d, 0x03f824fb, 0xf848fc46, 0x74fbd092, 0x6cf790f7, 0xf76cfbce,
    0x9ad80666, 0xa0c69bd3, 0xfb18c653, 0x5afb6201, 0x793ffb68, 0x6f937a94, 0x93d67b8e, 0x98d895dc, 0xfbd71308, 0x1570fbe1, 0xfb058a7f, 0xd5bf0609,
    0xedbbe9bf, 0x7318aa5d, 0x6cfb0580, 0x064ff748, 0x3462e713, 0x73783958, 0x72726c77, 0x2d82877a, 0x7d94e108, 0x7d906d9a, 0x95999208, 0xf71e9398,
    0x2f7d0633, 0x486c3d76, 0xc071b66c, 0x7451cd77, 0xad36a618, 0x6457b349, 0x5159594b, 0xa6809c68, 0xc27b9771, 0xb3bcbbaf, 0xf72c08cc, 0x7426f700,
    0xf71b48f7, 0xa08f069f, 0x9d97ad98, 0xfb578908, 0x1b638b5e, 0xfb8c38fb, 0xe2279e1f, 0xf7aae6b9, 0x22f79c08, 0xcf570e08, 0xd9c71bf7, 0x53c6d8c3,
    0xd6c6cfcd, 0x12cd5fc6, 0xf7d2d8f8, 0xf613ce30, 0xf9bbf9c0, 0xfb401549, 0xf707d630, 0x9768fb30, 0x1d45d91d, 0x15c677fb, 0xf7508efb, 0x54fb3d8e,
    0x3e54f750, 0xf7535cfb, 0x86fb3d5c, 0x2886f74f, 0xaff7eed2, 0xd9affbc7, 0xfbc38af7, 0x73f7d88a, 0xc6d01df7, 0xfb1af746, 0x3744df73, 0xf7504dfb,
    0xed13064d, 0xfbb3fbc0, 0x350a7b5c, 0xbdd5bc06, 0x5bebb9e8, 0x5d33fd85, 0x0641f749, 0x39593364, 0x6c777279, 0x87787373, 0x839b7b95, 0x953209f8,
    0x939b98a3, 0x7e1d271e, 0x723e7732, 0x76b46f49, 0x54c779bd, 0x3ba31875, 0x58b04ca9, 0x585f4967, 0x819c6657, 0x7c9771a5, 0xbcb5b1bb, 0x2708caae,
    0x7224f7f3, 0xf71b4cf7, 0x9f8f06ab, 0x9c96ab98, 0xfb588a08, 0x1b648b6b, 0x1dfb3dfb, 0x1f2aeba1, 0xf7a8e8b3, 0x20f79a06, 0xedf70e08, 0xd2aff7d3,
    0xd7b6f712, 0xaaf7d643, 0xf8d813d7, 0x1535f805, 0x99998b99, 0xf785f71a, 0x07affbaa, 0xfb16bef7, 0xf7aff772, 0xc9fdd253, 0xfb5df744, 0x8b7c0684,
    0x1e7c8a7e, 0x064381fb, 0x7ef7e813, 0x1bfb7d06, 0xfb1afb58, 0x7f9d253a, 0x7a9971a6, 0x07f74bf7, 0x992ff7be, 0xf70830f7, 0xd73bfcad, 0x72f73bf8,
    0x31f70e06, 0x44f747cf, 0x45f744fb, 0x08f7cdac, 0xcb05f7cb, 0xd424f712, 0xcff7d4b9, 0x13d4a9d4, 0x86f9c09f, 0x1d796af9, 0x05f7adfc, 0xfbaaf807,
    0x16f715fb, 0x03f7a6a8, 0x8e741f9a, 0x9778956d, 0x7d833908, 0xfc1b397c, 0x04fb0624, 0x1fb69577, 0xf7f6f8ca, 0xfb3ffd85, 0xba2a07c5, 0x1e37f776,
    0x22fbe6f8, 0x809f1315, 0x130674fb, 0x00f7805f, 0x0c830742, 0xd0fb002d, 0x803f1307, 0x948b948c, 0x84dc1a95, 0x3ccd0b13, 0x818b8207, 0xfb1e808a,
    0x56f74762, 0x594b7706, 0x580efb4a, 0x71a27d9b, 0x28f77a95, 0x9de2c1cc, 0xd8f708e0, 0xf7d47bfb, 0x0674f77b, 0xf7d83d0e, 0x29f7d3fb, 0xa4f701d3,
    0xd970f7d4, 0x03cd93f7, 0x5af91afa, 0x4cad6d15, 0x59ad58be, 0x67be1862, 0x68a855c9, 0xfb8dfc08, 0x4ff715c5, 0x434afcd3, 0xb6fb46f7, 0x427b3b06,
    0xa280537c, 0x13f71842, 0xb54bf7a7, 0x85b43df7, 0x7b4318cc, 0x7c457d43, 0xf8eaf808, 0xfbd31583, 0xc68807bc, 0x1ac9c78a, 0x4e8c063d, 0x508e4e8c,
    0x4393fc08, 0xfc0698f8, 0xfbdea506, 0x1b37f7b3, 0xf7bea7d7, 0x761f9841, 0x7a9b6f93, 0x19fb089c, 0x70547f85, 0xf73c281b, 0x73e5f787, 0xd1480e1f,
    0xf7d0a3f7, 0x33f7d12d, 0x68f812d1, 0xf7d43cdb, 0xf613d582, 0xebf74af7, 0x94ba9415, 0x08bf94c1, 0xbff7e1f7, 0xf74545fc, 0xfb33fbfc, 0x2d7e06d7,
    0x780dfb74, 0xfa13083e, 0x7d060df8, 0x427b3cfb, 0x81087874, 0x758a8080, 0x8b4a721b, 0x9a1f4991, 0x8d6c9576, 0xc987ca73, 0xb08daa8b, 0xa092a18d,
    0x9cadaca2, 0x72f79ce4, 0x8c968d08, 0xf71a8ba3, 0x1577f87c, 0xfad51bfe, 0xf80e071b, 0x95f7d00f, 0x42f712d1, 0xf7d146d1, 0xf743d335, 0xf9d81348,
    0x15c8f9e0, 0x06fb3b4e, 0x9e5c2c36, 0x9974a07e, 0xf7c2ef7b, 0xe7d3e305, 0x88fb6308, 0xfb354815, 0x5826300c, 0x74a07d9d, 0xc7f67b98, 0xd9ea0bf7,
    0x4cfd08ec, 0x95f71545, 0x95fb35f7, 0xf7d41307, 0xd0154648, 0xfbd81307, 0xe995f700, 0x4594fcd1, 0x95fb07f7, 0x064616fb, 0x15f7e813, 0x28fb8706,
    0xfb26fb75, 0x9c0afb00, 0x9773a681, 0xf70bf77b, 0x38f7a417, 0x083bf78f, 0x5bfc36f7, 0x065bf8d3, 0x152635f8, 0xfb0ffb41, 0xfb03fb21, 0x7c9d4e27,
    0x799771a1, 0xf7d22ef7, 0xdf0af722, 0x0e081ef7, 0x45f7c844, 0x6bc0dfc0, 0xcbc7bdab, 0xc6bcc8bd, 0x03f712be, 0xf4d04dd2, 0x4dd4f6d4, 0xa8ef13d4,
    0xc4f9daf9, 0x253b5215, 0x9e5a3338, 0x9874a17e, 0xf2c3e77c, 0x08e4cee4, 0x1583fb67, 0x4c881f13, 0x3308fb35, 0x7d9e5a27, 0x7b9775a0, 0x09f7c5f4,
    0x08ecd3e7, 0x3ff759fc, 0xc6c3fb15, 0x1db9c3f7, 0xf7c8c3fb, 0xf7d406c3, 0x53fc1533, 0x53f8a2fb, 0x154bad06, 0x82066efb, 0x7fa27ea0, 0x187a479d,
    0x7b937e93, 0xfb087b92, 0xa6f84f7d, 0xfb47fc06, 0x57751599, 0x66635667, 0x76a4819b, 0xb4b38197, 0xc6a4cbb6, 0x70e01308, 0x1545f76c, 0xfb37b1f7,
    0xfaf706b1, 0x52f71556, 0x52fb3ffc, 0x38fb42f7, 0x87898207, 0x8a811e7f, 0x8c628b69, 0x73947995, 0xc208788f, 0xa3968bb1, 0x9195a51f, 0x231aaf9b,
    0x155dbe1d, 0x4cb15dad, 0xa8c3649d, 0x63b27918, 0x08b867c7, 0x08f739f8, 0x07fb4615, 0xfb2415fb, 0x7c9d5117, 0x799773a1, 0xf7cf1df7, 0xd803f717,
    0x0e0813f7, 0xd244f13e, 0xf7d295f7, 0xc650d273, 0xd549f712, 0x13d8eff7, 0xf952f976, 0xb67c153b, 0xbe69cf65, 0xac187348, 0x9844af57, 0x0ffc0860,
    0x61154bf7, 0x3f373745, 0x9e7d9658, 0xe07a946e, 0xc4e8e7c6, 0xfb5908e2, 0x24521557, 0x4933262f, 0x659f7998, 0xa9ae7a92, 0xb2adadb0, 0xfcae1308,
    0xb0f8d556, 0xa8b3a907, 0x08b5a2b6, 0xeaf77613, 0xf715c7fc, 0xd26ef795, 0x73f76efb, 0xfcd28ef7, 0x90f744d7, 0x6dfb73fb, 0xfb6df744, 0x44acfb95,
    0x07d20cf9, 0xf7d2400e, 0x02f7cfa2, 0xcf13f7d0, 0xd34ff701, 0xcdd4eff7, 0x95f703d4, 0x6015d6f9, 0x3d373245, 0x9d7c9758, 0xe37a936f, 0xc5e9ebc6,
    0xfb5608e0, 0x087b8254, 0x32252b66, 0xb20a0ef7, 0xb0b1b2aa, 0x5efc08b4, 0x07b3f8d3, 0xb4a7b2a9, 0xd908b5a1, 0xb91515fc, 0xa040bd57, 0x18b0ca5b,
    0xd357bb75, 0xf808bf5d, 0x1562f775, 0xf7abfbd0, 0xcf77f713, 0x10f777fb, 0xfb10fb42, 0x6ff7476f, 0xa9fb13fb, 0xfb34f846, 0x4729fc02, 0x90fb29f8,
    0x8a7c0a4c, 0x8d4f8b54, 0x6e967695, 0xd908768e, 0x0805394c, 0x9f959731, 0x90f71ab8, 0xfbcf19f7, 0x0702f719, 0x0af1f70e, 0xf7d449f7, 0x89f7d330,
    0x13d595d5, 0xbff940ff, 0xfb1531f9, 0xddf7dbdd, 0x046bfb06, 0x82dcddfb, 0xf7d53608, 0x6ffc1552, 0x6ff8dcfb, 0xf70cfd06, 0x455f15f8, 0x583c3832,
    0x22ca8698, 0x83c6e8ec, 0x155332ca, 0x262a2450, 0x79984931, 0x7c91659f, 0xb0b3a9b2, 0x09ce83b1, 0xb2f8d4f0, 0xa8b3a907, 0x08b4a2b5, 0xf74ffcd7,
    0xe0130ab1, 0xe029fb80, 0xfccb17f7, 0x0ef84bdb, 0x4b25fc36, 0x52fb25f8, 0x7d0a2f06, 0x538b598a, 0x9677958d, 0x510aa9f7, 0xbdf701d1, 0xd1e7f7d6,
    0xf9ecf703, 0x48e91585, 0xc22908f7, 0x18c2c04d, 0x0bfbca52, 0x08cb2ee9, 0xd2fb02f8, 0x09fbc315, 0x9f31fbc1, 0x18a8d424, 0xf754f276, 0x0bf7512d,
    0x7146fd08, 0x09fb7d15, 0x6030fb6a, 0x186cd525, 0xf7aaf5b4, 0x09f79b3d, 0x15e4e208, 0x280780fc, 0x00f770a9, 0x065df71e, 0xc2a203f7, 0x1f9651f7,
    0x986c9176, 0xfb089979, 0x68828340, 0x53fb1b4d, 0x947f5206, 0x81f81fb9, 0xd35f0e07, 0x12d118f9, 0xf750c6df, 0xf5d3433f, 0xce4df8d4, 0xf8e9ee13,
    0xd4a51504, 0x9006f79d, 0xd61308dd, 0x130a5950, 0x962af7ee, 0x4cfbdc0a, 0xab51a915, 0xc25b963c, 0xb97f18a7, 0xc66cd76a, 0xfd6bf708, 0x6451151d,
    0xa5bbb19c, 0xf854f8d2, 0x8f8f1f8d, 0x8f8d908f, 0x7a18a45c, 0x63fc0588, 0x0619f845, 0x60fc24fc, 0x1a4b4278, 0xf75ec241, 0x9bf71e0c, 0xb2a9f106,
    0x1f9667f7, 0x966f8f77, 0xfb089578, 0x6a7f853e, 0x4d0e1b54, 0xd10ef8ce, 0x01d23df7, 0xf7d4a4f7, 0x3ef7d707, 0x0bf703cf, 0xcdb81570, 0xdba0f5ac,
    0x7818a249, 0x5d27683d, 0x04f8084d, 0x7f4c1588, 0xf71fa991, 0x6efb426d, 0x76aa3a07, 0xf71e06f7, 0xa2ec0676, 0x9616f7ab, 0x86210acc, 0x1b557a82,
    0x1552f79c, 0xcf29bf5c, 0x5e57b93c, 0xea5bdd18, 0x0858b743, 0x15e323f7, 0xfbc237bd, 0xd447a205, 0xcf7118a8, 0x5a02f750, 0xa6fb08de, 0xf71547f8,
    0x24fb3f24, 0xf84425fc, 0xfb3dfb25, 0x8df945e5, 0xf7f0fbd1, 0x9c2cf83d, 0xd2c9f71d, 0x12d178f7, 0xf752c4de, 0xf7d44237, 0x29f7d5e2, 0xe5ee13d4,
    0x204105f8, 0x91610805, 0xd61308dc, 0x130ade52, 0xbe21f7ee, 0xfb61f70a, 0xb97f15ea, 0xc66cd869, 0xa8187357, 0x963dac50, 0xe0f7085b, 0xf71520f7,
    0xfb78fb29, 0xb68f062e, 0x1ab3b58c, 0x58fbc8f7, 0xf735d215, 0xf772fbbe, 0x33fb4133, 0xf74557fb, 0x63072457, 0x6087618a, 0x4488fb1e, 0x72067ef7,
    0xfb490efb, 0x3443fb0f, 0x0518529c, 0xe73b3f09, 0xac10f7d8, 0xfbc411f7, 0x0ffbe830, 0x974e1ff7, 0x9daaa2a1, 0xbe1ffb9b, 0x560df72b, 0x0e0828f7,
    0xa7f7ce4c, 0xced2f7cc, 0xd49df701, 0xadcffaf7, 0x29f803d9, 0x4f152af9, 0x292905fb, 0x9b4b00fb, 0x9670a67f, 0xd706f77e, 0x06f700f7, 0x081df7d1,
    0xfb531d2f, 0x0afb2f23, 0x9b3e08fb, 0x9573a87f, 0xe50ff77d, 0xc91af7ef, 0xf40838f7, 0x60fb7d06, 0x76753a7d, 0x82828008, 0x781b7a8a, 0x5b908b5f,
    0x9478961f, 0xbb758c6e, 0xa48abb89, 0x9e8da98e, 0xa9a19e92, 0x9ceb9aac, 0x0a3195f7, 0x9d06c0fc, 0x99a99ca7, 0x189f43a9, 0x3106fb56, 0x472a00fb,
    0x73a9809d, 0xb6c17f99, 0xcbbbc2c0, 0xfc30f708, 0x5abb152f, 0x5fa347c3, 0x7018adcb, 0x5acd53b7, 0x10fc08ba, 0xb415c0fb, 0x9feda9c8, 0x18a14cd6,
    0x2d6a4278, 0xf8084f62, 0x4c158503, 0x1fa99180, 0xfb425cf7, 0xa93b075d, 0x1e05f775, 0xea0677f7, 0x15f7aba3, 0x210acc95, 0x567b8286, 0xf711f71b,
    0x47bb1567, 0x509d2dbd, 0x7618a4d3, 0x5be657c6, 0x550e08cf, 0xd1faf8ce, 0xd4a3f701, 0xf7d70ff7, 0xf703ce3c, 0xb7156610, 0xa1f5abd0, 0x5f8249dd,
    0x683b4009, 0x084b5e27, 0x159a00f8, 0xa8917f4a, 0x4256f71f, 0x3b0757fb, 0x07f776aa, 0x067cf71e, 0xf7aaa2eb, 0x977b0a08, 0x83852508, 0xfb1b567c,
    0x1521f89a, 0x57d268c5, 0xb6ce66aa, 0x45b16618, 0x08ac51bc, 0x154bfb69, 0x41d057c5, 0xb3c75bab, 0x44ba6918, 0x08bd53d2, 0x154bacf7, 0xfbbd37be,
    0xd2469c06, 0xd27818a4, 0x5802f756, 0xf81d7cdd, 0xfcd11506, 0xb994073b, 0xbc90bb92, 0x86063f08, 0x805b855a, 0x16fc085d, 0x0602f845, 0x2915fb5c,
    0x7bfb00fb, 0x9e7c9951, 0xf779936e, 0xf7f5d096, 0x31f7bc17, 0xf746fbd5, 0xf70dfb17, 0xa1965559, 0x9c9ca9a1, 0xfbb347fb, 0xf746f013, 0x610e0823,
    0xd08ef7d2, 0x12d263f7, 0xf753c3de, 0xf8d5413a, 0xf613d508, 0x1508f8e4, 0xf79ed4a5, 0x08dd9005, 0xf453ea13, 0x1949700a, 0x24f7f613, 0xd51568fc,
    0x064125fa, 0x154cfbdc, 0x43a954a7, 0xa6c36096, 0x6cb57f18, 0x08c16dd2, 0x1cfd17f8, 0xf78ef715, 0x60fbd060, 0x76f763f7, 0xf776fbd2, 0x63fb4163,
    0x990711fb, 0x95bf97bc, 0x189743bf, 0x631cfb74, 0x34511afb, 0x7bac839d, 0xb6a6819a, 0xc79fbfa2, 0x8226f708, 0x683d0924, 0xfb68f746, 0x44b2fb8e,
    0x06d2f6f8, 0xf7ce4a0e, 0x43f7d1d2, 0x51f712d1, 0xf7d79cd9, 0xdc5dd1f3, 0x73f9f213, 0xfc151af8, 0xf843f768, 0xd1dc0668, 0xad1d6615, 0xabc9b0be,
    0x18aa3fc3, 0x3b5e4e73, 0xfb085063, 0xa9c80661, 0xd05eba79, 0x4c19be60, 0xb557b46e, 0x195d9d45, 0xcffb40fb, 0xfc0607f9, 0xcc155827, 0xb045d75f,
    0x18bbc15a, 0xce3db967, 0xfb08b749, 0x15e0fbf2, 0xe8acc7b8, 0x9946db9c, 0x693f7918, 0x08596133, 0x18f88c13, 0x7f4c1581, 0xf71fa990, 0x61fb3f61,
    0x76a83a07, 0xf71e0af7, 0xa3e70673, 0x9605f7a7, 0x6c8f751f, 0x08967a97, 0x7d838534, 0x00f71b5a, 0xc41569f7, 0xa12fc647, 0x18b0c74d, 0xe44fc975,
    0x0e08ce50, 0x12cffdf8, 0xf753c3e6, 0xf7d04626, 0x14f7d19f, 0xefc013ca, 0xa61506f8, 0x05f79cd3, 0x1308de8e, 0x879453a0, 0x01fb7938, 0x13194b70,
    0xfc12f79c, 0xf70a4367, 0x15f2fb56, 0xda6fbb83, 0x7756c96e, 0xa54ca718, 0x0859933a, 0x2ff70ff9, 0x400a9ef7, 0x66fb6b1d, 0xfb41fb51, 0x9b0afb01,
    0x9671a77f, 0xfb0a74f7, 0xf79a3c73, 0xd0500a7f, 0xdbc799f7, 0x3b0182c4, 0x58f712c6, 0xf7d587d3, 0xd563d0fe, 0xf780fc13, 0xf81d9aa0, 0x61fc3b61,
    0x046df706, 0x2c29088f, 0xbe1500fc, 0xa449c45c, 0x08b4825f, 0x52b571a4, 0x08b758cb, 0x6df8d8f7, 0x9b06befb, 0x99ab9ca4, 0x189a35aa, 0x617c6e83,
    0xfb086b7c, 0xf76dfc7c, 0xf8fb06a9, 0xaf15c0fb, 0xa6e3aec4, 0x18a74bc8, 0x36644d73, 0x13085464, 0x01f80083, 0x804a1592, 0xf71fa690, 0x37fb4136,
    0x76a93c07, 0xf71e08f7, 0xa3ec0678, 0x9513f7a9, 0x6c8f761f, 0x08987a96, 0x7c828626, 0x14f71b56, 0xb9154bf7, 0x9c36bb4d, 0x18abd054, 0xde5ac279,
    0x0e08c75c, 0x65f7c947, 0xd0bcd0be, 0xeec8bdbe, 0x54f712c8, 0xf7d4afd2, 0xd49acbb6, 0xf740ff13, 0xbe155911, 0xa7d5b4ba, 0x73824dc7, 0x435f5133,
    0xf9085f59, 0x1517f838, 0xf8d072fc, 0x4ffb0672, 0x08088504, 0x3df7d4e0, 0xfb02fd15, 0x068ff7b5, 0x6bc26b69, 0x6aab5ccf, 0x6cb9b919, 0x57b54fa8,
    0xeff719a6, 0xfb11fc06, 0x82571565, 0xf71fa290, 0x15fb4215, 0x78a64407, 0x50f71ef0, 0x808c1306, 0xf7a6a2db, 0x781f9302, 0x7b956e90, 0x86320896,
    0x1b607f85, 0x28f718f7, 0xc255bd15, 0xca59a142, 0xbc7218ab, 0xbd59d353, 0xf81efb08, 0x6e8015aa, 0x6c7a6479, 0x067bfb08, 0xb379a883, 0xf708a979,
    0x9a1528f3, 0x9ba89ba5, 0x189851aa, 0xfbc85bf7, 0xa57f06d3, 0xa27aab7b, 0x6bf77c43, 0x4ef9fb0a, 0x4c0669f7, 0x98719a7d, 0x1971936a, 0xf94e7bfb,
    0x0e06c8ea, 0xbcc858f7, 0xb8bee9bd, 0xc6b4c6bc, 0xbedc12bc, 0x4630f758, 0xcb01f7d0, 0xc6bcd27f, 0xc6c602f7, 0x13cf77d4, 0xb9f9bcfe, 0xfb154bf9,
    0xe4f7c6e4, 0x06841df6, 0xf7d4063b, 0x74fc1529, 0x74f895fb, 0x5a621306, 0x952b68fc, 0x00fb2d1d, 0xe93bf706, 0x25088274, 0x3df70602, 0x08828ae9,
    0x0604f408, 0x155924fc, 0x57f7d8f8, 0xfb06d8fc, 0x1515fb95, 0xf79cd5a1, 0xa6d88f07, 0x0a6b581d, 0xf7808013, 0x2465fc18, 0xfb4ef70a, 0xb48315db,
    0xc077d477, 0x9d187c58, 0x92429e53, 0x84f8085e, 0x6315b8fb, 0x4e66565e, 0x57ab4d6c, 0x08b763b0, 0x21cb07f8, 0x4e97fc1d, 0x52b506d3, 0x63cb5bc2,
    0x752d6c37, 0x7c977f2f, 0x79916d9a, 0x00f79cf6, 0xdeb6eba7, 0xf26deb63, 0x9d9e957b, 0x329a9ba8, 0x3fa03798, 0xbadc08a7, 0xd7b6c8cd, 0xe53c0e08,
    0x01ce18f9, 0x03d7bbf8, 0x4af915fa, 0x4eb26f15, 0x57b159c3, 0x62bc1864, 0x63a751c7, 0xfc26fc08, 0xbe6f15a1, 0xd25bcc61, 0xaf04f7bd, 0xf79f19f7,
    0x0a885b2d, 0xf748cdfb, 0x297a06b9, 0x396a2f71, 0xd655d457, 0x6156cb5a, 0xc941c218, 0x5437c233, 0x354302fb, 0x7d9d563d, 0x78976fa3, 0xdbcfc4d7,
    0x4fb3efc1, 0x82a251ad, 0x5dbd08ba, 0x6a152cf8, 0x50355a34, 0x7bd7763f, 0xf7f480e9, 0x8218adb9, 0x6ab7fbcf, 0xe286db84, 0x3f19e488, 0x902e8f06,
    0xfb389332, 0x94187b1f, 0x9a1bf747, 0x9f16fb9a, 0x2fa807fb, 0x464a4c19, 0xa1674054, 0x9975a27d, 0xc5aec978, 0xb7c2c2ba, 0xdb4fc629, 0xb388bb85,
    0x39f79fbb, 0x9e6a917c, 0x20819a7e, 0x8d72547c, 0x62905a08, 0xd5de6cbd, 0xb2f2c7e3, 0x460e08f2, 0xf7cccbd5, 0x16f7d099, 0x18f712d4, 0xd44af7d7,
    0xd748d8db, 0x13cb9bf7, 0x32f900fe, 0xca15a7f9, 0xb158d769, 0x18beb968, 0xbb3dae64, 0xed08aa4d, 0x1315cffb, 0x266c00fd, 0x3c553160, 0xf779ea70,
    0x19f7810b, 0xd4d2f708, 0x08318206, 0x06d7fbbb, 0xc38ac188, 0x063e1ac5, 0x538c528c, 0xfc08548f, 0x06abfb35, 0xfb8215fb, 0x0efb393f, 0xab829c1e,
    0x087c9871, 0x9a16f7e5, 0x20f75df7, 0x4af7931a, 0x40fb8707, 0x7c7d4c86, 0x81858208, 0x7a1b7d89, 0x5d8f8c60, 0x9378971f, 0xbc748c6f, 0xa48bb889,
    0x9c8ea78d, 0xa09e9a92, 0x90df91a5, 0xab0874f7, 0x16f793fb, 0x80fd1307, 0x9806edf7, 0xfba335fb, 0x05fbaf27, 0x4d3e404b, 0x7d9c5b32, 0x7c966da5,
    0xc3d0b8d8, 0x2408ccc7, 0xd84ec7b9, 0xbca6d71b, 0x1f993ef7, 0x9c709177, 0xfb089c7a, 0x577f8419, 0x5d581b6f, 0x1f66edc4, 0xf7c6ead5, 0x0aabb606,
    0x6af7d83e, 0xcc41f7cb, 0x08ff82e3, 0xf7d0146c, 0xd9dad45f, 0x93f7d846, 0x00fe13cc, 0x6ef91dfa, 0x41ac6615, 0x60a64eb6, 0x6ec8185d, 0x69ae5dd4,
    0xfcf6fb08, 0x691d969e, 0xfb693efb, 0x40997600, 0xa508f718, 0xf7ae37f7, 0xfb08ac2d, 0x1554f703, 0x41f75ffb, 0xfb065ff7, 0xfb15cca4, 0xf7edf7c2,
    0xeef707c2, 0xfd13159c, 0x60236b00, 0x7239552f, 0x0cf77aec, 0x0818f781, 0x3041bbf7, 0x06c03905, 0xbf8abe89, 0x063d1ac1, 0x578c568c, 0xfc08578e,
    0x1306427b, 0x7ff880fd, 0x2908de82, 0x28fba136, 0x4909fbae, 0x2d493b3b, 0xa87e9c59, 0xda7c976e, 0xc9c4d1ba, 0x00fb08cf, 0xd64ac7b8, 0xbca7d81b,
    0x1f983ff7, 0xdf829276, 0xdf829d20, 0xdf838520, 0x5e5a5f08, 0x1f66f2c9, 0xf7c6eed6, 0x1af7b709, 0xd3400e08, 0xbcc3bee6, 0xb4c1b5bd, 0xc8bbb5c0,
    0xf750c6c7, 0xc9f31221, 0xd2a3cab6, 0xcaa5c846, 0xd4becbb6, 0x65f7d34b, 0x677f13c4, 0xf909fa00, 0xb071154c, 0xad5abc52, 0xbc186358, 0xa457c268,
    0xc3fc0867, 0x1d885efc, 0x0605fb53, 0xf7042ff7, 0x08825905, 0x26f72133, 0x4a5c1315, 0x5518f700, 0xf70618fb, 0x18f70428, 0x09088356, 0xfb16d9b7,
    0x1d2fc018, 0xfb0428fb, 0x1d2fc118, 0x8ffb4afc, 0xaff85815, 0x761307be, 0x24fb8066, 0xbc0ff7c3, 0xf6bd0ffb, 0x57fc7cf7, 0x59f47cfb, 0xf75a10fb,
    0x92065310, 0x6168154d, 0x6e545f52, 0x74a5819a, 0xafc17e97, 0xbeb4c1cb, 0x1581cc08, 0x5aba6ab1, 0xa9c86ea1, 0x5bab7418, 0x08aa64b9, 0x40f831f8,
    0x71207b15, 0x7439642b, 0x0ef77aeb, 0x081ef782, 0x06c887f7, 0x00910213, 0x88068bfb, 0x8cce89cb, 0x064208d1, 0x488d468c, 0xfb084a8e, 0x83130689,
    0xf7c7c010, 0x4efbc64e, 0xfb3944dd, 0x50f75050, 0x4e8ffb4f, 0x9707cef8, 0xfba341fb, 0x07fbae30, 0x59554e61, 0x7d9e6547, 0x799674a0, 0xb4baaec4,
    0x3c08bbb2, 0xc25db8af, 0xb0a2cc1b, 0x1f980ef7, 0x9b739279, 0x2e089a7c, 0x766b8186, 0xb86b681b, 0xc81f6fd8, 0x11f7b1f0, 0x4c1de0a3, 0xc73cf7c2,
    0x19f7c9e4, 0x12cbf5cb, 0xf7d520f7, 0xd54ec870, 0x5dd9a0f7, 0x40fd13d4, 0x36f9bcf9, 0xe6fc2115, 0x3efb07f5, 0xf72ff904, 0x06d7fb7e, 0xb27ba980,
    0x7744a97b, 0x96749618, 0x0871956d, 0x82fbe4fb, 0x8230fb06, 0xfb2d74fb, 0x0a5df732, 0xf79a3bf7, 0x1a38f788, 0x53fb51f9, 0xe6fbc915, 0x7ea1c107,
    0x73b770a8, 0x754c19ad, 0x5ea46aa0, 0xfb196e98, 0x51f74dd2, 0x2efb7c06, 0xfb05fb60, 0x7e9a4e44, 0x7a93719f, 0xcdbd1cf7, 0x08f4acdb, 0xf780fe13,
    0x268006be, 0x7d7b5f80, 0x81838408, 0x781b7789, 0x54908c54, 0x937a961f, 0xc3788d72, 0xa78bc187, 0x9f8da98c, 0xa69c9d91, 0x99c897a3, 0x0a3926f7,
    0xc6fb8c56, 0x09af8206, 0x8fa790c3, 0x08aa8fa9, 0xf7d4420e, 0x36f7d48d, 0xcd16f7d2, 0xd664f801, 0xf749fa03, 0x2efc15d6, 0xf6f736f7, 0xf7f6fbd2,
    0x0af70636, 0x9e01f799, 0xc653a5e0, 0x5c2afb18, 0xfb71b6fb, 0x7a928080, 0x778e6e94, 0x05f790f2, 0x9702f792, 0xfb2efb08, 0xecf744ec, 0x2ffc36fb,
    0xfb2ff842, 0x82760771, 0x741e7584, 0x378a3d8a, 0x9977978e, 0xf476916a, 0xb08dcb8a, 0x97b00897, 0x1ac0a19b, 0x2ef872f7, 0xd84c0e07, 0x01d6b5f8,
    0x03dae0f8, 0x0ef93afa, 0xf79ffb15, 0x5ffb3c5f, 0xf84099fc, 0x03fb0650, 0x4efb46fb, 0x47fb49fb, 0xa27aa030, 0xf776986f, 0x54f7f44c, 0x08f758f7,
    0xfc0852f7, 0x83770783, 0x1e8a7785, 0x8b468a78, 0x75968e44, 0x768f6997, 0x8dc68aed, 0xad0898ad, 0xc0a29997, 0xf79cf81a, 0x440e079f, 0xf8d040db,
    0xd4b6d2c6, 0xd45df712, 0x13d940f8, 0xf831f8bc, 0x641d5831, 0xf753f705, 0x1efbd21e, 0xfb425bf7, 0x4429fb5b, 0x69fb29f7, 0x547c5007, 0xa1805f7c,
    0x97b41840, 0x99bc99b9, 0xfb7c1308, 0x857c0791, 0x607f7d86, 0x1e5b8c8b, 0x6d967795, 0xd008778e, 0xa5988cb4, 0x9597a51f, 0xf71ab69e, 0x99bc07a9,
    0x9abc9bbd, 0xf8abf808, 0xb0fc152c, 0x06b1f742, 0x1afdbc13, 0x85837807, 0x761e8a78, 0x428b428a, 0x9976978e, 0x08759066, 0x998cc9e9, 0x97af1faf,
    0x1abea498, 0x45f71bf9, 0xcf460e07, 0xbdf8d153, 0x4bf712d1, 0xd4f7f7d4, 0x13d060f7, 0xf80ef87c, 0x7f621529, 0x7f637f62, 0xf759f708, 0x12fbd112,
    0xf7425cf7, 0xa1820ae8, 0x10f71842, 0xbc1305af, 0x45f795fb, 0x07abf70a, 0x98b898b6, 0x0ba583b6, 0xfbe6f7a3, 0x856815d8, 0xf71fb593, 0x9ff707c1,
    0xfbce80b4, 0xf7056594, 0x9dd607a1, 0xa2c3a1d1, 0x2d18c34b, 0x6340fb5f, 0x94722bfb, 0x8f6f967b, 0xca93c57b, 0x0898c997, 0xfb079bfb, 0x45976c68,
    0x05aa5cf7, 0xa12c1d7a, 0x321ede71, 0xbc9dda1d, 0x1f9428f7, 0x996d9076, 0xfb089979, 0x6c868715, 0x430e1b6a, 0xf7d18ecf, 0x25f7d4b1, 0x12d0abd1,
    0xf8d35df7, 0x7e13d3c0, 0x25f827f8, 0x056b1d94, 0x16f75ff7, 0xf716fbd1, 0x54fb4354, 0xf74527fb, 0x0770fb27, 0x7f547d4f, 0x42a0815f, 0xba96b418,
    0x0898bd97, 0x9cfbbe13, 0x1e5b0ae1, 0x6e967795, 0xd008778d, 0xa5978db4, 0x9596a51f, 0xf71ab69f, 0x97b907ad, 0x97b998ba, 0x2df89408, 0x2cf84615,
    0x14fc8bfb, 0x0714f842, 0xb1fb7e13, 0xf84533fc, 0xf9d34233, 0x430e07c5, 0xf8cf38e1, 0xf712d1cb, 0xa0f7d354, 0xcabff7d5, 0xf8f97c13, 0x6f1532f9,
    0x5ac84eb3, 0x186654b4, 0x4cc560bc, 0xfc0861a6, 0x15b4fb30, 0xf761cf82, 0xc6f80a71, 0x6a1538f7, 0x4f3f5a40, 0x79d57648, 0xf7ef7ee4, 0x8318acc6,
    0x6cc6fbcf, 0xe085db83, 0x4119e487, 0x922f8f06, 0xfb389334, 0x92187b2d, 0x9b2df745, 0x9f0efb9b, 0x33a900fb, 0x33443f19, 0xa0672f4f, 0x9973a27c,
    0xd9afda78, 0x08cad0c0, 0xfbbbbc13, 0xe44ace02, 0xb287bd84, 0x36f7a2bd, 0x9d6b917b, 0xfb819c7c, 0x70557b03, 0x5c91528d, 0xd4e766c3, 0xb5e5c8d9,
    0x4a0e08e6, 0xcc19f7d1, 0xcce3cbe8, 0x26f7cf8a, 0x6af812cf, 0xf7ee13d5, 0x7cdbf8bd, 0x4766fb0a, 0x66064ff7, 0xfb3c59fb, 0x9b332533, 0x986fa780,
    0xf305f77b, 0xb258f7e7, 0xf70890f7, 0x15a1fb5d, 0x5fcb16f7, 0xe3f6131d, 0xfbcc06f7, 0xef07c506, 0xd0d3f1ba, 0x18b058d2, 0xfc05877b, 0x69f847b5,
    0x3e5d5306, 0x086d465c, 0x4a09fb31, 0x5b3309f7, 0x47fb2e0a, 0xfb47f74a, 0x867c0703, 0x1e8a7885, 0x8d8b4d7a, 0x76961f48, 0x768f6d97, 0x8cc3e008,
    0xac1fab97, 0xb99f9698, 0xf703f71a, 0x43fbcc43, 0xf8e8f707, 0x5e6e1515, 0x5d60545d, 0xc480c17e, 0x8049c582, 0x8bfbb218, 0xf76afbd0, 0x9705fb1a,
    0x9ca6a39e, 0x51c83d99, 0x11f763f2, 0xcbc8b8bd, 0x0e08c2b9, 0xddf7cf46, 0xadcbd1d1, 0x01d1ead1, 0xf7d44df7, 0xd1db9c0a, 0x03d242f7, 0x6ff9b3f8,
    0xfb42f715, 0x9a410634, 0xdf1ed16e, 0xf8f79f06, 0x7c89750a, 0x7b063e1b, 0x1fa79588, 0xcffb7bf7, 0x440702fb, 0x03fb3979, 0x7f991e4e, 0x7c946fa5,
    0xd20ff708, 0x1ae4f6a6, 0xfbfb4afb, 0x2ecf8115, 0x57f70570, 0xfbd110f7, 0xfb0ab110, 0x1cf7451c, 0x53076bfb, 0x627d587b, 0x1843a181, 0x05b012f7,
    0x01f796fb, 0x8db5cf0a, 0x62f7a497, 0x07adf70a, 0x15a8a3f8, 0x4c543f67, 0xc14b574a, 0xd468cb56, 0xd4fcf708, 0x53fc0a7c, 0x8106b245, 0xc232b387,
    0x194ccf3e, 0x682e593a, 0x0afcf72b, 0xc6e2b3f0, 0x61ea52d9, 0xa09571f6, 0x9b9caa9f, 0xae31a027, 0xd3e1ba40, 0xacb3e9d0, 0xf7d2421d, 0x31f7d1e8,
    0x12ce64d2, 0x43d353f7, 0xd4d04ff7, 0xdbf7d542, 0x80da13d4, 0xe3f714f8, 0xfbd08015, 0x13056b02, 0x55f780ea, 0x80e61307, 0x06d207f7, 0xfb80e913,
    0xfb0aa907, 0x1af7441a, 0x53066bfb, 0x627c577a, 0x18429f82, 0x05b215f7, 0x7d0a18f7, 0x8c8b6180, 0x76961e5d, 0x778f6c94, 0x8db3cd08, 0xa51fa498,
    0xb4a09497, 0x08b7821a, 0xf8dbf727, 0x5eaf1593, 0x639b50b3, 0x7918a9d1, 0x65c463b2, 0x1bfb08b6, 0x13153dfc, 0x51f780d9, 0x51fbdbf7, 0x94f7d407,
    0x0a7e8215, 0xfb6efc49, 0x19fb069d, 0xfb3ffb7f, 0x1e0efb02, 0x70aa819b, 0xf7f27c96, 0x3bf7a705, 0x081df791, 0xd44cdcf7, 0xcf450e06, 0xcdeecc4a,
    0xebcc87f7, 0x12cbd9d0, 0x46d03df7, 0xf78745f7, 0x4ad1402a, 0xd5bff7d1, 0xd34fc755, 0x7e13d44b, 0xf8e7f702, 0x6b261526, 0x8f59f705, 0xd000f70a,
    0x004a1306, 0x5cf700fb, 0xfb0abc46, 0x7b57066e, 0x80667d5b, 0xaf18449e, 0xb599b396, 0x96fb0898, 0xb2130a58, 0x94769544, 0xaef70ac9, 0xaf02f707,
    0xf76ef705, 0x5eb615ce, 0x66a64fc1, 0x6f18b0bd, 0x60c654ad, 0x03f708b5, 0x6d1550fc, 0x60c753af, 0x186a5cb5, 0x4dc35eb7, 0xfb0866a7, 0x93156b68,
    0x92e092d1, 0xd8f708e3, 0x87238706, 0x084f863c, 0xa0221413, 0x8915bbf8, 0x893b892f, 0xd5fb0844, 0xf80a66f7, 0x15c8fb56, 0x03f741cc, 0x0756fc0a,
    0xfb842f87, 0xbb208200, 0x064a3b1d, 0xd6507013, 0xf80a23f7, 0x5f85062a, 0x80827184, 0x87817c82, 0x77088c7b, 0x5b8f8b5f, 0x9278971f, 0xb8778d6d,
    0xa98aba89, 0x9f8ea98f, 0x97a99f95, 0x93ae959e, 0x201308cd, 0x44cdd808, 0x04101306, 0xda8fc890, 0x0e08f28e, 0xd2f8cf40, 0x3ef701d0, 0xd33cf7d0,
    0x03d5d6f7, 0x53f853f9, 0x53d87815, 0xea5411f7, 0xc118724e, 0x13fbc12b, 0xfb083c9e, 0x2d157ac6, 0x59f7056d, 0xad2dd0e9, 0x076efb0a, 0x7d5b7b57,
    0x449e8065, 0xb10bf718, 0x079cfb05, 0x7f87867d, 0x8e0a29f7, 0x0a77ca79, 0x9e9597a3, 0xb3f71ab4, 0x05adf307, 0x33fb1cf7, 0x4302f915, 0x5b0709fd,
    0x7c786c6c, 0x9f80981e, 0x087b926f, 0x8c8d8b8d, 0x858c1e8d, 0xa3a8a49d, 0x36f771f7, 0x80998419, 0x089f85a7, 0xc1fbdbf7, 0x4ce27415, 0xf74f20f7,
    0x1af7ab04, 0x9234f797, 0x8c414ef7, 0x1ffc7f18, 0xfba9fb63, 0x9c2dfb6a, 0x956eab7e, 0xcad9ec7d, 0x0ef7b5ee, 0x21b42ab8, 0x0e08469d, 0xcee5d142,
    0x89f7cdf2, 0x01cedad0, 0xf8d348f7, 0xf803d404, 0x15ebf703, 0x6a22cf81, 0xf752f705, 0x0afbd00a, 0xfb435bf7, 0x4617fb5b, 0x68fb17f7, 0x5a7b5607,
    0x9e80647c, 0x97b01843, 0x9ab798b4, 0x839ffb08, 0x7ed108c3, 0x638a801e, 0x948d618b, 0x8e6d9576, 0xb1cb0877, 0x1fa3978d, 0x9f9497a5, 0xb6f71ab5,
    0x5b4df807, 0xcd51f715, 0x42e351fb, 0x495efb33, 0xfb245ef7, 0x91f74891, 0xf7d43afb, 0xce99f73a, 0xf70699fb, 0x15c6f802, 0x5d5a5767, 0xb2576452,
    0xbf6ab95f, 0xd1ddf708, 0x05887f15, 0xcc4859fc, 0xbc49af06, 0x3d59c551, 0x3769335c, 0x9c7c9976, 0xe77a936f, 0xddb3e7a5, 0xe556d8c0, 0x9672ed61,
    0x9aa79f9e, 0x359f2e9a, 0x08b842ad, 0xd5cdc7da, 0x0e08e2b6, 0xd045d33f, 0xf7cfa3f7, 0xd0c1d002, 0xf712cf8f, 0xf746d041, 0xd2aaf742, 0xb613d2c8,
    0xf8e9f7c0, 0x6c281526, 0xc0ba1305, 0x130758f7, 0xd0f4c0b9, 0xc07a1306, 0xfb0a8522, 0x14f74614, 0x55066cfb, 0x24e5847a, 0x96b01844, 0x2ce584b5,
    0x0a22f79b, 0x8e6d9476, 0x0a77ca78, 0x08d782a4, 0xf71ab425, 0x01f707b2, 0xfbec05ae, 0x57b61516, 0x5b9d40bb, 0x7618b0c9, 0x5fd35abb, 0x58f808bf,
    0xd01562f7, 0x830799fb, 0x13b4086b, 0xfbcf69f7, 0x4410f769, 0x68fb10fb, 0xfb68f747, 0x469bfb13, 0x02fb1ff8, 0xf84713fc, 0x0790fb13, 0x7b87877d,
    0x8a7d1e8a, 0x8d538b56, 0x6e957695, 0xd408758e, 0xa9978cbc, 0x9596a81f, 0xf71ab99f, 0xcf0ff790, 0x02f70ffb, 0xcf3f0e07, 0xc8f4c875, 0x9f77cbee,
    0xd0c2cfde, 0xd44ef712, 0x44d24af7, 0xd4d6f7d4, 0x7713cf72, 0xf812f860, 0x0a2cf72d, 0x09f755f7, 0xf709fbd0, 0x5dfb425d, 0xf7461ffb, 0x076bfb1f,
    0x7d577b52, 0x43a08061, 0xb797b218, 0x0899ba98, 0xfb60af13, 0x0a3ff79e, 0x05b418f7, 0xf8a07713, 0x28155f51, 0x07eed8fb, 0xf4049dfb, 0x0722d8f7,
    0xfc234d82, 0x8215201f, 0xd2c8091a, 0x61d8f7b9, 0x0644f8d4, 0xfc507713, 0x29f70668, 0x4b152bf7, 0x1fad917f, 0x16f707d3, 0xad26f7a4, 0xc252b3f0,
    0xfb6a4018, 0x0afb6813, 0x421d6872, 0x3507aefb, 0x06f775aa, 0x067df71e, 0xf7ada2ee, 0x771f9616, 0x7a966c90, 0x00fb0898, 0x547a8285, 0xce3e0e1b,
    0xf7ce19f8, 0xce91d00d, 0xd347f712, 0x8a46f743, 0xf8d1969c, 0xd913d334, 0xf95af880, 0x34f81516, 0xf7d312fb, 0x067dfb55, 0xbe7ab281, 0x7e41b47b,
    0x99679818, 0x0866955e, 0x56fb89fb, 0x3f1dd4d1, 0x811562fb, 0x6809fbce, 0x0776f705, 0xf580e513, 0x211dd4d0, 0x1afb0aa9, 0xfb1af746, 0x7b54068c,
    0x80637c59, 0xb118449d, 0xb999b696, 0x81fb089a, 0x86857d07, 0x8b617f7e, 0x941e5e8c, 0x1da19677, 0x968db3cd, 0x97a51fa4, 0x1ab49f95, 0xf80797f7,
    0x1503f79a, 0x406b2d7b, 0xa856525b, 0xa558a756, 0xbca2b6a1, 0xf808bea0, 0xfbce160a, 0xbd9e07ee, 0xba99bd9e, 0x7d18953f, 0x7555785a, 0x43fb0855,
    0x0627f748, 0x516d4b6f, 0x6cca5c71, 0x64cf65d3, 0x6735554a, 0x987204fb, 0x906b9d7b, 0xac10f77a, 0xcbd3b7eb, 0x58d759df, 0xc4c062bd, 0x3eb35718,
    0xc2bc37bc, 0xa0e0afcf, 0x0e0802f7, 0xd389ce44, 0xf7cf1bf7, 0xd1ecd215, 0xd448f712, 0xf7d306f8, 0x7f13d422, 0x98f9e3f9, 0x68417815, 0xc74b6f20,
    0xc9a91878, 0xdea8eeb0, 0xfb0bfc08, 0xc97d1567, 0xd46ce96a, 0xa718764d, 0x992aab41, 0xfb20084d, 0xd2821548, 0x7f667f65, 0xf7198167, 0xd109f755,
    0x5cf709fb, 0xfb5cfb42, 0x19f74519, 0x53076bfb, 0x627c577a, 0x1842a080, 0x05b314f7, 0x98fbbf13, 0x0a767d07, 0x6021fd82, 0x08fd821f, 0x798d6d34,
    0x8db38acd, 0xa60897a3, 0xb59e9497, 0x07aff71a, 0xabf84ef8, 0x00fc4315, 0xf8447bfb, 0xfc15fb51, 0x45f84745, 0xfb7f1306, 0x4368fc1b, 0xd44d68f8,
    0x5482adf8, 0x3e0e3f08, 0x58c749ce, 0xca25f7be, 0xcdeecaf2, 0x9b7bd0b7, 0x0a6ed07b, 0x2af7d0ae, 0xd139f7d1, 0x5d13c863, 0x130a625c, 0x58f74002,
    0x02f70a95, 0x20011306, 0x011307d0, 0xf702fb40, 0x1306435c, 0x9e825c9e, 0xf7461e25, 0x426dfb1e, 0x0d09068c, 0xb418429b, 0xbb9ab997, 0xa0fb0899,
    0xb7f70a5f, 0xb10df707, 0xf772f805, 0xfb28150b, 0xfb07ee39, 0xf7f2049d, 0xfc072439, 0xf7f21615, 0xf707242a, 0xfb28049d, 0x1307ee2a, 0x70f88a00,
    0xd01537f7, 0xbbad0757, 0xb143a466, 0x6819a557, 0xce70bd5d, 0x1972af64, 0x28f757fb, 0xfb28fb45, 0x3513068a, 0x05468c1c, 0xfb2a89f7, 0xd0eafc6f,
    0x2af760f7, 0xf7d158fb, 0x0639f758, 0xfb8c4413, 0x517f0715, 0x608a630a, 0x947a938d, 0xca798d72, 0xa48cb38a, 0x95a40896, 0x1aaf9d93, 0x7ffba0f8,
    0x410e07ec, 0xcc77f7d3, 0x78c780f7, 0x12cbbcd0, 0xf7d43bf7, 0x18f7d23b, 0xd40cf7d4, 0xf780ef13, 0x15ddf7ee, 0x6c2bd081, 0x80df1305, 0xd0e85cf7,
    0xfb0ab12e, 0x08f74608, 0x5b0772fb, 0x687d5f7d, 0x18439e83, 0x96b095ac, 0xfb0898b1, 0x867e0794, 0x68818087, 0x1e668c8b, 0x6a957694, 0x8ac3788e,
    0x98a28eb0, 0x9397a408, 0xf71ab4a0, 0x82f707ac, 0x55831586, 0xf7802409, 0x64072218, 0x5c7f5e8a, 0xf825f71e, 0x6a74151f, 0x6e6f666f, 0x0661fb08,
    0xada4aba8, 0xf708aca2, 0x151ffca0, 0x960619fb, 0xb3b78db9, 0x0cf7f51a, 0xfb23f707, 0x45cc15c1, 0x13fbbcf7, 0xb0b4b007, 0x59b6a6bc, 0xfb1d6aad,
    0xa499066a, 0xa496a598, 0x67189841, 0x2a214938, 0xa2809b3c, 0x917a9573, 0x91909291, 0x89fb0891, 0x84f74a43, 0x37356407, 0x3f40fb32, 0x72a17f9d,
    0x3df77c96, 0xb9e8e3db, 0x09fbcbe7, 0x0af72cf0, 0x450acef7, 0xf7c968cf, 0x0ff7ca2b, 0xcc02f7cb, 0xcce7d069, 0xd03ef712, 0xb74af746, 0x9bd347cf,
    0xd204f7cc, 0x4bd209f7, 0x2a7b13cf, 0xe2f7f5f7, 0x23cf8115, 0x7713056a, 0x075af72a, 0xf7aa7613, 0x1306d005, 0x05fb2ab7, 0x6ffb0aad, 0x5c7c5706,
    0x9d80667d, 0x96af1844, 0x99b597b3, 0x2895fb08, 0x07adf70a, 0x15f778f7, 0x2c7b1315, 0xa08ba38c, 0xf7b61aa1, 0x0702fb55, 0xc2f750f7, 0x11fc1d8c,
    0x130713f7, 0x18f83a7b, 0xfb1553fd, 0xf72bf7c7, 0xf7ed06c7, 0xfbcb154e, 0x8202f772, 0x822c2018, 0x95270826, 0xc0fba0fc, 0x8232fb06, 0xfb246dfb,
    0x849c1e2d, 0x7d9776aa, 0x4a7b1308, 0xa60ff7df, 0xf7943cf7, 0x59f70828, 0x82060ffb, 0xfb3a0846, 0xccd1fb45, 0x66c7f7b4, 0xfbcdf7cf, 0x060ff754,
    0x50cf3f0e, 0xc71ff7cb, 0xc8dec6e2, 0xcf57c6d6, 0x0a90c8be, 0x54f796c6, 0xd028f7cf, 0xf7b87d13, 0x60eff7f0, 0xb87b130a, 0x6c824cf7, 0xcff6783b,
    0xb8bb1306, 0x0a3ef720, 0xf71ab3a0, 0x49f807c1, 0xf71506f7, 0x28fb3828, 0x242c8306, 0x28f7046f, 0x080b8240, 0xfb6df728, 0x22f7155f, 0xf743c8d3,
    0xce6dfb1a, 0xfbc89cf7, 0x3247e49c, 0xf74e8bfb, 0x5ffb488b, 0x405ff750, 0xf74e99fb, 0x0b843899, 0x9cfbfe08, 0x5ba14c07, 0x93d86bb6, 0x90ab91aa,
    0x189447ad, 0x6116fb79, 0x9b463e21, 0x9676a882, 0xadb5b77f, 0x08cca5c1, 0xf3d10afb, 0x1b2ef76d, 0x8e0642f7, 0x95aa959d, 0x57fb089a, 0x8d6c6a06,
    0xf71f6e8f, 0xc777f719, 0x07e277fb, 0x5fcf470e, 0xce8df7cd, 0x40f761f7, 0x93d021fb, 0x3cf712cb, 0x3ff747cf, 0x45f7cfa8, 0xd254f7d5, 0xf8e06613,
    0x151ff948, 0xd2284ff8, 0x84fb37f7, 0x74ad7f06, 0x46b279bc, 0x6b99187a, 0x6a96639d, 0x069bfb08, 0xfbe07213, 0xf707cf40, 0xcb159495, 0xb43bde52,
    0x18bbbb5d, 0xd737b960, 0xfb08c14c, 0x5c158946, 0x4549434a, 0xa27e995e, 0xd37f946c, 0xc1dbdcbe, 0xb9fb08d9, 0x6b1543fb, 0x6c7f6a80, 0x6e130881,
    0x076af7e0, 0xf2e06d13, 0xae1306d0, 0x57f724e0, 0xfb57fb47, 0x0df7460d, 0x590681fb, 0x677d5d79, 0x18429c80, 0x05b407f7, 0x0a5787fb, 0xaf07a1f7,
    0x20018398, 0x08998208, 0xfbebf798, 0x8df715c4, 0xfcce5ff7, 0x5bf74870, 0xabfb8dfb, 0x5306f949, 0x75cf451d, 0xcc21f7cd, 0xb7ce1df7, 0x13fb5af7,
    0x819581d0, 0x3af712cf, 0x43f746d0, 0xd3a5cfc9, 0xd3c5cebf, 0x7213d3a2, 0xf8e3f7aa, 0x6b271525, 0x80041305, 0x0a8a5af7, 0x021306f5, 0x0a97d040,
    0x465cf721, 0xaab41306, 0x6ffb0a3c, 0x5d7b5807, 0xf782667d, 0x08980a5c, 0x0aaf95fb, 0xf707adf7, 0xf705af01, 0xfb15bfa9, 0xf72afb1d, 0x06f8071d,
    0xfb151dfb, 0xf71df72d, 0x7013062d, 0xfb2dfb2a, 0x0b828eeb, 0x21fb2b08, 0xf706fc07, 0xfb1d8f21, 0x062afb21, 0x150afb47, 0x06f8bfcf, 0x9ff8d35c,
    0x130692fc, 0x33f81401, 0xf71586f7, 0x22fb4322, 0x068545fb, 0x13071e26, 0xf7471002, 0x08250682, 0xd316fb10, 0x27248207, 0x45f716f7, 0x04081307,
    0x04200e85, 0x16210e82, 0x32dd826b, 0x37f7cc50, 0xca09f7c8, 0xd0aac4d2, 0xc3dabf77, 0x823bf712, 0x474e08db, 0x17f7cfcb, 0xd216f7d1, 0xf9b87b13,
    0x1530f9bd, 0xf7dadffb, 0xfb0a9adf, 0xdff7dbdf, 0x4ff7d206, 0xfb6afc15, 0x066af8d8, 0x153db3fc, 0x13056c26, 0x59f7b87d, 0x787d1307, 0x06d002f7,
    0xfbb8bd13, 0x465bf702, 0x0ffb5bfb, 0xfb0ff746, 0xf885066f, 0x439d4908, 0xf70a84f7, 0x98b007ac, 0x98af96b0, 0xfbe1f708, 0x63f7153a, 0xf763fbc8,
    0xca95f709, 0xf74ccffc, 0x06d0fb88, 0xb95ea352, 0xac93e06f, 0xb090af91, 0x7b189347, 0xfb5f28fb, 0x9b453204, 0x9774a781, 0xb3babf7f, 0x08d6a6c8,
    0x42089582, 0xf4cc20fb, 0xf724f770, 0xcf420a9a, 0x1ff7cf75, 0xf7ca4dca, 0xcff2cb10, 0xc7d1d067, 0xc612b95d, 0xd24444f7, 0x48ce34f7, 0xcfb64df7,
    0xfb4af7b2, 0x4849f749, 0x346c13ce, 0xf8e3f780, 0x6d27151b, 0x826a1305, 0x622f080b, 0x252cd0ea, 0x6a13070a, 0x46228054, 0x34aa1306, 0x76fbf480,
    0x607e5d06, 0x9c82697f, 0xabf51844, 0xf795fb05, 0xabf70a91, 0xad01f707, 0x826d1305, 0xef460832, 0xf815affb, 0xcf94f782, 0x12f794fb, 0xd494d807,
    0x649dc299, 0x682118c7, 0xfb7755fb, 0x7a938230, 0x7a8d7194, 0xb46c1308, 0xd18dca80, 0x0892d090, 0x92fb09fb, 0xfc92f747, 0xf735fb82, 0x6c13071f,
    0x0af7802c, 0x8a8306ca, 0xf70afb3e, 0x95b4060f, 0x9aaf99b7, 0x6518c866, 0x58744d77, 0x78fc087c, 0x13f8bcce, 0x92f8ce58, 0x36272b82, 0x4b4afb00,
    0x825c1306, 0xfb072277, 0x24088210, 0x06fb0035, 0x8207824c, 0x06420810, 0x0e0620fb, 0x78f7d243, 0xe9c9ecca, 0x69c453c4, 0x12c9c3d0, 0xf7d23df7,
    0x0aeaf72d, 0xf7a4e713, 0x15f3f7f3, 0x6529ce7e, 0xef4ff705, 0x5bf727d0, 0xfb5bfb44, 0x0bf7460b, 0x5c0769fb, 0x687c5f79, 0xe1829f80, 0xfb05b43a,
    0x867e079c, 0x67817f87, 0x1e648c8b, 0x6d957595, 0xf80acbf7, 0x93f73bcb, 0xb02a4482, 0x064d53fb, 0xf7a4eb13, 0x06823010, 0x0bfba823, 0x350d8452,
    0x38fb2c0b, 0xfc4717f8, 0x062ffb17, 0xe9a4f313, 0x64f31307, 0x0a83c4f6, 0xe620a608, 0xb40a40f7, 0xcf52c449, 0x6837195d, 0xf0f7732b, 0x61daba0a,
    0x78ec6de5, 0xa69d9e95, 0x99349a9b, 0xab43a239, 0xd1cdc0de, 0x0e08e8b4, 0xca6fcf45, 0xf7cb67f7, 0xd0d5cb0d, 0xf712c4cc, 0x1df7d040, 0xd139f7cf,
    0x13cf2df7, 0xf9f7c07f, 0x927b930a, 0xf77b8e72, 0x72f7944a, 0xaf1ff7a1, 0x99fb2208, 0xadbaa915, 0x47caabd5, 0x537918a5, 0x5a6f3a68, 0x15ac4808,
    0xc573af83, 0x7a53b676, 0xa15e9f18, 0x0867924f, 0x15a109fb, 0xbc6fab81, 0x7552b073, 0xa566a318, 0x086b9557, 0x24fb10fb, 0x05703415, 0xd0eb5af7,
    0x059d422b, 0x460a9208, 0x70fb0af7, 0x5e7c5907, 0x9e81667e, 0x05f71843, 0xb21305b0, 0xaf95fb80, 0x07acf70a, 0xf705abed, 0xf71537ea, 0xa2fbcba2,
    0x80f70df7, 0x0629fccb, 0x97909791, 0x9b4a9690, 0x614b7318, 0x9a63574e, 0x9677a782, 0xa5a3a680, 0x08aea3aa, 0x0dfb1bf7, 0xf74ba1fb, 0x411306a1,
    0xfb67fbc0, 0x4733f739, 0x5cf872fb, 0xa8f7cf5c, 0xfb3afb47, 0x450e072d, 0xd8c65ad0, 0xcfbacec5, 0xbebbcdb8, 0x6ea86ec8, 0x12c6c9d0, 0x4744f7be,
    0xce3af7cf, 0x46d421f7, 0x08f983cd, 0xfa5d7e80, 0x158af92f, 0x82067ffb, 0x7bac7ba4, 0xf77949a3, 0x8afb0a3b, 0x06c3f850, 0xfb1525a7, 0xa59b0641,
    0xa89caa9b, 0x80189941, 0x7963796f, 0x840a36f7, 0x78b579a6, 0x7e4c19aa, 0x6899709a, 0xfb197193, 0xf9f84e2e, 0xfbfefc06, 0xce7f1555, 0x7f6b806b,
    0x13197f6d, 0x55f71001, 0x001307e9, 0x352dd090, 0xa000130a, 0x064600fb, 0xf79b9c13, 0x066efb00, 0x7c637c5f, 0x43a18069, 0x05b1eb18, 0x0f4297fb,
    0x02f83b05, 0x3cf7af0a, 0xf71ab30a, 0x7df707b1, 0x25f715a4, 0x0625fb47, 0xf70447f7, 0x08824925, 0x00f85f08, 0xcd2dfb16, 0x47fb1d31, 0xcf2dfb04,
    0x74131d31, 0xfb2afb0d, 0xf7d815d1, 0x83fbc583, 0xf76ef7ce, 0xfb87fca6, 0x4864f7a6, 0xf7517afb, 0xb9fb3e7a, 0x9d18f950, 0xf7cd441d, 0xf74dc946,
    0xf7c28b1d, 0xd0acc206, 0xc3f4c352, 0x49f7be12, 0x16f7d145, 0x130ad5f7, 0xf76075db, 0x82fc0ab6, 0xb98284fb, 0x056c3434, 0x00400413, 0xd0e854f7,
    0x070a2e2e, 0x00800413, 0xb48203fb, 0xa068dc2d, 0x6efb03f7, 0x9f0a0bf7, 0x82f11845, 0x9d530ab1, 0x87878007, 0x8b6e8280, 0x941e6b8c, 0x8e6e9377,
    0xacbe0879, 0x1fa0968d, 0x9e9397a1, 0xb6f71ab1, 0xcbd3f707, 0xf70ac6f7, 0x1554fb71, 0x581307c9, 0xa5fb2001, 0xf78ef7d6, 0x0695fb74, 0x3e0a70f7,
    0xcac3dbc7, 0xb3bcc3c1, 0xc5b495ba, 0xb2a373b4, 0x85c5a0b8, 0x11f712be, 0xc9ca81c1, 0x81b165c2, 0x74cd9dcb, 0x4cf613d4, 0xf9c1f940, 0x5876153f,
    0x6962616b, 0xb56db065, 0xf708bb75, 0xfbc516cd, 0xa69607b1, 0xa794a895, 0x7118994c, 0x4d325b2e, 0xa4829a51, 0x9e809776, 0x9da29d9f, 0xa5639fa6,
    0x556aa868, 0x44734b6a, 0x9f7d977a, 0xd47c9270, 0xc3a7cda1, 0x5dc308b0, 0x75d769cd, 0xa49d9e95, 0x9b449a99, 0xb156a64b, 0xc2b4b7be, 0xfc08d0a5,
    0x1526fbe3, 0xf6130751, 0x07fb4054, 0xf76906c5, 0xf5131539, 0x5c794054, 0x605b536b, 0x799e8398, 0x98977d96, 0x98969797, 0xc128fb08, 0x073ef7ab,
    0x80ccfe13, 0x62fb20f7, 0x93989407, 0x08999397, 0x850691f7, 0x5d840cfb, 0x13087d7f, 0x8480aafe, 0x7f898485, 0x8c6d801b, 0x931f698e, 0x8c76917d,
    0xae88ad7b, 0xa18c9e8b, 0x99919b8d, 0x94a19d9a, 0x30f793c4, 0xfb1d0df7, 0x959006bc, 0x958e968f, 0x06b5a808, 0x4029f613, 0xb6cb60f6, 0xfbbe07f7,
    0x594bbd07, 0x594cbd20, 0xf75807fb, 0xf8066607, 0x1598fc04, 0xfbc1eff7, 0xf306cdef, 0xd694ec91, 0x18ba5d98, 0xfb751ffb, 0x69fb7f9c, 0x927e9189,
    0x087d8c75, 0x908cf3e9, 0xfb4d1ff0, 0xe7f755e7, 0x5328fc4c, 0x074c28f8, 0x7e1dda7f, 0x568c8b56, 0x967a951f, 0x08789072, 0x948cb9d3, 0x96a91fa7,
    0x1ab29b94, 0xc329f8cb, 0x0e0729fc, 0xf7d415f8, 0xf801d42d, 0xf903d760, 0x1515f86c, 0x3f3e2a57, 0xc82d4f2c, 0xe959d943, 0xd785f808, 0x05887c15,
    0x2df77efb, 0xfcd411f8, 0x3f2cf711, 0x0ffc2cfb, 0xfb0ff842, 0x42e2fb2d, 0x837506f5, 0xd500fbc1, 0x1946ea33, 0xfb5108fb, 0x22fb661b, 0x9f7a9974,
    0xf7779269, 0x25f7a82b, 0xd010f7b8, 0xf74705f7, 0x35f75e1f, 0x9fa19572, 0xfb9d9bab, 0x15fb9d29, 0xc301fbb1, 0xe6d907f7, 0x1cf7c4f2, 0xd1f80e08,
    0x83ee01d1, 0x039a0884, 0xa2f7d9f7, 0x582dfb15, 0x428ff805, 0x64077dfc, 0x827d7877, 0x9a7b951e, 0x9e78906a, 0xf799a89b, 0xfb08ce4a, 0x17fad4a9,
    0x9af70742, 0xf7158cfb, 0xfb76066c, 0x01fb6b12, 0xe756315b, 0xf76ef564, 0x07f80804, 0xfbd1159a, 0xc59b07ea, 0xc996c89a, 0x6f18983f, 0xfb5641fb,
    0x9b263637, 0x966aa57d, 0xa6b0a87c, 0xa9bba2b6, 0xbc2bb322, 0x3e385137, 0x9b5a2749, 0x936da37c, 0xd6beea7b, 0x08dac6cb, 0x4acf3cc4, 0x9f965edc,
    0x9a9ca5a3, 0xce44b535, 0xf6cbdd50, 0xa715f7b4, 0xa58232f7, 0xd42d2808, 0xd4b3d1f0, 0xf7d5e801, 0xf803d453, 0x15dbf8ed, 0x77065ff7, 0xfb6b17fb,
    0x5a315b02, 0x01f768e8, 0x080bf774, 0x8295f2f7, 0xd7a10b80, 0x99c19d07, 0x43c697c4, 0xfb6a1899, 0x32fb5538, 0xf708243d, 0x42f2fbf6, 0x67fba9f7,
    0x0ffc9dfb, 0x7d7b6807, 0x971e847c, 0x90679879, 0xb09fa175, 0xf7b5f79c, 0x9c860803, 0x1aa1aa86, 0x052c9bfb, 0x9af7cff7, 0x9c858607, 0x976fa77f,
    0xafa4197d, 0xb7a1b3a4, 0x2aad20a6, 0x375038b9, 0x5b224c3b, 0x69a17b9a, 0xbdf17992, 0xdbc8cbdb, 0x4cd03cc3, 0x9e9760df, 0x999da8a0, 0x44b33308,
    0xcbde54cc, 0xf7b500f7, 0x38f7a619, 0xcb4a0e08, 0xf7cf2af8, 0xd05ed001, 0xd239f712, 0x13d41bf7, 0xf9dbf7dc, 0xaf811555, 0xb576c274, 0x9e18784b,
    0x9452a261, 0xfb730866, 0x19f71566, 0xfcd090f7, 0x0af7464d, 0xfb0763fb, 0x31fb7c21, 0x15fb0dfb, 0xa37f9d1e, 0x087b9877, 0x21f718f7, 0xf73df79f,
    0xf7921a38, 0xfb85071b, 0x7a2b84a6, 0x84800875, 0x1b7e8882, 0x8f8c667b, 0x77961f62, 0x778d6e92, 0x8bb388b5, 0x8ea58ea4, 0xa09b939c, 0xf792aea4,
    0xdbf79202, 0xec130ab8, 0x01f703f8, 0x14fb7815, 0x315c206d, 0xf66de65f, 0x8c09f776, 0x8d8f8c8e, 0xe2f7088e, 0xccfbd016, 0x98c39b07, 0x40c697c6,
    0xfb6c1897, 0x3bfb543f, 0x7e9c223a, 0x7c976fa8, 0xb4a4b0a5, 0x24a4b9a0, 0x3ab42daa, 0x493d3751, 0x7b995b23, 0x7a926ba1, 0xcbd9beee, 0xbf08dac7,
    0xdf4ace3a, 0xa2a0975f, 0x339a9ca7, 0x55ce47b4, 0x00f7c9e0, 0xa417f7b4, 0x0e0835f7, 0x6bd1def8, 0xfab112cf, 0xf8601330, 0x1548f994, 0xc10674fb,
    0x6bac7ca4, 0x19b06cbe, 0x66a7724f, 0x68995aa8, 0x476afb19, 0x830657f8, 0x771556fb, 0x5ed35bbb, 0x186e53be, 0x41ba55b8, 0xfb085c9d, 0x155ef7a5,
    0x3a593d6b, 0x819b5357, 0x7f9674a5, 0xe9c4c8be, 0xf708e0b0, 0x158ffc7c, 0xc75ebb70, 0xc3a6c858, 0xcd9dc7a4, 0x7d189946, 0x775d7a59, 0x69af695f,
    0x55ab6bae, 0x64b21863, 0x5eb15eb5, 0x3e412b55, 0x7e9b5331, 0x7d9670a4, 0xd7d2c5e0, 0x55b6e7c4, 0x61a057af, 0xf8a01308, 0x15c4f832, 0x6d19fb77,
    0x2e5b05fb, 0xe76cdb63, 0xa294ec76, 0xa393a292, 0x16baf708, 0x07a6fbd1, 0xc597c29a, 0x9546c696, 0x45fb6d18, 0x3b3efb59, 0x7e9b01fb, 0x7d956fa3,
    0xaa9ea79e, 0x33a3ac9c, 0x42b13aaa, 0x493d3550, 0x7e9a5a22, 0x7e946ea6, 0xc9d6bdeb, 0xbe08d9c6, 0xd64cca3c, 0xa29d975f, 0x3c989ca7, 0x56ce48b4,
    0x01f7ccde, 0xa41bf7b3, 0x0e083bf7, 0xf7ca98f7, 0xc955d090, 0xd097f712, 0x50f8b013, 0x7a15c6f9, 0x72526a63, 0x1874bb67, 0xbdabaca7, 0xfb08b8a8,
    0x811520bc, 0x6fc070b0, 0x187555b2, 0x54a562a6, 0xf5086894, 0xd01594fb, 0x69bb1d4a, 0x74a35ac9, 0x7418c1b4, 0x59c3359c, 0x50f708a8, 0xf760fbc9,
    0x4dfb464d, 0xf74d62fb, 0x4a5a064b, 0x6d454e41, 0x729d7d99, 0xabc87a93, 0xc6bdc2cc, 0xfb2cf708, 0x5775159c, 0x67645f6b, 0x9e639d67, 0xa2999b66,
    0xa79aa79a, 0xfb67f708, 0x9b75156b, 0x9d6b9d6d, 0xd1b4c3c0, 0x9c61e1a5, 0x37fb1d22, 0x919d9306, 0x499c929c, 0x76841897, 0x75817682, 0x4c1bfb08,
    0x647606f3, 0x6d766675, 0x72c179bc, 0x5d4a71bd, 0x793a6b3f, 0x709a7d98, 0xa3e67b92, 0xc4d2b2e0, 0x77a978ad, 0x13087aa2, 0xf81df850, 0xfb7c15d7,
    0x67277307, 0x6fe46537, 0x00f778f1, 0x16bdf708, 0x07aefbd0, 0xc597c399, 0x9547c693, 0x41fb7218, 0x3f3bfb5e, 0x05e04a22, 0xb1a46508, 0xbc9fb7a2,
    0x31a728a1, 0x2c533db1, 0x00fb423d, 0xa07d9856, 0xf17b926d, 0xc6d0d7c2, 0x37bc08e2, 0x5cd847ca, 0x391d2af7, 0x58d449b7, 0xacf2c0e7, 0xf7a20ff7,
    0x590e082a, 0x79f74bcb, 0xc9d9c538, 0xd4bd5cf7, 0xfcffffbc, 0x1dee0080, 0xc483c94d, 0xccc8e412, 0xeecd6fd2, 0x13d473cb, 0x2af7d4bc, 0x1d95fdf8,
    0xed085682, 0xd80c1306, 0x15d4a5f7, 0x07d42842, 0x15bbfb49, 0xba1d44cd, 0xa867c272, 0x18b7ac71, 0xaf52a56c, 0x696fa15b, 0x37f7b018, 0x37fb40f7,
    0xc450f7be, 0x49ca50fb, 0x525afb4c, 0xfb585af7, 0xf740fb3d, 0x555c0725, 0x7247573f, 0x749e7f99, 0xa6c67d95, 0xbfbbbccc, 0x24b01308, 0xeefbaaf7,
    0xc5b2f715, 0xf7d9b2fb, 0x97fdc9f4, 0xfbeef74d, 0x0645fb6e, 0xf7204013, 0x13074439, 0x39fb2482, 0xfa4b38fb, 0x34fccb19, 0x1cf9f407, 0x8c41f715,
    0x586f507a, 0x61196168, 0x77bf6cbb, 0x011308be, 0x8cc8f704, 0x04021315, 0x07aafbc9, 0xab96aa99, 0x9a47ac95, 0x59277018, 0x99504a2d, 0x9572a57f,
    0x9f9f9f7e, 0x9fa49ea3, 0xb05da85e, 0x4a5e5760, 0x98723e69, 0x936fa17f, 0xcda7d67e, 0x08bac1ae, 0x63c85dbc, 0x9b9370d3, 0x9899a79f, 0xae4fa344,
    0x5483b55b, 0xc0b9230b, 0xdaa3ccae, 0xe0f80e08, 0xfab301d4, 0xd6f8032f, 0x7d1545f9, 0x6dcb69b5, 0x18753eba, 0x48ab5aa9, 0xf7086297, 0x59154068,
    0xfb481bfb, 0x2d313202, 0x06f743e9, 0x0813f757, 0xd4162df9, 0xf74214fe, 0xfbc5072e, 0x16fbda2b, 0x01fb21f2, 0x471afb2f, 0x9a5c39fb, 0x9469a17a,
    0xc03af779, 0xf7d31ef7, 0x03f7ed04, 0x421cf727, 0x975d37f7, 0x9daaa0a0, 0xb233fb9c, 0xfbd21bfb, 0xef08e802, 0x12f7d8f2, 0x0832f7c4, 0xf7ca540e,
    0xd1e9cb9e, 0x38f7ca50, 0xf7bd12c9, 0xa0ca4c4a, 0xd07cf7cf, 0x43d32bf7, 0xd91349f7, 0xf98bf8c0, 0x061d8470, 0xb476ac7e, 0x7a48ad78, 0x9b709a18,
    0x086d9869, 0xf84d58fb, 0x01fc064a, 0x771545fc, 0x634e6a4d, 0xa3829a60, 0xb2819778, 0xa2d3b4ba, 0x421308d0, 0x40f84600, 0x9b5e9e15, 0xca658f4f,
    0xb187189c, 0xb677c679, 0xfcd1f708, 0x07cb1519, 0xfb005113, 0x5af7f44e, 0x9d1d5eca, 0x9cc19fb5, 0x189a47bb, 0x48745d7f, 0x13085d78, 0xa7fb0014,
    0xd113064c, 0x225ff700, 0xf74b5bfb, 0x0691fb5b, 0x81888981, 0x6c8a801e, 0x958c698b, 0x1da29478, 0x968cadbb, 0x96a21fa2, 0x1aae9c91, 0xb30792f7,
    0x59aa1550, 0x609b47ae, 0x7c18a9bf, 0x6bcc67b6, 0x201308bc, 0xf7b2f8a0, 0xe0fb1599, 0xf30652f7, 0xa407f79b, 0xc24faadd, 0xfb6d4418, 0x03fb6d14,
    0xe9fb0879, 0x8219fb07, 0xfb383dfb, 0x829b1e0c, 0x7d9875a7, 0x15f7e608, 0xf757f798, 0x8cab1a23, 0xfc2bf70a, 0x8cf8d38c, 0x01f70a9f, 0xcd4c0e06,
    0xf7d3faf7, 0xf712d333, 0xdc48ceea, 0x13dbe0f7, 0xf838faec, 0xfcd315e4, 0xa9d10736, 0xc76db47c, 0x4519ba6f, 0xa95da46f, 0x1963974b, 0xf74348fc,
    0xfb8006a2, 0x95fb7278, 0x13fb94fb, 0x71a27d9e, 0x50f77897, 0x38f7d5ef, 0x0844f7ab, 0x7a06f9f7, 0x2b7875fb, 0x8208716d, 0x74897f7f, 0x8c46701b,
    0x9a1f4391, 0x8d6d9577, 0xcd87cd74, 0xb28dae8a, 0xa392a28e, 0x9fb2b2a4, 0xf79e00f7, 0x968d08ad, 0x1a8ba48c, 0x3efcf413, 0x92ec1306, 0x8ec08fc0,
    0x480e08c0, 0xf7ce55cb, 0x05f7cb6e, 0x81cd85cf, 0x69d1d295, 0x2ff712cf, 0xf7d14bcb, 0x92ded101, 0xcd55c197, 0x7213d0e2, 0xf872f772, 0xb58c156d,
    0xb88cb78c, 0xd170f708, 0xc1064cfb, 0x6cb07b9f, 0x19b76fc4, 0x62a57447, 0x669a52a9, 0x4558fb19, 0xfb881d37, 0x6ffb83af, 0x14fb05fb, 0x74a4809d,
    0x13087a96, 0xf7eab2b1, 0x38f7a803, 0x0863f795, 0x850607f7, 0x2a84a8fb, 0x8083757b, 0x8c7e8883, 0x8b687c08, 0x951f658e, 0x8d6f9278, 0xb189b277,
    0xa48ea38a, 0x9a939c8e, 0x91aea4a0, 0xf79202f7, 0xf70ab8dd, 0x1589fbd8, 0xfbcb51f7, 0x69130651, 0xf743f772, 0xb4f70716, 0x0620fc0a, 0xb09faaa3,
    0xf808b29f, 0x04fccf21, 0x98b09906, 0x42b395b2, 0x65131898, 0x04fb6f72, 0x4902fb59, 0xa8809d46, 0x92809772, 0x92949292, 0x3b820893, 0x40f7532e,
    0x130735fc, 0xa9607a69, 0xe274bf6a, 0x76281282, 0xbf8fbc91, 0x4908bf8d, 0x6a099582, 0x2dfb7b34, 0x819b3738, 0x7b9474a1, 0xc8a8bab9, 0xfb08d49c,
    0x6ce6c619, 0xf71b0cf7, 0x9e8e061a, 0x9c96ab93, 0x246f8a08, 0x6c1b778b, 0x70928d6e, 0xd3560e1f, 0xf7d414f8, 0xf812d371, 0xd882d453, 0x13d2bdf7,
    0x9e1cf9e8, 0x93825815, 0xe9f71fae, 0x07d4fbf7, 0x51fcf013, 0x90d59606, 0x08d28dd7, 0xfdd306f8, 0xddf74398, 0x88448806, 0x08417f3f, 0xf74209fc,
    0xfb6106fc, 0x33fb2b3f, 0x9d327ffb, 0x966fa07d, 0xec130878, 0xeff294f7, 0xf7b44cf7, 0xfba00855, 0xa63206e9, 0xf71ef271, 0xa2eb064e, 0x9533f7b4,
    0x6a90761f, 0x08987a98, 0x83851cfb, 0x0e1b5a74, 0xabf7d48b, 0xd4a2f7d4, 0xd648f701, 0x03d984f8, 0x15d493f7, 0x84f8abf7, 0xf907abfb, 0xa2fb0402,
    0xa2f784fc, 0x15d44007, 0xccd6d5fd, 0xd94e84f8, 0x0e07d1f9, 0xb5f7d18a, 0xd1a1f7d1, 0xd80af701, 0xf8d631f7, 0xf703d810, 0xd8153f0a, 0x063efcf9,
    0x6bfdc9f7, 0xf8b5f715, 0xf91d7a10, 0xa1fb0408, 0xa1f710fc, 0x15d14007, 0xd5d6defd, 0xd84910f8, 0x0e07d6f9, 0xcfeed549, 0xebce76f7, 0x12cebcd4,
    0x3ef7d1e0, 0xd504f8d1, 0x1357f741, 0xd9f700ff, 0xfb1542f9, 0xf73efb6e, 0x93fc076e, 0xf776f704, 0x0776fb3e, 0x15d6f8d1, 0x69fdcafb, 0x84f7dad1,
    0xc7f81dbd, 0x8215a6f8, 0xfbc6092b, 0x4156f70d, 0xd7fb56fb, 0xfcd7f742, 0x837706a6, 0x1e8a7785, 0x8b418a75, 0x77978d3e, 0x778f6996, 0x8cca8aef,
    0xae0898ae, 0xc0a29a96, 0x07a6f81a, 0xf780fe13, 0x9ffb060d, 0x6a15d2fb, 0x56f145c7, 0x186b4ed7, 0x21ce3ec0, 0x0e084eab, 0x4ef7d241, 0xf7cf81d0,
    0xcf69cf21, 0x58ce2ff7, 0xd1de12d1, 0xe7d04ff7, 0xd3abf7d3, 0xf7805513, 0x1558f9e8, 0x4ffb51fb, 0xfc0751f7, 0x5bf7045c, 0x5bfb4ff7, 0x1546d007,
    0xdafbe4f8, 0xe7d140fd, 0x60aa1307, 0x13f732f8, 0x8cb89015, 0xb81ab4b7, 0x43fbabf7, 0x0432f807, 0xabfb3ffb, 0xf7073ff7, 0xfc15d1f3, 0x06f6fb3b,
    0xfb7a2ffb, 0xfb3cfb50, 0x819a1e15, 0x7b9772a7, 0xbee205f7, 0xf7a10bf7, 0xbbf7080b, 0x790670fb, 0x8a788584, 0x8a4c7b1e, 0x971f4a8d, 0x8f6a9778,
    0xc2e00877, 0x1fab968d, 0xa29598ab, 0xf70e1aba, 0xcff0cf03, 0x1af7cdc8, 0x12cf9ecf, 0x11f7cfda, 0xf7cfedcf, 0x1df7d10e, 0x00ef13d0, 0x4cf9a4f7,
    0xfb71fb15, 0x0771f711, 0xf70499fc, 0xfb11f77a, 0x47cf077a, 0xfb21f915, 0xcf71fd99, 0xfbf707db, 0x131581f7, 0x99f7c051, 0x2ffb0ef7, 0x688a6607,
    0xf71e6987, 0x1599f768, 0x21fb99fb, 0x8cad8e07, 0xf71aafae, 0x9df70730, 0xcf15ddfb, 0xfbddf750, 0x452ff762, 0x52fb2ffb, 0x4748ddfb, 0x700785f7,
    0x23420cfb, 0x9b3f4dfb, 0x9371a17e, 0xd648f77b, 0xf7aff3dc, 0x1ffbbc0a, 0x0af722db, 0x0a17f751, 0x3abf0ffb, 0xf76101f7, 0x520e081f, 0xcd22f7d1,
    0xcece03f7, 0xdcc1dcc4, 0x3af701c4, 0xd47df7d4, 0x03d567f7, 0x26f988f9, 0xdc99fc15, 0xfb0699f8, 0x0885046c, 0xf7d57b08, 0x2cfd1554, 0x2cf9defb,
    0xfbb1fb06, 0xdef715cb, 0xf7defbcd, 0xce1ff803, 0xf84802fe, 0x06c1fb2e, 0xb94ba235, 0xab95e564, 0xae92ac94, 0x70189540, 0xfb4c26fb, 0x9b482304,
    0x956fa87f, 0xbfbbcc7e, 0x08d9b2c9, 0xf7dc1bfb, 0x5df76b13, 0x06a4f71b, 0xab97a18f, 0x8a089c95, 0x8b63fb58, 0x63611b66, 0x1f678f8d, 0xf7d36c0e,
    0xc5f2c8ff, 0xf701c7f1, 0x00f7d440, 0xd226f7d2, 0x918407f7, 0xfc15062d, 0x93f8f193, 0x049bfb06, 0x82f293fc, 0xd53d0808, 0xfd1570f7, 0xf914fc26,
    0xfb2e0626, 0xc0b915c4, 0xd0b5d9c3, 0x6a18a84c, 0x5d36504c, 0x11fc0855, 0xbe741588, 0xc962e059, 0xb4187250, 0xa234bb4c, 0x27f80857, 0xd8f71555,
    0xfbd8fb44, 0x09068526, 0xfa43c9e9, 0x0e07d324, 0x35f7c53e, 0xbfc2e9c2, 0xcbbecbc8, 0x12bec9bc, 0x5bd240f7, 0xd558f7d3, 0x55d559f7, 0x50ff13d4,
    0x07f7b8f7, 0x285c5015, 0x9a6f355d, 0x9670a67e, 0xf4aee17d, 0x08c4cfc4, 0x2ee0e013, 0xf8155ef7, 0x67fc2d67, 0x54b1f806, 0xfc60f715, 0xf760fbf9,
    0x801d57a0, 0x8a7d8788, 0x8b5b7d1e, 0x931f588d, 0x8e749579, 0xb9d20878, 0x1fa7958b, 0x9b9494a8, 0x27f71ab0, 0x1542e007, 0x07f768e6, 0xbd63c352,
    0xb34f18bc, 0x31c107fb, 0x1f1308ab, 0xf83efc10, 0x93f815a2, 0xe593fc4b, 0x4d93f81d, 0xf70693fc, 0x1578fbc0, 0xa37ca080, 0xf7089e7c, 0xfda9f7d9,
    0xf7a9fb23, 0x785306d2, 0x7b967e95, 0xfc197b94, 0x02fa4e29, 0x420e06c8, 0xc98cf7d4, 0xc9efc6f0, 0xf701cedf, 0x82f7d233, 0xd490f7d7, 0xf77af703,
    0xf7f015ca, 0x77076382, 0x7789768b, 0xf780fb1e, 0x82f71598, 0x0682fb27, 0x15efcaf8, 0xef90fb27, 0xfb90f707, 0x92fb1598, 0x8c9e8c06, 0xb41a9fa0,
    0xd40790f7, 0xf81537fb, 0xdfd9fb14, 0xfdce18f8, 0x24f848f4, 0xfcc9fb37, 0x07bdf714, 0x5e745b7f, 0xaa5c645d, 0xbf69b463, 0xad18724d, 0xbb5db451,
    0x36684e66, 0x740bfb6f, 0x6c9f7a9b, 0x16f77a93, 0xceb0e8a6, 0x431cf7b7, 0xf7754af7, 0xa38f817b, 0x9d98aa99, 0xfb9172fb, 0x12fb9a40, 0xbebd08c4,
    0xc997c4a6, 0xcb630e08, 0xcbebc5f1, 0xe2c859f7, 0x51f712c7, 0xf7d27cd3, 0xd582d3f8, 0xf880fc13, 0x1537f85c, 0xbd45ab67, 0x8e8cb054, 0xc83ff718,
    0x31fb1dd3, 0x8da99006, 0xf71aa6a9, 0x19fbc719, 0xfb3344e3, 0x1d434f2c, 0x856d8a71, 0x43fb1e6c, 0x0632f74e, 0x4a594b73, 0x7f9b5926, 0x7d9672a1,
    0xc5c1bce3, 0x65bfc8ab, 0x6eaa60c3, 0x32dbf708, 0x82072b15, 0xfcab0856, 0xfb06eb6f, 0xf8f10494, 0xfc07256f, 0xd31526b7, 0x6a6ff8b0, 0xfd35f8d5,
    0x7ff90601, 0xc81559f7, 0x00fd1307, 0x8f0659fb, 0xa3a68da5, 0x35f7951a, 0xe335fbc7, 0x28fb3343, 0x8128f74f, 0x708a7407, 0xfb1e7085, 0x1d2b4e35,
    0x575a5671, 0x7e9a652d, 0x7b9573a0, 0xc9c4bbf1, 0x34b8c9a8, 0x64e444d0, 0xa5a09d94, 0xa937979c, 0xd562c848, 0xc53e0e08, 0xff33f751, 0x0080ceff,
    0xc2be1dc4, 0xc853c3d1, 0xc0c2c9c9, 0xc0cfbdd2, 0xcf28f712, 0x28f7d265, 0xd4b0f7d2, 0xf9ecb713, 0x153ff984, 0xfcd40113, 0x8bf8cf8b, 0x0451fb06,
    0x82d28bfc, 0xd4830908, 0xfd153ff7, 0xf9bbfb1b, 0x5a13061b, 0xfcf5fc28, 0x49f71501, 0x834c064d, 0x8552844e, 0xf749f708, 0xfb4815df, 0x1307ce49,
    0x0ffb28b6, 0x4549f704, 0xf70649fb, 0x1537fbc6, 0x855507c7, 0xf8c2f705, 0x10fec971, 0xe5fbea4d, 0x69876807, 0x93886e88, 0x96e81849, 0xf79a0ef7,
    0x2a089a10, 0xf707f5d2, 0x1584f7ff, 0x58645070, 0xb75d5f5e, 0xc571bf67, 0xca9bf708, 0x05897d15, 0xc74ef6fb, 0xa9857706, 0xbf4ab443, 0x62541956,
    0x774d6c4d, 0x729d7e98, 0xa3cd7a92, 0xb8c5adcc, 0x69cd5dc4, 0x16f774d6, 0x4b9e430a, 0xccb255a9, 0xaadabecb, 0x400e08ed, 0xcb11f7d2, 0xcef0cbf4,
    0x01d108f7, 0xf8d495f7, 0xf903d435, 0x15f6f77f, 0xf8f035fc, 0x35fc0635, 0xf415a2fb, 0x072235f8, 0x59f852f7, 0x91fcd115, 0x97af9a07, 0x41b097b1,
    0x607f189d, 0x607a607c, 0x45aefb08, 0x4b068ff7, 0xfb3018fb, 0x3a0cfb0c, 0x70a27d9a, 0xb7ca7b95, 0xc6bbc1c2, 0xd475fc08, 0x35f859f7, 0xcf7c0723,
    0x8a4f791d, 0x951f498e, 0x8e6d9676, 0xc3e00875, 0x1fac978c, 0xa19597ab, 0x8df81ab8, 0xa10776fc, 0x9eb39fb0, 0x420e08b2, 0xce3af7d3, 0xc790cea7,
    0xce52c7ed, 0xf748ced9, 0x12cf214f, 0xf7cf1ff7, 0x0ef7d049, 0xf7d14cca, 0xd413d360, 0xf763f7ec, 0x49f715e0, 0x0649fb27, 0xf7605a13, 0x152af849,
    0xe349fb33, 0x0428fb07, 0x822949f7, 0xd7f73515, 0x421534fb, 0xced42af8, 0x01130642, 0x460cf720, 0x60021307, 0x492aa082, 0x40011307, 0x07470cf7,
    0x0e824213, 0x4837bb08, 0x2a2afcdf, 0x077cf848, 0x1576f2fb, 0x4857496d, 0x819d5e54, 0x7f9976a7, 0xd7c4bcc2, 0xd208d8af, 0x5cb3157f, 0x639d4ab8,
    0x7818aec7, 0x63c95db4, 0x241308b8, 0xf79ff78c, 0xad8c154b, 0x1aaaad8c, 0xfb60f7ce, 0x1cf8073a, 0xfb33fb04, 0x0733f760, 0x15cfa8f7, 0xfdfbeefb,
    0x8323fb06, 0xfb3852fb, 0xa0131e18, 0xa9859c14, 0xc77d9774, 0x13f7a4eb, 0x080bf795, 0x84fb67f7, 0x86857b06, 0x8a7d1e7c, 0x8c568b59, 0x6b967894,
    0xd508768e, 0xa8978db9, 0x9697a61f, 0x0e1ab7a1, 0xf7d4f7f7, 0xf801d440, 0xfa03d860, 0x15f7f73f, 0xf726fcd4, 0xd4e1f740, 0x37f7e1fb, 0xfb37fb3e,
    0xe28242d7, 0xfc404c08, 0xf5f7421f, 0x15fb3107, 0x10fb2bfb, 0x9c4d1ffb, 0x986ea37d, 0xcd17f779, 0x0bf720f7, 0x0819f7ec, 0xf8d80afc, 0xfbec070e,
    0xfb22f719, 0x4a18f710, 0xa8a39e98, 0x1ffb999c, 0xf72cfbc8, 0x14f73011, 0x02f70e08, 0xd505f8d5, 0x8261f801, 0xf83a3b68, 0xfcd515bd, 0x3e65f720,
    0x1dfc65fb, 0x07c2f741, 0xfb3dfb42, 0xfb36fb0f, 0x5a823a18, 0x9770cb09, 0xed24f779, 0x46f715f7, 0x0857f7d8, 0xfb05fc9b, 0x7cf7417c, 0xf7d84efb,
    0xd57cf74e, 0x05f87cfb, 0xfbd60699, 0xfb15f757, 0x2e28f748, 0xa6a59f97, 0x1efb9b9e, 0xf712fbd9, 0x3df74332, 0xce4a0e08, 0xe2d1bbf8, 0x71f701d1,
    0xd363f7d1, 0xe3d350f7, 0x50f803c4, 0x7515bcf7, 0x67f62ca6, 0xf7e308ae, 0x28fbd128, 0xfb456af7, 0x453afb6a, 0x670730f7, 0xfb421efb, 0x9737452e,
    0x936e9e79, 0xc2d0c276, 0xf7b305f7, 0x77fc0809, 0x075df8d1, 0x4bbc59b2, 0xf8086a9e, 0x157dfb5d, 0x8f8d8584, 0x90861f86, 0x1aac9e89, 0xe0fb5ff9,
    0xfb07d2fb, 0x5afb7d2e, 0x1efb1afb, 0xa7819c1e, 0x087e9672, 0x27f723f7, 0xf775f7a0, 0x8df71a39, 0x13fd50f7, 0x79913507, 0x7d1e7d9a, 0x9d87a29b,
    0xa106bd1b, 0x9a948e9c, 0x9496991f, 0x08a78f9c, 0xd48fa48f, 0x91791ac4, 0x987c9773, 0x578a498a, 0x7589738a, 0x86868188, 0x83868508, 0x0e1b8289,
    0xbad1c0f8, 0x6bf701d3, 0x5cf803d4, 0x7315dbf7, 0xf703fba8, 0x08ab6a13, 0xd119f7b4, 0x67f719fb, 0xfb67fb42, 0x26f74539, 0x1efb6807, 0x4632fb46,
    0x9f789938, 0xc375946b, 0x0ef7c1d4, 0x0811f7b2, 0xf8d488fc, 0x53b6078f, 0x66a13dc4, 0xf84df808, 0xfb6b1531, 0x24fb4f42, 0x4105fb3c, 0xf75d07f7,
    0x46f76b1e, 0xd6faf708, 0x55fc1d20, 0xaf06ae43, 0xfbbe61fb, 0x16fbe231, 0x4a30313f, 0x7d9b6329, 0x78946ea0, 0xcce5b8ed, 0x40c8e2d7, 0x4deb49d7,
    0xa4a2a196, 0xc827999e, 0xd74ecb3e, 0x1cf7ef08, 0xac4af7d4, 0x0e087ff7, 0xf7d1f9f7, 0xd0d6d112, 0xd16df701, 0x03d6fbf7, 0xbdf8b3f7, 0xd120f715,
    0x654120fb, 0x36100905, 0xd91d3145, 0x075cf80a, 0x4cb85ab0, 0xc8b96a9e, 0x31a67518, 0x08af68f4, 0x156535f9, 0xa3f783fb, 0xfcd069f7, 0x60f74680,
    0x84fba3fb, 0xfc84f745, 0x44f8d644, 0x0e0683f7, 0xd5cd47f8, 0x12d0c5d1, 0xf7cf5af7, 0xd153c37f, 0x14f8f413, 0x7b1502f8, 0x0cf73da9, 0xa708aa73,
    0xfb470a55, 0x4519fb54, 0x5e0712f7, 0x0a704c0a, 0xf5b7cdb9, 0x0802f7ad, 0xf8cf78fc, 0x59a707aa, 0x6a984dac, 0xf822f808, 0x2e75151a, 0x4472236f,
    0x71061d67, 0x55346123, 0xf8130842, 0xf755e642, 0x0ef76804, 0x91f41308, 0x8ed190cb, 0xcaf708d4, 0x0a7c5bfb, 0xa30605fb, 0xa0f3a6dd, 0x4bfc08e0,
    0x0606f746, 0x65dffb7f, 0x31fb91fb, 0x819c2cfb, 0x809773ab, 0xc000f7ef, 0xf7a922f7, 0xb834af46, 0x5448c13b, 0x455e4b50, 0xa4819c69, 0xce7a956e,
    0xc2b9c9ae, 0x52c308c6, 0x6ad45dcb, 0xa6a09f97, 0xa941999c, 0xc252b84a, 0xf7c1ebd4, 0x2bf7ab0d, 0xd33e0e08, 0x62d1d8f8, 0x5d34d182, 0xd5dff8d3,
    0xa5f7d013, 0x6f15d3f8, 0x42f7430a, 0x96f8d30a, 0x7009b283, 0xba6a994e, 0xa87918c2, 0x710af73d, 0x91f808ac, 0x7b1508fc, 0x66f061c7, 0x187753d9,
    0x629e689b, 0x45fb639b, 0xddb7186b, 0xf0abf4b8, 0x7118a043, 0xfb5307fb, 0x7b6a7a10, 0x7b747c6b, 0x96799487, 0x9d7d8f69, 0xf793ab96, 0x7094b770,
    0x77907392, 0xf7b81308, 0x15b1f867, 0x9d061cfc, 0x98bd9bba, 0x189c43bd, 0x541bfb6b, 0x374318fb, 0x74a9809d, 0xb9ad7f98, 0xcaa7c2ac, 0x06eef708,
    0x7c2bfc7e, 0x696e2cfb, 0x87827e80, 0x76088c79, 0x55908b5b, 0x9476991f, 0xbc758c6c, 0xa88abd88, 0xa08fac8f, 0xb0a79f93, 0x2df798bc, 0x0867f89b,
    0xd23ef80e, 0xf701d2c2, 0x5af7d368, 0xd44af7d1, 0xf73af803, 0xa97715d1, 0x6804f738, 0xf7be08b5, 0x26fbd226, 0xfb436af7, 0x4429fb6a, 0xddf721f7,
    0xbccebe0a, 0xf7b000f7, 0x6cfc0804, 0x0779f8d3, 0x4cb256ad, 0xf808689c, 0x1583f7d6, 0x46f724fc, 0xa10cf706, 0xe8ab16f7, 0x18c54cb1, 0x23fb663a,
    0x7412fb65, 0x07c6fb08, 0xfb821ffb, 0x19fb314e, 0xaa859c1e, 0x087f9877, 0x991ef7e9, 0x29f765f7, 0x4af7901a, 0xf8d48bfc, 0x0725f78b, 0xd085f70e,
    0xc8f2cbdf, 0xf701ccf1, 0x75f7d636, 0xda77f7d8, 0xf881f703, 0xf7f2155e, 0xfb072475, 0x159ef775, 0xfb2575f7, 0xa5f80675, 0xf177fb16, 0xfb0677f7,
    0x77fb049e, 0x080882f2, 0xfb3ef7cf, 0xfcd015d4, 0xc6f7df21, 0x3ffd1ff8, 0xc0f71ffc, 0x4621fc37, 0x3307e3f7, 0x3522fb2c, 0x9b6116fb, 0x956ea37c,
    0xbc16f77a, 0xebea26f7, 0xfb0801f7, 0xb8f7d8b3, 0xf721ed07, 0x13f72a27, 0xa29d9658, 0xfb9a9ca8, 0x23fbb512, 0x08e72fdf, 0xce7bf70e, 0xcc60c9f0,
    0x4acc4bf7, 0x25fb3df7, 0x6df712cd, 0xd410f7d4, 0xd1a3d770, 0x13d461f7, 0xd7f9a0b2, 0x131577f8, 0x61fbe0a6, 0x61f763f7, 0x15cdd406, 0xe6fbf0fb,
    0x1306f0f7, 0x82fc20d3, 0x81158cf7, 0x578114fb, 0x82087c7e, 0x7e8a8383, 0x8c697c1b, 0x961f648e, 0x8d709279, 0xb189b376, 0xa38da08b, 0x9b919c8d,
    0x95a5a39d, 0x47f796d2, 0x61fb0a91, 0xa0aa1306, 0xae8dac8f, 0x4208af8d, 0x09618206, 0x89678a23, 0x086b8867, 0x364a2cfb, 0x02fb781d, 0x57263861,
    0x71a07f9b, 0x0af77a94, 0xa0f1bccb, 0xf9081af7, 0x1547fc1d, 0xeb17fcce, 0x20fc2b3f, 0x07e9f748, 0x25fb2935, 0x6016fb33, 0x70a27c9a, 0x17f77896,
    0xec24f7bd, 0x0803f7e7, 0xf7d7a9fb, 0x20e707a2, 0xf73220f7, 0x9e965c1b, 0x999ba8a1, 0xfbb31dfb, 0xec36de23, 0xd13c0e08, 0x88ce9cf8, 0x12d0cdd1,
    0xf7d153f7, 0x2af7d12f, 0xf7d248ce, 0xbd13d32d, 0xf899f780, 0xd1f215d3, 0xfb0a4b24, 0x1d334513, 0x501cfb6e, 0x384f32fb, 0x6c9c7998, 0xc8b37693,
    0xf1a9ecb4, 0xd164fc08, 0xab07a1f8, 0x9b44b254, 0x18beb668, 0xf739aa78, 0x08b16e13, 0x44f740f9, 0xbbfcd015, 0x0786f746, 0xfb80dd13, 0xfd70fb19,
    0xe3f8d126, 0x07732af7, 0x26fb7b49, 0x1e2412fb, 0x77a4819b, 0xced47d97, 0xd29fdeb4, 0x3aba41b9, 0xaec256a4, 0x80de1318, 0xf549cb6b, 0x8e08e252,
    0x989e8ca0, 0x31f7a41a, 0x7c0789fc, 0x8b5a0a23, 0x77958d56, 0x778e6c94, 0x940a52f7, 0xf81ab5a0, 0x085984cd, 0x19f77587, 0x74f70e06, 0x40f748ce,
    0x73f7c975, 0x00ff49cd, 0x120080b1, 0x75d563f8, 0xd40af7d5, 0xb513ccf6, 0xf957f980, 0x46fb1527, 0x7a915007, 0x7e1e7e9c, 0xa186a59a, 0x9d06c51b,
    0x99918ea3, 0x96929a1f, 0x929e9296, 0x8dbc8e9e, 0x709275b7, 0x8a9a7b97, 0x89688a5b, 0x857d897a, 0x08888683, 0x8a808687, 0x06671b80, 0x8e8c8582,
    0x8f851f86, 0x1a9f988a, 0x13078cf7, 0x5bfb80b3, 0x80ab1306, 0xb18ead8f, 0x8a41b38c, 0x08118218, 0x89638a66, 0x08698766, 0x434937fb, 0x15fb6e1d,
    0x17fb3b48, 0xa57e9c5b, 0xf77e956c, 0xead6ca21, 0x0830f7aa, 0xdbfb4efc, 0xc9c3c215, 0x5fc8bfce, 0x495018b9, 0x615a4444, 0xf887f708, 0xa264150c,
    0x9c53a940, 0xc4185a6c, 0xb16bd677, 0x37670873, 0x41a16415, 0x6c9b52a8, 0x79c31859, 0x73b06cd6, 0xfb68f908, 0x07ce15e8, 0xfc27d082, 0x55130628,
    0x8341f480, 0x224e080b, 0xf74827fc, 0x2b3407e4, 0xfb3520fb, 0x7c9b6114, 0x7a966fa1, 0xf7be1af7, 0xf7e7ef27, 0xadfb0806, 0x07a7f7d5, 0xf704fbe7,
    0x1ef72e24, 0xa29d955b, 0xfb9a9ba8, 0x20fbb31a, 0x08eb35db, 0xc7ce5e0e, 0xdebfdec0, 0xcd82f7c0, 0xd473f701, 0x028239f7, 0xd803d738, 0xe6f9155e,
    0x06e6fdce, 0x8cf702f9, 0xde27fc15, 0xfb0627f8, 0x0885046e, 0x70fc3b08, 0xfb1550f7, 0xf7bcf8d8, 0x3af707d8, 0xcd1582f7, 0x12f72bfc, 0xfc12fb42,
    0xd4f74925, 0xfb2d3607, 0x0efb371a, 0xa17d9a61, 0xf77a976f, 0x28f7c11b, 0x09f7e5f2, 0xd45ffb08, 0x888260f7, 0xf7067808, 0x1ef72527, 0xa19d9658,
    0xfb989ba8, 0x1afbb212, 0x08e534dd, 0xf7d05d0e, 0x9e78cf99, 0x4ad172f7, 0x12d04acc, 0xf8d45bf7, 0xcb13d807, 0x130ab5f7, 0xfba0fbb3, 0xa97915d4,
    0x6906f73a, 0xf7c108b6, 0xcb130711, 0xf711fbd1, 0x55fb4255, 0x130724fb, 0x1d7245b3, 0x394a0a5e, 0x6b9d7999, 0xcab87693, 0xf6acf1b7, 0xd46efc08,
    0xac078ef8, 0x9b4ab156, 0xfdf70869, 0x821594fb, 0xf7992f4c, 0x55fbcf55, 0x6ff777f7, 0xd0c71307, 0x48829dfc, 0xf7465b08, 0xf777fb75, 0x96fb0a65,
    0x89cff846, 0xf8d7421d, 0xd1acd156, 0xf701d1cb, 0xf9f7d560, 0x16fa03d5, 0xfc158cf9, 0x45f84545, 0xfb7afc06, 0xa57815de, 0x6d00f736, 0xf7a508af,
    0x15fbd115, 0xfb4166f7, 0x452bfb66, 0x6b071bf7, 0xfb4a10fb, 0x99404b22, 0x936d9f79, 0xbbcbbe76, 0x8582aff3, 0xd585d308, 0xac079cf8, 0x9b4db45a,
    0x0ff7086b, 0x217115b4, 0x4554205e, 0x76a8839c, 0xd7c18198, 0xaa08f7bd, 0xf80807f7, 0x1512f71c, 0x45a5fcd1, 0x46fc69f7, 0x0a2d7e07, 0x8d578b5d,
    0x6b967594, 0xd108758e, 0xa7998cb9, 0x9397a81f, 0xf81ab5a1, 0xfbcf0747, 0x29ba1514, 0x9916fbb9, 0x18a3d03d, 0xf75ada7a, 0x08eb5b12, 0xf7d3740e,
    0x5df7d36e, 0x12d166d3, 0x13d25af7, 0xf909f9e8, 0xb87a1522, 0xbf66d162, 0xaf186f50, 0x9b44b255, 0xf1f7085e, 0x27fb1580, 0xb1c3ae06, 0x42cbabd5,
    0x497318a3, 0x4f652f60, 0x43a7fb08, 0x5d0683f8, 0xd315a5fb, 0x07432dfc, 0x1315e54d, 0x38a979d8, 0xb16f0df7, 0x0a33a808, 0xfb4454f7, 0x4515fb54,
    0xf70712f7, 0x75920a4b, 0x5f41cbb8, 0x6f540805, 0x079ff8d2, 0x4bae57a9, 0xaa086a99, 0x43158dfb, 0x07d3ccf8, 0xd036f70e, 0xf7d021f7, 0xd047d11a,
    0xd34df712, 0x13d403f8, 0xf9e7f8dc, 0xb67c1538, 0xbc67cb65, 0xae18734a, 0x9947af59, 0x2cfb0860, 0x1315b9fb, 0x42a87aec, 0xb07005f7, 0xd1f4b508,
    0x4354f722, 0x12206982, 0x5a086982, 0xb30adef7, 0xaaeab3c8, 0x5efc08ef, 0x0798f8d3, 0x50a95aa6, 0xf8086b99, 0xfb1546fc, 0xf721f78b, 0x57fbd057,
    0xf7dc1306, 0xd076f71c, 0xf7070afb, 0xdbfb0ada, 0xfb75f746, 0x4655fb1c, 0x21fb55f7, 0xf7469afb, 0xd482fb9a, 0x8bf782f7, 0xcf6e0e06, 0x2ff7ccec,
    0xcc1ff7ca, 0x82dad04d, 0x54b10896, 0xd21cf7d0, 0x13d160f7, 0x99f780ef, 0x1d74c5f8, 0xf702fbd0, 0x65fb4665, 0xf74626fb, 0xfb6c0621, 0x2afb4c17,
    0x78983e4c, 0x76936c9c, 0xf1b8cab8, 0xfc08f4ad, 0x9af8d070, 0xb35eab07, 0xb26e9c52, 0xa17918cb, 0xad6ce83c, 0xfc63f708, 0x32f9157b, 0xfcd06ef8,
    0xf8bbfdb5, 0xfc07cfc5, 0x1536f75b, 0xcc3df84a, 0x2ff74efb, 0xfbca30f7, 0xf7130730, 0xf71ff780, 0x2bfccc45, 0xfb34f74a, 0x4c23fb1f, 0x2ffb23f7,
    0x4bf70e07, 0xd8c5cfca, 0xcec4d7c2, 0x3af712c8, 0xd669f7d4, 0x75f7d549, 0x80fd13d6, 0x55f883f7, 0x3e9df815, 0xf7069dfc, 0x9df80464, 0x0808823f,
    0xfb55f921, 0xfcca15d5, 0xc0f7cf2d, 0x1307d7f7, 0xc8fb80fe, 0xc80bf8ce, 0x40d20bfc, 0xb2fb5bfb, 0x8306d7fb, 0xbb1a0938, 0x4c28fc47, 0x3206e6f7,
    0x4221fb39, 0x9a6810fb, 0x9671a07d, 0xb716f779, 0xe7e32bf7, 0x89fb08f0, 0x0789f7d5, 0x28f724e5, 0x611ef737, 0x19fb0ad0, 0xcf1ffbaa, 0x0e08de35,
    0x3ff8cd6e, 0x01d0becb, 0xf7d049f7, 0xc8f6c868, 0xf902f903, 0xfb4915e0, 0xfb0afb21, 0x3d11fb12, 0x6ba07e99, 0xd1f17d94, 0xf7d5efee, 0xf727d806,
    0x47f02006, 0xa99b9f93, 0xc8259c99, 0x02f70ffb, 0x9892eb45, 0x97919792, 0xfb0af708, 0xe4fb15b8, 0x06e4f74b, 0xc9fb06fb, 0x280a00f8, 0x2d0aa1f7,
    0xa87b157e, 0x7105f745, 0xf3b608b0, 0x51f723d0, 0xfb51fb46, 0x0df74614, 0x18fb7107, 0x532efb53, 0x9c7a9839, 0xb276936a, 0xa8ecb2c9, 0x72fc08f2,
    0x0798f8d0, 0x52a85ba5, 0xf8086c97, 0x6915e29e, 0x2cfb4b20, 0xfb082c57, 0xe3f849ed, 0xf74cfbcd, 0xc45e0a55, 0xc5d6c1d7, 0xbfd7c0ba, 0xc15fd0bc,
    0xf74fc7ca, 0x50f71223, 0xc921f7cf, 0xcdb2d274, 0xcce9c451, 0xd3c0c44b, 0xe413cb73, 0x94f780d0, 0xe641bcf8, 0x1a520805, 0x0a4ef70a, 0x98fbc4f8,
    0xc9fb4015, 0x61fb07d6, 0xc9f7d704, 0x10fc073f, 0xadd21530, 0xd36dc9f7, 0x58fcf2f7, 0x0a0b1306, 0xf7a1f740, 0xca2e15f8, 0x33f706e8, 0x131553fb,
    0x2640251b, 0xfb06f0d5, 0xd726045e, 0x29fc06f0, 0x2c3fea16, 0x045ef706, 0x068241ea, 0x578b8708, 0xd72c3f15, 0x12f7ea07, 0xd52c4115, 0xf7eef707,
    0x07c71509, 0x402a1313, 0x4ade4ffb, 0x49de2e38, 0x4f4cfb38, 0xfb4c4cf7, 0xf8c9fb29, 0xfbc9f7a7, 0x0e06ca32, 0xdeca24f7, 0xd2c0d2c3, 0xb9d175c3,
    0x45f712ca, 0xd02ff7d2, 0xd4a6d2ae, 0xd29bd3bf, 0xf890f713, 0x15fcf88f, 0x1306d6d2, 0x2cf7b0ef, 0xf7d7d33f, 0x1ffbca1f, 0xfb3943dd, 0x3944dd2c,
    0x304c25fb, 0xfb20fb1d, 0xaa7915f2, 0x7112f740, 0xf2b208b1, 0xab4324d1, 0x0f530905, 0x070ff745, 0x521bfb70, 0x705133fb, 0xb0c6b00a, 0x08eca8e6,
    0xf8d255fc, 0x57a60794, 0x69994baa, 0xf72cf708, 0xf7131517, 0x0ae9f7d0, 0xdafb68f8, 0xa7fbca15, 0x90a59007, 0x08a88ea7, 0xc7f767f7, 0xc7fb7afc,
    0x87065ef7, 0x856e876e, 0x8ffb0872, 0xf779f74c, 0x7d980a39, 0x7b916f9e, 0xdbb542f7, 0x0a9bf7d1, 0x01d4e6f8, 0x03d9cdf8, 0xe6f8d7f9, 0x6c467815,
    0x9c5c7440, 0x9a7ca883, 0xb7cfaf83, 0x54eca4f4, 0x03fc0a20, 0x99bd9a06, 0x3bc097bf, 0xfb6d1899, 0x2ffb5332, 0x839e293e, 0x809976b1, 0xd3afc3b3,
    0xfb08dca9, 0x6115b63c, 0x47c336b3, 0x18565fae, 0x50de64cf, 0xfb0862b3, 0x204b045a, 0x510ffb37, 0x1858ce43, 0xf7d6e3ca, 0x08f1c507, 0x6cf7e6f7,
    0x064d3d15, 0xfb7422fb, 0xfbc3fb6b, 0x7d9d1e29, 0x7a9770a5, 0xe1ee58f7, 0xf7b113f7, 0x34fbc20e, 0xf709fbe5, 0x9f954f24, 0x989caaa2, 0x2dca42fb,
    0xf75e2ef7, 0xa48c085c, 0x1aa1a38c, 0xf8d4700e, 0xf701d413, 0x7cf7d753, 0xd4f803d8, 0x13f815b9, 0xfbd4d8f7, 0x3edff7d8, 0x7cfba7fd, 0xfc3fcff8,
    0x421efbcf, 0x07d410fa, 0xf7d46a0e, 0x9ef7d4cc, 0x54f701d3, 0xd770f7d6, 0xb3c7f803, 0x82ccf715, 0xccfb3913, 0xf2f79ef7, 0x43c7fdd3, 0x1ffd1df8,
    0x68f870fb, 0xfb68fc40, 0x0efa421c, 0x3e0a3582, 0x43f8d35e, 0x14f712d3, 0xd506f7d3, 0xbd6df741, 0xd282f7d8, 0x18f8f413, 0x14f815d5, 0xf7ec1307,
    0x1306d323, 0xf723fbf6, 0x9cfd41c6, 0x7806fb06, 0x43e6f805, 0x6e07f3fc, 0x73877086, 0x183c9787, 0xf7a312f7, 0x3ef7ac49, 0x18d585ab, 0x154344f7,
    0xc0958461, 0x07c8f71f, 0xc5f2baeb, 0xc64ec4d7, 0x395c5818, 0x085e3a55, 0xfd3efff7, 0x00fb077c, 0x1ee76ea4, 0xe4062bf7, 0x34f7c39f, 0x91761f94,
    0x9977986d, 0x8621fb08, 0x1b616785, 0xd262f80e, 0x45d113f7, 0xf71243f7, 0x47f7d569, 0x13d845d8, 0xf839fad8, 0x07d21562, 0x13fcd413, 0xb8f713f7,
    0x06b8fbd1, 0x3ef4b413, 0x4efbc2fb, 0xfb4176f7, 0x442afb76, 0xf8d81307, 0xd3cffb27, 0x4111fb06, 0xfb5b35fb, 0x799b7059, 0x76926d9a, 0xf7c511f8,
    0xf719f78f, 0x4596f717, 0xfb5418ab, 0xfb363b02, 0xf7084a00, 0x8efb07cc, 0x3a5c1560, 0x563f3a3d, 0x6ea67f9c, 0xc8d87c97, 0xe7c1e9e0, 0xd05f0e08,
    0xf7d150f8, 0xf801d337, 0x7ff7d5d8, 0x52f903cf, 0x846215a4, 0xf71fb794, 0xc3e70787, 0xcad5cbee, 0x5818c753, 0x3d4d3b56, 0xc6f70856, 0xfed3b4f7,
    0x58f74306, 0x16fb6307, 0x2626fb41, 0xa3809c2f, 0xc17d9874, 0xb2cab9bd, 0x5ff708d1, 0x6f397706, 0x654e6743, 0x5fb956b4, 0x18575eae, 0x58c265b9,
    0x2f4561b0, 0x61224c2f, 0x6da4809c, 0x63f77996, 0xf733f7e4, 0xd4f7c746, 0x1d9b9d5d, 0xa50655fb, 0x9cc2a0c1, 0x8af708c1, 0x2c0604fd, 0x1ee470a3,
    0x9fde1d43, 0x9423f7b9, 0x6e8f761f, 0x08987998, 0x84870efb, 0x0e1b666f, 0xa8cb82f7, 0x94c884ce, 0x50c7afc8, 0x5dc8ebc6, 0xcadd12cd, 0x813bf74c,
    0x47f784d1, 0x44f744fb, 0x9fafcb4b, 0x1ff7ceb3, 0xa5a913d0, 0xf918f980, 0x1d35156d, 0x80a7b913, 0x44073efb, 0x1ecb7097, 0x9b9b06bb, 0x1f978f8c,
    0xa6899b88, 0x87089d89, 0x808a7b80, 0x8006611b, 0x1fa5948a, 0xa7fb82f7, 0x4a0722fb, 0x533c3e80, 0xa582991e, 0x087e9572, 0xee9ccce5, 0xaa131adb,
    0x37fb80a5, 0x13150ff7, 0xfb8091aa, 0x83064e47, 0x07f72a10, 0xa913062b, 0x04fb8089, 0x3207824f, 0x04f780a5, 0x06a4fb21, 0x80a5a513, 0xa51307f6,
    0x82f38045, 0x80452315, 0x898307c6, 0xec231309, 0xfb0aa5f7, 0x824915ae, 0x824a8148, 0xf731f708, 0x2dfccb40, 0xfb3bf74b, 0x8242073a, 0x84558348,
    0xf7184596, 0x3ff79c0c, 0xa436f7a3, 0xa7c91308, 0xf7d0f780, 0x487215b3, 0x595d4f65, 0xc76abf62, 0xf708cc73, 0x7e15d191, 0xe9fb0588, 0x7c06bc48,
    0xb237a687, 0x194dbd40, 0x633e5349, 0x7b99723c, 0x7893709e, 0xb6d9a9dd, 0x53c2c4ce, 0x6dd960cd, 0xa69f9f96, 0xa43f9a9c, 0xbf54b349, 0xe8c0d4cf,
    0x0807f7ab, 0xf8d3580e, 0xf701d447, 0xd8f7d819, 0xd294f7d8, 0xbf66f703, 0xf728f815, 0x8bfbd48b, 0xfd3ebdf7, 0x72600786, 0x1e807b74, 0x6b9d7e98,
    0x9da27891, 0xa3f79baf, 0x899d87e3, 0x08a38cac, 0x152066f7, 0xc395835e, 0x07b7f71f, 0xf7c801f7, 0xd4e1d70a, 0x4f18cb4d, 0x2d3f2a4e, 0x0bf80851,
    0x077afd3e, 0x6da503fb, 0x1d431eeb, 0xf7d09ff0, 0x761f945a, 0x789a6c91, 0x4cfb0899, 0x595d8484, 0xda3e0e1b, 0x01d58ef8, 0x03d963f8, 0xddf8fcf7,
    0xc9827c15, 0x41a2b208, 0x5b0688f7, 0xfb2659fb, 0x3813fb2a, 0x6ea9809d, 0x21f77b96, 0xf709f7ee, 0x98f7bb4d, 0xdf2af808, 0x3d475b15, 0x6c4d4833,
    0x75c270bf, 0x84f708c2, 0x72bdfd3d, 0x8b577c0a, 0x971f528d, 0x8e669875, 0xbdd70875, 0x1fa9998d, 0xa39798a8, 0x3af81abc, 0x48fbe607, 0x32fb15f7,
    0x98392ff7, 0x9ca9a4a1, 0xc30cfb9a, 0x36f300fb, 0xc6d10ff7, 0xd7cde5e2, 0xd5410e08, 0xf7d204f8, 0xf801d30d, 0xf903d964, 0x1556f940, 0x36fbb937,
    0xa80efbc1, 0xf7184e67, 0x35f76c10, 0x085ddc4f, 0x57fbc4fb, 0xa2fb1d20, 0x0682f744, 0x2926fb59, 0x02fb07fb, 0xa97f9c4a, 0x09a0826f, 0xf7dd14ee,
    0xbe28f707, 0xf80860f7, 0x1520f768, 0x362d4a51, 0xcb674f3c, 0xd575d16f, 0xf5fbd508, 0xfca7f743, 0xe27b07b0, 0x508a7b1d, 0x978e4e8b, 0x8e6a9776,
    0xc0de0877, 0x1fab978c, 0xa29697ab, 0xf6f71ab8, 0x45fbda07, 0x1bfb0cf7, 0x96423cf7, 0x9ba8a3a0, 0xba10fb9a, 0xf741e028, 0xf1c5de02, 0x08d4d9e1,
    0xd1dcf70e, 0x50f7d3d4, 0x52f801d1, 0xd457f7d3, 0xf99af803, 0x57f7156f, 0x390627fb, 0x1ed36c9b, 0xa4a006e8, 0x1f98908c, 0xa9899f88, 0x8708a189,
    0x7b89737d, 0x7a06351b, 0x1fa89588, 0xe8fb6ff7, 0x400705fb, 0x18fb3674, 0xfb0ad2f7, 0x6215a864, 0x50ba3aa9, 0x185661aa, 0x59da69c7, 0x88086cb4,
    0x61155dfb, 0x4fb738a8, 0x185462a8, 0x5cdc6cc9, 0xa4086db4, 0xfb551533, 0x17fb4203, 0x5bc93e58, 0xcde7c218, 0xf3bc11f7, 0xd075f808, 0x523f6415,
    0x4758474c, 0x66cb55c0, 0x0cf808d4, 0xfc0a7cd4, 0x06ca4573, 0x33b48477, 0x4ed33fc4, 0x28593519, 0x98782568, 0x936c9c7a, 0xa503f777, 0xc6e7b3f6,
    0x61f051de, 0x957105f7, 0x9baaa1a0, 0x2b9e229c, 0xe4bb3caf, 0xb5e8d3d2, 0xedf71dac, 0xd246f7d2, 0xd5e9f801, 0xf8a3f703, 0xab62155d, 0xa44cb639,
    0xcc185563, 0xb45eda6e, 0xfc320869, 0xe7c6155e, 0xbf10f7d1, 0x18bc55f4, 0x3c05fb52, 0x3f5617fb, 0xa5f99f08, 0xdc6dcd15, 0xb669b35b, 0xab6118c9,
    0xa649b839, 0xfdb3f908, 0xd86c15f8, 0x440bf740, 0x186f50e2, 0x5ea964aa, 0xd0fb5ea7, 0xdfc91868, 0xf5bff5c9, 0xd2aff708, 0x46f79bfb, 0xfbd271f7,
    0x4140f771, 0x69fb40fb, 0xfb69f744, 0x4495fb46, 0x590673f7, 0x214904fb, 0x67726d75, 0x86787377, 0x66977794, 0x98a67a8f, 0x07f892b5, 0x9c669eb9,
    0x086f9569, 0xf7d25d0e, 0x73f7d295, 0x4f08ac82, 0xf903d8e8, 0x153bf951, 0xcf65b67d, 0x7348be69, 0xae57ac18, 0x08609944, 0x15d1c2fb, 0xb837aa60,
    0x5562a74d, 0xdd6ccb18, 0x086bb45b, 0x1565fb7d, 0xb739a861, 0x5462a74e, 0xdc6cca18, 0x086bb35d, 0x511538ae, 0xfb3e05fb, 0xc9405518, 0xe8c51858,
    0x3309de82, 0xf708f4c0, 0x157bfbf7, 0x75f795f7, 0xf775fbd2, 0xd299f773, 0xf744ecfc, 0xfb73fb9a, 0x72f74472, 0xb8fb95fb, 0xd221f944, 0xcd650e07,
    0x7bca59f7, 0xf8997d9b, 0xf812cb0d, 0xd1f7d225, 0xf7ce13d4, 0xfc320a19, 0xe2be1561, 0xb803f7c4, 0x18b953ec, 0xfb4a2359, 0x08445e0b, 0xc3f703f8,
    0xcbaacf15, 0xc3b9c5b1, 0xd763cd5f, 0xf6fb086c, 0xf71598fb, 0xfbd1f759, 0xb1fb0759, 0xf71511f9, 0x4b6c068c, 0x59575260, 0xc25fbd53, 0xf708c16d,
    0x0a81dbc6, 0x9a068cfb, 0x97a999a8, 0x189e44a9, 0x3514fb59, 0x3f290dfb, 0x71aa819b, 0xafb48097, 0xbeb1b7b4, 0x59b359a9, 0x13085dbb, 0x234633a6,
    0x996d2258, 0x93709d7d, 0xa794a779, 0x0897a795, 0xb1d2f0fb, 0xd469d1f7, 0xf71a1307, 0x849f07ee, 0x85a0849f, 0xa9a09f95, 0x06fb9b9a, 0x3dba2ba6,
    0xc6d1d4c3, 0x08f2b2e0, 0xf7d0690e, 0x38f7d062, 0x1df801d3, 0xd226f7d0, 0x03d21ef7, 0x65f9d6f7, 0x37a76115, 0x62a84eb9, 0x6ac81856, 0x6eb45bde,
    0x66fb8308, 0x38a75f15, 0x62a851b7, 0x6bc81855, 0x6fb45bdd, 0x59fc2908, 0x08091842, 0x0a24f7df, 0x15bb80f9, 0x62f7f7fb, 0xf706f7f7, 0x157df71c,
    0xf7a6fbd3, 0x9ae10741, 0xa1cc9edb, 0xfb18c551, 0x5dfb6303, 0x7940fb6c, 0x6f957a92, 0x92d2798f, 0x96d494d6, 0xfb36fb08, 0xb4f743b4, 0x6bfb38fb,
    0xb5d016fc, 0xd266f7f7, 0x65fb11f8, 0x3e0e1d78, 0x8af812d5, 0x54d450d7, 0xcaacf7d5, 0xd1f9c813, 0x6c155af9, 0x58b84aac, 0x186060ab, 0x59ca6abe,
    0xfc086aaa, 0x6715bf70, 0x4fbb40af, 0x185a61a8, 0x59d56bc7, 0x850866ad, 0x661561fb, 0x50b83eac, 0x185860a7, 0x5bd66dc9, 0x3a0868ae, 0xbd155cfc,
    0x11f7c5e8, 0xb652f5b7, 0x06fb5b18, 0x5c18fb49, 0xbcf9083c, 0x5a150af8, 0x3c4e4646, 0x7abe7656, 0xf7cf7cc7, 0x8118b5d5, 0x981305ce, 0x0561d8fb,
    0xb684a813, 0xba86b884, 0x18b1cff7, 0x38148282, 0x66ccfbc8, 0x89cf8505, 0x3f1ad5d2, 0x8e3f8c06, 0xfb439141, 0x95187554, 0x22298246, 0x82a251f7,
    0x90b40935, 0x915d925d, 0x6c7ffb60, 0xf7489518, 0x3d9caa82, 0x4fa4449f, 0x20562d19, 0x6f04fb61, 0x709d799d, 0xaaf47795, 0xbfe6b5f0, 0xcbbd2f08,
    0xd91bd954, 0x39f7bba6, 0x92771f9a, 0x9b7a9b71, 0x8416fb08, 0x1b6c5b7d, 0xd3b35e5a, 0xc7e71f65, 0xdcc6d2da, 0xc9420e08, 0x01c470f9, 0xd4c6cef7,
    0xdbc8dec5, 0x03c8d8c6, 0x15e97af8, 0x45c559be, 0xacba60a7, 0x4eb67018, 0x08bb59ce, 0x24f96efb, 0xc602fd15, 0x6af7c9f8, 0xf8c8c6fc, 0x6cf707ff,
    0xc3fd15b9, 0x86857c07, 0x8a7d1e7d, 0x8c568b5d, 0x70957994, 0x8ad07a8e, 0x96a58db6, 0x9596a308, 0xf91ab59d, 0x59fb07c2, 0xe6fc153e, 0x07e6f8c6,
    0x152ae9fb, 0xfb07f3fb, 0x10fb790b, 0x1e363bfb, 0x749d8196, 0x1d677e92, 0x2bf7a8e5, 0xf71a19f7, 0x37fc07f3, 0xc3150ff7, 0xad5cd16c, 0x18c6b86b,
    0xb743aa68, 0x3408a855, 0xc115d5fb, 0xaf5ed46d, 0x18c6b66d, 0xb543a866, 0x7508a654, 0xce15dafc, 0xbce6b564, 0xf3af0ff7, 0x64b24f19, 0xfb5304fb,
    0x193d6414, 0x010ae80e, 0xf7d410f8, 0x24f7d42a, 0x0aabf7d3, 0xdffb32fd, 0x3eae6515, 0x61aa4dba, 0x6ac91857, 0x67b058d7, 0x5cfc3a08, 0xc9e9c015,
    0xf4b811f7, 0x5818b854, 0xfb4505fb, 0x083d5b17, 0x15aef99c, 0x58d56ac8, 0xc5b966ae, 0x40ae6618, 0x08a94ebc, 0x61fb17f8, 0x5ebe7b15, 0x4cc360d7,
    0x52b5186e, 0x589a3cb6, 0x13fc8c08, 0x03f8f615, 0x03fc0ac2, 0x4bf807f5, 0x6cfb15d1, 0xfb42b0f7, 0xfd73fbb0, 0x6ef7d40a, 0x0ffb03f8, 0x86867d06,
    0x7c1e8a7b, 0x528d8b56, 0x09052b5b, 0xd7087732, 0xaa978bbc, 0x9498a81f, 0x0e1ab5a0, 0x48ceb6f7, 0x1ef743f7, 0x43fb47f7, 0xcc4a43f7, 0xf712c155,
    0x4df7cedd, 0xd054f7d5, 0xf8808b13, 0x1561f920, 0x0a8e57f8, 0x07d002fb, 0xf7800a13, 0x07dffc43, 0xfb002213, 0xf707ce47, 0xd1159f9d, 0xb032dc4d,
    0x18b4c352, 0xe138c464, 0xfb08c746, 0x61158463, 0x41444241, 0xa67e9c5e, 0xd57e9572, 0xbbdddbbf, 0x851308e0, 0xedaefb00, 0x42a86515, 0x65a454b6,
    0x6fc31853, 0x6caf5ed3, 0x65fb9108, 0x3daa6215, 0x65a550b5, 0x6ec81855, 0x6ab15ed8, 0x15379308, 0x4904fb5a, 0x3f5d15fb, 0xbd1857c2, 0x0ef7c6e7,
    0xf908f3b9, 0xce15aa17, 0x13079bfb, 0x00f70041, 0x81130741, 0xfb00fb00, 0x68f74895, 0x01fb4f07, 0x5a202a28, 0x73a17d9c, 0xc2f27895, 0xf7cbecea,
    0xd1fb0807, 0x07d3f7d5, 0xe502fbc8, 0x9752e527, 0x9ca4a29e, 0x2dbc2c9a, 0x08f352ed, 0xe3ca430e, 0xd5c2d9c3, 0xd1c4c4c5, 0x63c4cac1, 0xfef712b3,
    0xd424f7d0, 0x13d222f7, 0xb4f7e0fd, 0x691562f9, 0x54b645aa, 0x185860a7, 0x5ecf6cc2, 0x90086aad, 0xcc08a582, 0xb842ac66, 0x5760a753, 0xd36cc418,
    0x086aae5c, 0x155dfc49, 0xf7c3e9bb, 0x50f5b610, 0xfb5d18b7, 0x18fb4b06, 0xf7083d5e, 0x152ef7fd, 0x3dfbf7d9, 0x0463f707, 0xd5fbfb41, 0xc542f807,
    0xfc87fc15, 0x2ff7d070, 0xa044fbf7, 0x7e1e7d1d, 0xfb0aa0f7, 0x158ff869, 0xc182f7d1, 0x130782fb, 0xf7ca400e, 0x9afbc49a, 0xfb3d42d9, 0x93f75293,
    0x557afb4c, 0xfb457af7, 0x2bf952b8, 0x560e07c4, 0xe9c5d7cf, 0xd2c4e9c2, 0xdaa373c9, 0x12987ecb, 0x8cd0d3f7, 0xd2dbf7d0, 0x0613d392, 0xf918f890,
    0x6ff81529, 0x3bf7d324, 0x850696fb, 0x79b87dac, 0x187e41af, 0x64956c99, 0xfb086c92, 0xd03bfba9, 0x60741306, 0x15cffbd1, 0xfb2ddbf7, 0x87f706db,
    0x0a088504, 0x63fb464c, 0xf767f815, 0x0667fcfa, 0x1519f79b, 0x4d400813, 0x130744f8, 0x07c94085, 0x16f7aafc, 0x41ad6815, 0x5ea952b9, 0x6bc51858,
    0x68ae5ad3, 0x5ffb9008, 0x3dad6315, 0x61a74fb7, 0x6dc71857, 0x6ab25bd8, 0x1533a608, 0x4605fb57, 0x3e5a16fb, 0xc0185ccc, 0x10f7c9e8, 0x8308f4ba,
    0x47158bfb, 0x1d6b2cf9, 0xcb52d03e, 0xf3ce74f7, 0x6fcd87d0, 0x61d2dba7, 0x129763d1, 0xe4d0f4f7, 0xd03ff7d0, 0xf870aa13, 0x1559f988, 0xc067af7a,
    0x6f48b36a, 0xae62ab18, 0x08679b53, 0x15b92afb, 0xb846a768, 0x5860a757, 0xc0101318, 0x5dd06bbf, 0x98086cac, 0x66155afb, 0x55b341a5, 0x185561a5,
    0x60d56fc2, 0x740870af, 0x671504fb, 0xfb5705fb, 0xce3d6715, 0xe7b21865, 0xab10f7b9, 0x40f708f3, 0x131563f7, 0xba8e7072, 0xbb8dba8c, 0xd24ff708,
    0xe844f1fb, 0x89fb8506, 0xfb90fb7e, 0x9d1dfb16, 0x9776a281, 0x04f7f17b, 0x9b3ef7b0, 0xee0850f7, 0x9efb8406, 0x767c2c82, 0x83827f08, 0x7d1b7d8a,
    0x658f8b66, 0x9177961f, 0xb2768d70, 0xa28bb389, 0x9c8ea48d, 0xa3a09b93, 0x01f793ac, 0xced4f794, 0xfb0ff80a, 0xd31d7e41, 0x20091306, 0xbdbdb0bb,
    0x525dbbaf, 0x068afb0a, 0xb09cab9d, 0xf708b39b, 0x7ffbd196, 0x95b29606, 0x45b592b3, 0x04131896, 0x08fb7620, 0x5305fb66, 0xaa829e42, 0x0880997a,
    0x8f10a813, 0x90939192, 0xf74d0894, 0x70710751, 0x786e706d, 0x2dfb2b08, 0xfb2df748, 0x877f076c, 0x7e1e7d88, 0x598b5e89, 0x9576938d, 0x08768e70,
    0x978cb7ce, 0x96a71fa7, 0x1ab39f92, 0x20f76cf7, 0xc63d0e07, 0xd3c200f7, 0x64c7d2c2, 0xe6c7d0b2, 0x12c7cebe, 0xa7d0bbf7, 0xf7cf4dd0, 0x01f7c91b,
    0xa7d24ad1, 0x54f713d2, 0x4ff9d4f7, 0x3bae6515, 0x5caf50c0, 0x65c7185a, 0x67b253d9, 0x59fb7d08, 0x3ea86515, 0x60a853b8, 0x6bc51857, 0x6db15cd5,
    0x55fc4308, 0xc5e6bd15, 0xefb70df7, 0x5b18ba51, 0xfb4902fb, 0x08405e13, 0x31f713f8, 0xd1f7d315, 0x5af70743, 0xd1fb4404, 0x18f807d2, 0x5dfc15c7,
    0xf7d073fc, 0xf7d1f73a, 0x798e0ac8, 0x8bb8d108, 0x9c82a696, 0x9c93ac08, 0x0f131ab0, 0xf912fcba, 0x1bf71504, 0xf71d6330, 0x1565f7c6, 0x01fb65fb,
    0x59fb22f7, 0x0cf807ce, 0xf71565fb, 0xfb50fca1, 0x3cfb23a1, 0xf800f7d0, 0xd200fb95, 0x0e073cf7, 0x55cc3bf9, 0x35f812c1, 0xf9a013ce, 0x1508f943,
    0x3dea55d6, 0xc3b958b8, 0x2bbd5b18, 0x08bf40d5, 0x15ce64f7, 0x8106a7fb, 0x7ab277a8, 0x187843a8, 0x6d977498, 0xfb087296, 0x08f94aa2, 0xfb07fd06,
    0xbadd1579, 0xd2c5d9dc, 0x5618a350, 0x424c3d4d, 0x60130866, 0x154af7a2, 0xc147b069, 0x605caf54, 0xce65c318, 0x0864ab53, 0x1567fb8f, 0xbf47b06a,
    0x825dac52, 0x66c80a13, 0x65ab55ce, 0x15399e08, 0x4e04fb5f, 0x3e5f16fb, 0xb91863cc, 0x0ff7c2e7, 0xf808f3b4, 0x6b15a4e8, 0x5d5f556c, 0x6cbd666b,
    0xf3c976c5, 0x73a01897, 0x7897759d, 0x6918b1c2, 0x55d843ba, 0x186a57c0, 0x74a0789e, 0x8cfb759f, 0xbbc61871, 0xc9c0c7c6, 0x5118ab46, 0x713b353b,
    0x77767177, 0x9489797d, 0x8f689478, 0xa4939d7c, 0x9b1af791, 0x46223b4b, 0x9a5d0cfb, 0x9570a280, 0xb79fba7b, 0x08a4b4a2, 0x72610729, 0x1e837b75,
    0x709b7d96, 0x979e7c90, 0x62f796a8, 0x9b8908c2, 0x1a9fa589, 0x056142fb, 0xb50743f7, 0xaab1afad, 0x3efbc9b4, 0xf717fbf6, 0x9f96492c, 0x9a9aa5a1,
    0xb84ca643, 0xa9bcc257, 0xb2b9b5c6, 0xc44f0e08, 0xcac830f7, 0xdcc2d6c9, 0xadd072bf, 0x12a96dc3, 0x87c8acf7, 0xd000f7cb, 0x9ef7cb4e, 0xe51302f7,
    0xf98ff768, 0xae6c1556, 0xad5abd4e, 0xbd186160, 0xa855c667, 0xfb990868, 0xa86d1561, 0xa75bb64d, 0xbb185e62, 0xa75ec86c, 0xfb91086d, 0xfb641507,
    0x12fb5500, 0x65c63f65, 0xbce4b418, 0xf0ae0cf7, 0x683af708, 0x8b948c15, 0xb01a9493, 0xfbc966f7, 0xa2810728, 0xa17fa57f, 0x92187b4d, 0x9378947a,
    0x2cfb0878, 0x0668ed4d, 0x08fb7d42, 0x1e340efb, 0x78a37f9a, 0xd0e97d96, 0xd898e1af, 0x0607f708, 0x65852986, 0x83088081, 0x7e8a8585, 0xf76b7e1b,
    0x788d0a07, 0x8bb189b0, 0x8da38d9e, 0x9b98919a, 0xc492a09d, 0xb924f791, 0xf717f70a, 0x1ef715ff, 0x13fb7e06, 0x6903fb77, 0x76f3632c, 0xf37d05f7,
    0x901a1308, 0x15b050fb, 0xf7d944fb, 0xfb0a9a44, 0x1d70dc44, 0xf8981613, 0xd015a64c, 0x98077bfb, 0x94c795c5, 0x189649c9, 0x6a30fb78, 0x26502bfb,
    0xfbc7f708, 0xa696071c, 0xa996ac97, 0x8618963d, 0x8163806f, 0xfb2c086a, 0x06bcf7d6, 0x72a27f9a, 0xa59c8094, 0xab98a999, 0x25a22c9b, 0x3b632eb3,
    0x58434954, 0x74a4809a, 0xbbca8094, 0xcfb3c4bc, 0x50b949ae, 0x95085dc5, 0x9aa7a29d, 0x59b94a98, 0xbdd366cb, 0xf7a605f7, 0x37f79d1c, 0x6cf70e08,
    0xd146f7d1, 0x45d112f7, 0xf71244f7, 0x10f7d23c, 0xf7d59dd5, 0xeb13d679, 0xb2f78af9, 0xf79bfc15, 0x069bf846, 0xfb15d1d6, 0xf812f7c4, 0x0efcd10e,
    0xf5db1306, 0xfbc2fb41, 0xf9d2fbb3, 0x64fd072d, 0xc115b8fb, 0xacdfbebf, 0x189d45d9, 0x3b58416b, 0x13085e56, 0xf7bcf784, 0x4b981540, 0x1a593894,
    0xbb8a95d5, 0xca7edd80, 0x841af719, 0xa94ea915, 0xd35a9538, 0xbd7f189c, 0xc76cdc6b, 0x851cf708, 0xc24bbd15, 0xd154a235, 0xc37218a7, 0xca58de52,
    0x35089382, 0xc8e9ca4c, 0xcce2c7e0, 0xd453f701, 0xd4e4d4ef, 0x3d13f703, 0xb7bdba15, 0x45d0a4dc, 0x4672189e, 0x5f5f3f5e, 0xf867f808, 0x9afb15e7,
    0x069af7e2, 0xfb047cfb, 0x0883e09a, 0x08828420, 0x0882e920, 0x10f8cb09, 0xca1531fb, 0xf7e9c7fb, 0x99fbc899, 0xc796f7e0, 0xf7e296fb, 0xcbfbccd2,
    0x80929b07, 0x70c46eae, 0x734a19b6, 0x5da167a0, 0xfb196797, 0xb1a3068c, 0xb59eb3a0, 0x5218a043, 0xfb2c16fb, 0x9c3c2512, 0x9771a97e, 0xada7ab7e,
    0x08b0aaad, 0xafd428fc, 0x1543da07, 0x3d935198, 0xa50ae4f7, 0x953da451, 0x189bd35c, 0xd76fba82, 0x1d3cc470, 0x4ebc1585, 0x56a235c4, 0x7018a6d4,
    0x59de51c0, 0x3f0e08c8, 0xced8f7af, 0x56d013f7, 0x00f712ce, 0xf6d049cd, 0xf2d062cf, 0x805613d2, 0x82f845f7, 0xce9af715, 0x47a9f734, 0xf720a9fb,
    0x1efc4692, 0x822afb06, 0xfb4a47fb, 0xe9131e12, 0xa5809b80, 0xc57d9676, 0x17f7a1f0, 0x5a18f792, 0xd0fcfb1d, 0x13063ff8, 0x60fb8055, 0x130a0cf7,
    0x35f980e5, 0xfb7515c3, 0x5a296505, 0x69dd5a3d, 0x08f673ef, 0x15d28ef7, 0xfb05897f, 0x0637f7d2, 0xf7951bf7, 0xa6f59e2a, 0x2718c95c, 0x743dfb72,
    0x087f26fb, 0xfb07eafb, 0x4efb8228, 0x1e18fb3f, 0x77a6829d, 0xe0087e99, 0xf79722f7, 0x1a3bf75b, 0xa407a1bf, 0xfbb319fb, 0x562ac50b, 0x47594b48,
    0x9e7d9a6c, 0xd0789570, 0xc0bbc7ae, 0xc34eb9c9, 0x9768ce5a, 0x9ca5a09f, 0x51ab4599, 0x08c95cbc, 0xf7bef3d1, 0x40f7a21d, 0xd2480e08, 0x6ad3c1f8,
    0xb9f012d1, 0xd0c5cc5d, 0xf83ff746, 0xad13d473, 0xdbf737f8, 0xfbcd8115, 0x13056708, 0x0760f7cd, 0xd3f1cb13, 0x25d51306, 0xfb465ff7, 0x13063e5f,
    0x92b792cd, 0x4ab890b9, 0xfb7f1896, 0x12fb780e, 0x859b3665, 0x829879a7, 0xbe99b49d, 0xe608c397, 0x450673fb, 0x587a4b75, 0x18449f7d, 0x9dc49abc,
    0xbe829dc6, 0xf8d07709, 0xad130700, 0x13f89df7, 0x9abc9c15, 0x47c097be, 0xfb6a1899, 0x24fb4f2b, 0x819a3239, 0x7f9776a9, 0xcdb1beb6, 0xe108d4ac,
    0x34fb5d06, 0x213bfb32, 0xa380a038, 0xf77c997a, 0xf7e7ea01, 0x3ff7b84f, 0x5706dd08, 0x00fb8ffb, 0x38fb8afb, 0x80a10afb, 0x7b9979a5, 0x18f73af7,
    0x9ef702f7, 0x089af7bd, 0xfc7706bb, 0x28fb7520, 0x7e08686b, 0x7b878180, 0x8c63771b, 0x981f5e8f, 0x8c6c9277, 0xb688b775, 0xa98fa68a, 0x9e949f8e,
    0xa1bdb3a5, 0xf8a12ff7, 0x400a6159, 0xd486f8ba, 0xd48df701, 0x03d49ff7, 0x0bf929fa, 0x56b97315, 0x53c05ed4, 0x53b8186b, 0x5da340bd, 0x47fffc08,
    0x53bc7215, 0x51c35bd7, 0x52ba1867, 0x59a33dc2, 0x1523d208, 0x4438423e, 0x4cb56056, 0xc8b9be18, 0x08c4c6c4, 0xfad403fc, 0xf9074225, 0x1504fc4f,
    0x07b3fbd4, 0x9f8ba08c, 0x7bf71a9f, 0x077bfb42, 0x8a778b77, 0x7cfb1e76, 0x0677f742, 0x5338fb7b, 0x4bfb4cfb, 0x7e9f2afb, 0x7b9a79a4, 0x10f72af7,
    0xa928f7d1, 0xfbc228f7, 0x29fbe350, 0x97381af7, 0x9da6a39f, 0xe02ffb9a, 0x5b48f72e, 0x0e086ef7, 0xa7f7d341, 0xcd81f7cc, 0xd28bf701, 0x26f7d3d3,
    0xd625f7d5, 0x0a79f703, 0x412e3a34, 0x9f7e9d5b, 0x08799872, 0x73f7b6c0, 0x54fced0a, 0xf781f715, 0x0781fb26, 0x81f76ff7, 0xfb81fb15, 0x0b82f725,
    0xfdaa4e09, 0xd2741501, 0x5e0cf755, 0x187746e4, 0x5ca0629f, 0x28fb5e9f, 0x63f7187c, 0x04f870f7, 0x55f770fb, 0xfb55fb41, 0xf704fc6e, 0x076bfb6e,
    0x812d8023, 0x3e998543, 0x991af718, 0xf7a051f7, 0x6b97a24b, 0x73916f95, 0x1af70e08, 0xc6bff7d0, 0x01cf0af7, 0x03d961f8, 0xbdf765f9, 0x59ba7715,
    0x54be5ed1, 0x789b1874, 0x759b749c, 0x187d43fb, 0xe3e2d0e1, 0xae4ee7da, 0x736e7718, 0xfb71746f, 0xab188313, 0xa9b6acae, 0x39f808b7, 0x0607fccf,
    0xb373a77e, 0x7843a875, 0x9d749a18, 0x0872986d, 0xf8472bfc, 0x5b6d0600, 0x7e7e6269, 0x7f7d797c, 0x7b93897c, 0x7d8e6a95, 0x90a1919a, 0x5b9407f7,
    0x7864605a, 0x7270687b, 0x93887478, 0x8f6a9579, 0x959f087d, 0x98f790ae, 0x957897a4, 0x087b9079, 0x15b39cf7, 0xc434b45f, 0x6356b148, 0xe062d118,
    0x0864b44f, 0x150af85e, 0x544d6269, 0x68c16b5e, 0xc5aab918, 0x08b9b8bb, 0x1585b3fd, 0x59cc6ac1, 0xb8bf69aa, 0x49ad6a18, 0x08ab56ba, 0x51fb3af7,
    0x2e603115, 0xb0724d5f, 0xaccd184f, 0xb4d7b6dc, 0xfb06f908, 0x2bfc1553, 0xfc393ddd, 0x2af8462a, 0xf7d967fb, 0x062bf867, 0xf7d46b0e, 0xa7f7d4c7,
    0x08fd82d4, 0xf803d721, 0xf715b4ad, 0xd4d6f7c7, 0xa7f7d6fb, 0xfdd4f9f7, 0xf6f742a7, 0xcbfba7fb, 0xfbcbf742, 0x5729fcc7, 0x5d080559, 0x24f8d145,
    0xf7d34dd1, 0xd24cd066, 0x51f7cb12, 0xf743d343, 0xd330f74e, 0xf7d405f7, 0xaa13cd0e, 0xf91afae0, 0x69fc1593, 0x0669f844, 0x7efc8efc, 0x5b7f5b15,
    0x087f5c7e, 0xf7e0ca13, 0xc913077b, 0xd106f7e0, 0xe0d21306, 0x70f706fb, 0xfbd016f7, 0x16f746e0, 0x130670fb, 0x09fbe0cc, 0x25830645, 0x8dfb093f,
    0x5a7d5406, 0x9c81637e, 0xa5eb1844, 0xf7b016f7, 0xf808ae11, 0x1521fb25, 0xa78f8776, 0x0863821f, 0xf70cf856, 0xcafcd342, 0x071af743, 0x6f72fb81,
    0x5efb1cfb, 0x9f7f9b42, 0xf77a9270, 0xf7b1df6f, 0x8bf79730, 0xfc05f708, 0x9d3d060d, 0xe11ed174, 0xb09ec906, 0x1f911ef7, 0x976c9077, 0xfb08997c,
    0x78878809, 0x590e1b76, 0xab82f7c3, 0xf7d01df7, 0xcd5cd16d, 0x52f7d412, 0xe708cb83, 0xf7d2cd43, 0xd071d104, 0xc798d4d8, 0xf8d0aa13, 0x1566f98b,
    0x62fcc2f7, 0xfca4f8d4, 0xd2a4fc52, 0x4f03fb06, 0x5f7e6015, 0x0880617d, 0x13078ff7, 0xd0f2d0a9, 0xd0b21306, 0xf76df724, 0xdcfbd110, 0xfb18f745,
    0xac13066d, 0x460afbd0, 0xb0ea1306, 0xa4fb0af7, 0x597b5506, 0x9b80637f, 0xe7f71843, 0xfef705f0, 0x6f1511fb, 0x1fa79283, 0x13077ff7, 0x064ed0ea,
    0xc38fc599, 0x56f71ac1, 0x0754fb45, 0xfb6c2ffb, 0xfb8ffb50, 0x809a1e14, 0x7d946ea2, 0xb8ea1308, 0xdae039f7, 0xf7ae0bf7, 0x66fb080b, 0x960ac4f7,
    0xfb089879, 0x70868621, 0x5f0e1b67, 0xcf1df7cf, 0x8dcc09f7, 0xeec9c3d0, 0x12cc60d1, 0x444cf7c7, 0xcf38f7d2, 0x45d627f7, 0xd22df7cb, 0xf7d8ea13,
    0x805df7f5, 0x1305671d, 0x8cf78014, 0x130adbf7, 0x05fb0011, 0xef089c82, 0x05f7d018, 0x5806a2fb, 0x667d5d7a, 0x18409c80, 0x06f7a8e4, 0x08aff6b2,
    0x2cf802f7, 0x131d4315, 0x13fb582a, 0xf7072cfb, 0x2cf704cf, 0x2cfb12fb, 0x1605f806, 0x12f72dfb, 0xcffb1d31, 0x130a05f7, 0x27fb68e2, 0xf71596fc,
    0xcf7df71d, 0x09f77dfb, 0x51f86ef7, 0x51fc90fc, 0x09fb6bf7, 0xf74777fb, 0xfb1dfb77, 0x18f947c4, 0xd35e1d6b, 0xf7d392f7, 0xf801d46e, 0xf803d764,
    0xf715a6b0, 0xd3d5f792, 0x6ef7d5fb, 0xfbd4faf7, 0x3f54f7fa, 0x5ffb54fb, 0x9dbea107, 0x40c29bc1, 0xfb64189b, 0x1efb4b22, 0x819f3339, 0x7f9a75ac,
    0xc2aeb8b0, 0xf708caab, 0xfb6efb7f, 0xbdf743bd, 0x29fc92fb, 0xd30afa43, 0xd1440e06, 0xf7d279f7, 0x34f7d13a, 0x30f701d2, 0xd583f7d4, 0x03d4a1f7,
    0xbff7b2f8, 0xf73af715, 0x073afba1, 0x8e16defc, 0xacb08cb0, 0x83f7c61a, 0x3d080e82, 0xfb0420f8, 0xf783fb34, 0xdaf80734, 0xfb1534fb, 0xf734f7a1,
    0xd2d406a1, 0xfb6cfd15, 0x1ffb06fc, 0xfb44fb81, 0x1e10fb02, 0x72a9829b, 0xe0d77c96, 0x9a06f7ad, 0xf70803f7, 0xd5bbfb8e, 0x5182bbf7, 0xf75f2808,
    0x47790a30, 0x1f458e8a, 0x6b977795, 0x8ae9778e, 0x97ad8cc5, 0x9898ab08, 0x0e1abba1, 0x72f7d47c, 0xd56cf7d4, 0x8209f701, 0xf7d53489, 0xf803d6a7,
    0xf715c5aa, 0xfba7f772, 0xfefc0772, 0x821572f7, 0xfb723243, 0xa1f706a1, 0xfb1593f8, 0xf7a1fb6c, 0xfef8076c, 0x20098216, 0x080982a7, 0xf704d549,
    0x54fb4154, 0x64fdebfb, 0xfef8c9d5, 0x5ff9d652, 0x29f80e07, 0xc600f7ca, 0xf701caf5, 0xd6dbd434, 0xd7e9d4d5, 0xf703d7c8, 0x1569f7cd, 0xfb2a7940,
    0x9b1e4b42, 0x9671a37c, 0x55f70878, 0x0cf7a2d9, 0x40c81aea, 0x82f73b07, 0xfb792b74, 0x0679fb00, 0xf704a5f7, 0x08822179, 0x16a9f82f, 0xf7f57bfb,
    0xa5fb067b, 0xf77bfb04, 0x09098200, 0x3ffbd701, 0xfd23f815, 0xf723fc3e, 0x3d3f075b, 0xfb480cfb, 0x7c9c6a07, 0x789770a0, 0xf7b917f7, 0xf4dde31e,
    0xb11d2a08, 0xc25ebe59, 0xfb410864, 0xedf7d7ee, 0xd160ca06, 0x9575d268, 0x9ca8a19e, 0xaa0bfb9a, 0x40cb0afb, 0x660e08d8, 0xa4cdf0cd, 0x79a076cd,
    0xca27f79d, 0x7bc93ff7, 0xc4db12cb, 0xc7dcbedb, 0xa9f7d1d4, 0xf8a513d3, 0xb3f79ef8, 0xc6acc815, 0xbdbcc1b4, 0xca61c45c, 0xcefb0869, 0xf71596fb,
    0xfba9f754, 0x38fc0754, 0x99158ef8, 0x937c9a7f, 0xaca7ad82, 0xa6b1aaac, 0xb55bae5d, 0x374b425d, 0x08693958, 0xfbe04513, 0x1505fb21, 0xfbdc82f7,
    0x68fb0782, 0xdb1582f7, 0x063b82fb, 0x159af8db, 0xf73b6dfb, 0x68f7076d, 0x3a156dfb, 0xacdc6df7, 0x5d67f80a, 0x61506d15, 0x5c595b54, 0x70bf66bb,
    0x189b96bb, 0x81cda1f7, 0x066efb0a, 0xaa9aa89c, 0x9e45aa98, 0x42206018, 0x08473728, 0x82b8d113, 0xfddd3138, 0xf7e3c474, 0x072cf7a4, 0x7c957f95,
    0x929b8090, 0x6a090182, 0xe5fb0893, 0xa9f7add1, 0x1307d36b, 0xe6f7080a, 0x95869607, 0x96879686, 0x9ba7a09f, 0x3cab319a, 0xd1c449bd, 0xb1e0c6d3,
    0x530e08eb, 0xf7ce9cce, 0x65f7cd84, 0x12d049ce, 0x66f7cfe5, 0xd236f8cf, 0x04f86e13, 0xfb1525f8, 0x76130666, 0x66f765f7, 0xfc66fb07, 0x84f71597,
    0x84fb66f7, 0xf912fb07, 0x5c84157c, 0x5b7c4879, 0xfd04fb08, 0xf7dacf6c, 0xfb1df9aa, 0xb69c063a, 0xbc9cc29d, 0xf8ef1308, 0x1524fbef, 0x9c06bffb,
    0x97bb99ba, 0x189c44bc, 0x551dfb6b, 0x33481efb, 0x77ab819b, 0xbaae7f98, 0xcea7c8aa, 0x0692f708, 0x7c22fc7e, 0x686a2cfb, 0x80817e08, 0x741b7789,
    0x4a918b4f, 0x9476991f, 0xc3758d6d, 0xae89c488, 0xa28ead8f, 0xb3a7a194, 0x2ef798bc, 0x085cf89b, 0x30fc32fb, 0x46c66b15, 0x51d253eb, 0x43c21869,
    0x4fa928ce, 0xcf590e08, 0xf7cb70f7, 0xf712cfdb, 0xd169d310, 0xd071d4e2, 0xf7d01af7, 0xf513d41c, 0xf941fa80, 0xfbcf1509, 0xb39907b9, 0xb596b499,
    0x67189a43, 0xfb4a27fb, 0x9d34371e, 0x9874a980, 0xb7c2bc80, 0x08ddafd5, 0x1501fb98, 0x45e159d2, 0xb8c75db4, 0x33b95f18, 0x08b945cf, 0xa6f7bdfb,
    0x6bfc4215, 0x58fb06d4, 0x43154af8, 0x06d32bfc, 0xaf80cb13, 0xf7152ffb, 0xfb70fb1a, 0xe5f7061a, 0x831570f7, 0x70f72509, 0x16e7f707, 0x1c200982,
    0x8f080983, 0x1570fb65, 0x41fdb0f7, 0x04fbb0fb, 0x6b1bfa47, 0xf7cd5b1d, 0xc7d8cb53, 0xc6e2c6e6, 0xd130f701, 0xaacf1df7, 0xf7cfabd6, 0xfa03d420,
    0x152ef836, 0xf7e61dfc, 0xc6fbc6c6, 0xc6f1f7e2, 0xa10659fb, 0x9fb3a3ac, 0x189f42b1, 0x556f657b, 0xfb086472, 0x9bb2069a, 0xba6dab7e, 0x4a19ae6f,
    0xa46ba374, 0x196b9960, 0xf75061fb, 0xc1fb34f2, 0x30c1f750, 0xf94f1afc, 0x54fd06ee, 0xf71521fb, 0x2d53fb1d, 0xf7ebf71d, 0x53fb1553, 0x53f71efb,
    0x16eef707, 0x20200982, 0x692c0983, 0xf71553fb, 0xfb4afd93, 0x0a642093, 0x2c089382, 0xc9a6c74c, 0xf7cd18f7, 0xf712c82b, 0xd47cd035, 0x18f7d0d6,
    0x5ed4f5d0, 0xa0d513d4, 0x5ef77af7, 0xfb19f715, 0x0619fb4c, 0x4cf7e2f7, 0x26098215, 0x074cf718, 0x8216e3f7, 0x831a2009, 0x63a50809, 0x3bfd15c7,
    0x05fb88fb, 0xcd1cfa49, 0xfc0604fb, 0x152bf856, 0x5fcf6fc4, 0xb9b36cac, 0x46ab6718, 0x08a454b5, 0x15dd09f7, 0xa969b8b2, 0xa256b34c, 0xbf616719,
    0xa961ca73, 0x3a13196d, 0x0694fb40, 0x978b988c, 0x06f71a97, 0x2bfb57f8, 0xf716d407, 0x07c1fb68, 0xa396a095, 0x9b3ba397, 0x7d748518, 0x08707e68,
    0x41fb6cfb, 0xfb0a35f7, 0x29f74933, 0x674d7d06, 0x9a5b3f4f, 0x9670a780, 0xb3c7e67c, 0x08dc9bdd, 0x08fb60f8, 0xf7877f06, 0x1f5a0a2f, 0x71967995,
    0xa60a5ef7, 0x09f71de9, 0x1d5320f7, 0x38f7d488, 0x3c0283d2, 0xf701d336, 0x9ff8d435, 0x7ef703d8, 0x38f715d1, 0x38fb9ff8, 0x0423f807, 0x9ffc38fb,
    0x240982f7, 0x967df79f, 0x080a821d, 0x4207364b, 0xe1fd15d3, 0x9ff8cfd4, 0xe1f9d847, 0xd0620e07, 0xc5e1c5e4, 0xcadfc5db, 0xf701cfda, 0x37f7d254,
    0xd588f7d2, 0xf79bf703, 0x72f81509, 0x0672fc32, 0x95f872f8, 0x72fc3715, 0x72f807df, 0xfc1572fb, 0x72f8db72, 0xfb72fc06, 0x201f821e, 0x081f8335,
    0x27fbbc50, 0xfbd4f815, 0xa39107d2, 0xa790a690, 0xcf2cf808, 0x98061ffc, 0x89933ada, 0x876d8871, 0x06fc196c, 0x06fcf747, 0x70866f87, 0xfb087387,
    0xfbd4fc7e, 0x19fa4622, 0x820e06d0, 0xcf41f7d0, 0x97cf40f7, 0x12d1e0d1, 0xf7d16df7, 0xc3f7d24f, 0x4e6d17d4, 0xd1232305, 0x4e6d23fb, 0x075b220c,
    0x074e6db1, 0xa6762108, 0xaf68f52f, 0xfc96f708, 0x41f71529, 0x41fbc3f7, 0x041cf907, 0x3bfbef13, 0x3bf7c3fb, 0x047ffb07, 0x44081382, 0x06c3fb40,
    0x1571f844, 0xc7d2e3fd, 0xd452c3f7, 0x0e07e0f9, 0xbfd5c763, 0xc6d0bed1, 0xc7d4c9d0, 0xf701c4ca, 0x46f8d29a, 0x93f903d4, 0xfc159ff7, 0x46f8d046,
    0xfb46fc06, 0xf8d515d0, 0xf7074146, 0x46fc0412, 0x081282d1, 0xf73ff7b5, 0xfcc9158c, 0xa39707a0, 0xa395a496, 0xc745f808, 0x930630fc, 0x92a393a4,
    0x9323f7a4, 0xef981cf7, 0x18c15ca0, 0xfb6b31fb, 0x86fb7bc3, 0x927b9289, 0x087a8c73, 0x908de9e1, 0x73851fe8, 0x74837484, 0x4f91fb08, 0x82067bf7,
    0x7f727f73, 0xa3fb0873, 0x0680f74d, 0x2e35234d, 0x994a04fb, 0x9570a17e, 0xc6b4cf7a, 0x08c3bebd, 0xb2d207fc, 0xd46446f8, 0x86fc6ef8, 0x98a19a07,
    0x08a298a3, 0xf7cee20e, 0xcc83cc25, 0xc974cbde, 0xcd5cceef, 0xf7ccd812, 0xd4e0c927, 0x13d3caf7, 0xb5f780d5, 0x1d5857f9, 0x1d6527fb, 0xf704bdfc,
    0xfb27f725, 0x27fb0725, 0x8215f2f7, 0x20920809, 0xf70627fb, 0x152ef865, 0x9afda6fb, 0x65f7e2cc, 0x602a1306, 0x5ef832f7, 0xf80ab9f7, 0x1527fc18,
    0x5c4b6662, 0xb9726955, 0xc17cbd79, 0xf867f708, 0xfd5bfc49, 0x76620677, 0x1e837c76, 0x6d9c7d96, 0xf50aadf7, 0x5afbbc07, 0xf72cfbe6, 0x9f96402e,
    0x999ca8a2, 0xc34cac3c, 0xabc3d15b, 0xb5bfb8cf, 0xcd720e08, 0xccb0cdbb, 0xceafcbb6, 0xfb5bf7af, 0xd0cacb58, 0xfb53f746, 0xd612cd07, 0xcd0ff7ce,
    0xd3aad1cf, 0xd2c6d0b9, 0xfa13d3a1, 0x9df7807a, 0xaa8259f9, 0x270f3f08, 0x570ff70a, 0xf70ffb1d, 0x0ff715f3, 0x0ffb22fb, 0x9a51f706, 0xfd94fb1d,
    0xf7e2ce99, 0xb3f70651, 0x69f7cbf7, 0xfb06f80a, 0xf71d8d23, 0xfb1d4323, 0x15fbfb2c, 0x2cf72bf7, 0xfc072bfb, 0x09821606, 0x09822920, 0x6ffb2c08,
    0xd1150afb, 0x5d06f8bf, 0xfcaef8d3, 0xf81de794, 0x157ff736, 0x00810013, 0x07440ef7, 0x00050113, 0x42fb0efb, 0x0ef70ab0, 0x820abb43, 0x461d280a,
    0x0a3b1df7, 0x84d316fb, 0x16f7241b, 0x823242f7, 0x2ad2220d, 0x080a820a, 0x1d891d5a, 0x9bf7d1aa, 0xd05bf7d2, 0xf712d174, 0xd546d58d, 0xf7d36ff7,
    0xe713d567, 0x0ef9dcf7, 0xfbd01d99, 0xb19706b1, 0xb593b396, 0x73189943, 0xfb620dfb, 0x9c3e500b, 0x9877aa81, 0xa5b6aa7e, 0x08c7a3c1, 0x0638fbd7,
    0x7f7f8b80, 0x4462fb1a, 0xf7db1306, 0xfb7e065d, 0x24fb5c17, 0xb708bc82, 0xa5809b00, 0xf77b956f, 0xf7c8dc06, 0xc1f5ab00, 0xad2dd94e, 0x18cabd5a,
    0x0dfbae6c, 0xba5c1bf7, 0xa28fa18f, 0xf708a18d, 0x1306d254, 0x0650fbd7, 0x978b978c, 0xb7f71a95, 0xf81504fc, 0xfc67f7d7, 0xaffb07d7, 0xfd151df9,
    0xf7dad3b2, 0xf9d54667, 0x650e07a8, 0xd154f7d4, 0xd1c6d1c9, 0xd494cfd8, 0xc679f712, 0xd24ad250, 0xf7d545f7, 0xf413d095, 0xf756f8e0, 0x57d115fb,
    0x0a15f71d, 0xf7e0fc13, 0xcf0cf734, 0x950781fb, 0x90b393b2, 0x189746b4, 0x6d0ffb7a, 0x3c590dfb, 0x77a9819c, 0xb8a48098, 0xc99cc4a2, 0x33fbcb08,
    0x7c8b7b06, 0xfb1e7b8a, 0x1306453e, 0x39f760f5, 0x2608c182, 0x22fb5f14, 0x9a2019fb, 0x956fa681, 0xc1d8ea7d, 0xb8eea9ef, 0xa438ca55, 0x18c8bc62,
    0x7260f613, 0x0ef726a9, 0x8208b265, 0x91f4092e, 0x8da58fa6, 0x96f808a5, 0xfb1515f7, 0xf795fb53, 0x59fc0753, 0xf754f704, 0xfbdff7da, 0xf82ef7da,
    0x53fcd409, 0x64f8cbfd, 0x450e07d4, 0xa2cec3ca, 0xcb17f7ce, 0x7cf7cd95, 0x12d04dcf, 0xf7cc0bf7, 0x10f7cd09, 0xd76df7d0, 0xf780fb13, 0x0a2bf7c1,
    0x98f78bfb, 0xccfdfb0a, 0xf84bf7dc, 0x074bfb40, 0xdca0d5a5, 0x1d68de9a, 0x06e9fbd0, 0xf9e0b513, 0x15d6fc75, 0xf84810fc, 0xf7a10610, 0x0a25f79a,
    0xfb058780, 0xe1f747ee, 0x64fb0ae0, 0x95d59406, 0x46d790e7, 0x2a84188f, 0x7e18fb7e, 0x27f8083a, 0x0ac9f706, 0x0a8cf75a, 0x20f7cebc, 0x4ecdebc6,
    0xdfc6efc3, 0x12cf50d0, 0xf7cb0ff7, 0xcdbbca18, 0x4ad21cf7, 0xd029f7d2, 0xf7d8db13, 0x1508f7d3, 0x130618fb, 0xbbf7c0e5, 0xca0718f7, 0x57fb0a92,
    0x0a47a507, 0xfbd020f7, 0xdcf746e5, 0xa59f790a, 0xaa9ca69c, 0xcbfefb08, 0xc9f707db, 0x13159ef7, 0xf7f0585a, 0x7a075822, 0x7a8a7b8b, 0xf721fb1e,
    0x22f71595, 0xf71d3e27, 0x2715effe, 0x07ef29fb, 0x95fb29f7, 0x8c061d98, 0x9c9b8b9c, 0x29f7be1a, 0x34fbd007, 0xfb0bf815, 0x83f7e96e, 0x47aefccf,
    0xfb2d78f7, 0x990bfc64, 0x065ef70a, 0x5b7c5a84, 0xaa66606e, 0xb777b06d, 0xa6187b4c, 0xb85bae52, 0x52676264, 0x99753c6d, 0x946fa07c, 0xc8a6dd7b,
    0xe0b5b7b0, 0x6a02f753, 0x937a1af7, 0x9ba99e9e, 0x961bfb9b, 0x37a901fb, 0xc2b208bd, 0xcb94c79e, 0xcc470e08, 0xcebfb066, 0x0bf7ccbc, 0xb5cd8dc7,
    0xca00f7cb, 0xf712d064, 0x02f7cb11, 0xf7d0ddca, 0x23f7ce16, 0xe83413d2, 0x2ff8bff7, 0xfbbbfb15, 0x07bbf702, 0xfefb41f7, 0xfb40f815, 0xd5a40742,
    0xdd9adda0, 0xd025f708, 0x4646e2fb, 0x2bfb711d, 0x4621fb5e, 0x9c77972c, 0x9e7a9161, 0x9ba69ba3, 0xfcfb08a8, 0xf83afc82, 0x1549f79d, 0xf71c5b13,
    0xfb23f70b, 0xebfb070b, 0x8ca98d16, 0xa91aa7aa, 0x0e8216f7, 0x61f8e838, 0x6e667715, 0x086e7361, 0xa3063ffb, 0x9fb0a1ac, 0xfb5e08b1, 0x1d821540,
    0x5f02c409, 0x16e8f71d, 0x02f723fb, 0xcbd21d36, 0x064afb15, 0xc0b0b6ae, 0xab5cb9a2, 0x52fb1d22, 0x94a29506, 0x4aa394a1, 0xfb60189c, 0x09fb400e,
    0x7d994036, 0x7d936fa2, 0x9c9b9b9c, 0xfb089e9c, 0x05fb075f, 0x2b22fb7f, 0x839c1e27, 0x7f9676a8, 0xe4aacdcb, 0x1d55e299, 0xf7ce61fb, 0x131d3661,
    0x2bfb0480, 0x0a517e07, 0x8d608b63, 0x6f937894, 0xc908788d, 0xa4978bb5, 0x9396a41f, 0x0e1ab29e, 0xc8a9cc5f, 0x75c8cbf7, 0xcfcee9a1, 0x0ef712ce,
    0xf7c4e8c8, 0xcae9ca5e, 0xf8c0af13, 0x1539f9da, 0xcd6ab77f, 0x734ebc68, 0xac58ac18, 0x08609547, 0xfbc06f13, 0x15aefc85, 0xe8cbf72e, 0xb6f7e106,
    0xcbfbce15, 0x0706f748, 0x623bfb74, 0x224430fb, 0x669c7a97, 0xa9a07a91, 0xaf9cac9e, 0xc8ecfb08, 0xf82af7dd, 0x0729fb45, 0xd99bd39e, 0xf808da97,
    0x151bfb03, 0x981306e9, 0x2dc1fcc0, 0x1631f707, 0x45f7c1f8, 0x0746fbce, 0xcdadbca8, 0xa043c4a4, 0x68517718, 0x08576c38, 0xf748d8fb, 0xfbc1fc43,
    0xfaf84a58, 0xdbfc06cc, 0xab154df8, 0x1cfbaa24, 0x9bcd3c96, 0x68da7f18, 0xf26b18f7, 0xfb22f808, 0xdbad15de, 0xa715f7b0, 0x189d47f3, 0xfb652b79,
    0x08396d1d, 0xf7c7bd0e, 0xc954c443, 0x4e00ff1d, 0xf6c80080, 0x12c9c7cf, 0xedc605f7, 0xcd8bf7c6, 0xdf13c155, 0xf94efa80, 0x47fb1526, 0xa9b8a606,
    0x43bea3c6, 0x567a18a3, 0x586f4069, 0x063dfb08, 0xb47ca4c3, 0xb96aca69, 0xa8725119, 0x994dac5d, 0x3dfb1961, 0x06e7f847, 0x74fc40fd, 0xccf72915,
    0xf7d406ed, 0xfbc915bc, 0x07f64dbd, 0xad0a1df7, 0xc6e5fb08, 0x8231f7dc, 0x308609e3, 0x99d69e07, 0x08dc97da, 0xb1fccdf7, 0x97699615, 0xfb659464,
    0xda187819, 0xf7d702f7, 0x83240afa, 0xb0c9b218, 0x4ed6a6d8, 0x337218a6, 0x727d2b5c, 0x797d737d, 0x7b92887e, 0x7e8e6a96, 0x90a09199, 0x376196f1,
    0x72794661, 0x6d75606f, 0x7a938678, 0x7e8f6b95, 0xa6949b08, 0xa846f791, 0x40df1308, 0x748f7190, 0x1308768e, 0x96c180bf, 0xec73cb82, 0xf819d570,
    0x157cfb13, 0xed6bcc81, 0x7d57d669, 0x986a9a18, 0xfb659865, 0x7df77627, 0x91977e0a, 0x96f490a1, 0x46653865, 0x6070737b, 0x9df76c78, 0xf8d7400a,
    0x3cf7d453, 0x62f801d4, 0xe6f903da, 0xfd158ef9, 0x4ef9424e, 0xfbf9fc06, 0xfb5f15e6, 0x01fb4305, 0x819e4539, 0x7f9974ad, 0xf7d9d7db, 0x0ef7bc0b,
    0x8205f808, 0xd52ad415, 0x39a715fb, 0x6e18abd4, 0x13f73ddf, 0xfd08e842, 0x153ff743, 0xfc23f842, 0x857b073e, 0x791e7886, 0x478b4a8a, 0x9775968d,
    0x08758f6a, 0x978cc6e2, 0x97ae1fae, 0x1abaa297, 0x21f840f8, 0x650e07d4, 0xd336f8d4, 0xf701cfd3, 0x09f8d45e, 0xcff703d5, 0x7a1558f9, 0x65c161af,
    0x186a53b2, 0x52b364af, 0xf708669d, 0x1511fc3e, 0xd93fa175, 0xcbbeb163, 0xd5a9d4b7, 0xf718a863, 0xbaa90a99, 0x08b8b8b3, 0xf8d42bfc, 0x61b10741,
    0x6ea056b8, 0xfbebf708, 0x36f81556, 0xfbd369f7, 0x41cdf769, 0x6cfbcdfb, 0xfc6cf743, 0x429bfb36, 0x6d82cff8, 0xcd3df709, 0xdbcb56f7, 0xc9b2f7c9,
    0x1237f74d, 0xf7d088f7, 0x1af7d52e, 0xf7f713d1, 0x153bf888, 0x0647f7d0, 0x61be6ab4, 0xbcb376a2, 0x2e9f7218, 0x08a266ce, 0xc91ff794, 0x13071ffb,
    0x0746f00c, 0xfb26f713, 0x24f74d3b, 0x453e5e07, 0x9a644a3f, 0x97749e7f, 0xc4b1c27b, 0x08d0b8cc, 0x15a9fb4d, 0xfdc91ef9, 0xfbcf061e, 0x4d5f1588,
    0x64424f40, 0x75a97f9b, 0xb7d27e98, 0xd3bed1dc, 0x7fe7f708, 0xe359d415, 0xc75cb640, 0xbb5e18b2, 0xbc44d331, 0xaf1cfd08, 0xfb22f815, 0x7a1da046,
    0x8a7b1e8a, 0x8e4c8b54, 0x0a13f795, 0x968bbed9, 0x95ac1fab, 0x1ab49d94, 0x1df848f7, 0x07f5fdcb, 0x40f8e7f9, 0x43fbc915, 0xf0091307, 0x11130745,
    0x4d45fb26, 0x5b072bf7, 0x46403e41, 0x9f7f9965, 0xc87b9675, 0xbcceccb1, 0x52fb08d2, 0x074df7d1, 0x49c948ba, 0x9b9465c1, 0x979aa2a2, 0xd640b149,
    0x0e08d45b, 0x8cf7c542, 0xf7c7d1cb, 0xf712cc91, 0xd282d403, 0x81d491f8, 0xfaf913d4, 0x15bdf70f, 0x990612fc, 0x97a398a2, 0xf61308a2, 0xabf7acf7,
    0xfc6ffb42, 0x446ff791, 0xb5f7abfb, 0x7e737f06, 0x08757e73, 0xcffbf913, 0xf7d409fc, 0x0660f7c9, 0x6d766574, 0x6c737f81, 0x86787779, 0x67977794,
    0x95a27c8e, 0xc2f791af, 0x977897ab, 0xbe7c9378, 0xb67218b0, 0xbf60d056, 0x9b186d5b, 0x9a759c77, 0x7387fb75, 0xabb2aa18, 0x08b9a9b7, 0x7bfbf0f7,
    0x1e7b1da0, 0x8a538a7d, 0x7a958d53, 0x798f7497, 0x8bbbd508, 0xa91faa95, 0xb29b9595, 0xf854fb1a, 0x9f671579, 0xa557a55b, 0xa6b3a6b5, 0xa25ca7ac,
    0x62706a18, 0x54725f6f, 0x59a652a5, 0x18676ca1, 0x73bc77b6, 0x6f5373bb, 0x77567251, 0x769e8097, 0xa3c48092, 0xadc8abca, 0x6cc36cc6, 0xfb0875b0,
    0x15c0f70c, 0xb37aa87f, 0x764aa97a, 0x075c9718, 0xfc8b0805, 0xf7f94a24, 0xf80e06cc, 0xf701d17b, 0xeef7d469, 0x4cfa03d2, 0x370aeff7, 0x9c07fbb9,
    0x49fb0841, 0x66fb0ae6, 0x7d1552f8, 0xfb7101fb, 0x9c3f6707, 0x9a7caa85, 0xa8daae82, 0xf79e0ef7, 0x26fb0808, 0x7815f5fb, 0x00f737a6, 0x9f08a96f,
    0xfbd120f7, 0x073bf720, 0x470a83f7, 0x444d14fb, 0x6d9d7a97, 0xc8bd7793, 0xeeb3eebe, 0xd44cfc08, 0xab0760f8, 0x9b4cb25b, 0x63f8086d, 0x0ab8f7f6,
    0x12f738f7, 0x086bf7da, 0xf8d1420e, 0x82ded179, 0x68b00881, 0x940af7d0, 0x03d489f7, 0x56f894f8, 0x11fb7415, 0x510ffb64, 0xa9839d3a, 0xc47f9879,
    0x19f7b7e1, 0x081bf7a6, 0x5af7acf7, 0x78687c15, 0xcc687963, 0xc4a6187b, 0xc8a2cea9, 0x1d22995c, 0x9506d5fb, 0x93b295b0, 0x189844b3, 0x6113fb74,
    0x355013fb, 0x13fbc508, 0xba0746f7, 0xb099b796, 0x18c55f9a, 0x10fb6b45, 0x9379236e, 0x8e73957a, 0xb591b37b, 0x0894b592, 0x2efb36fb, 0x0725f745,
    0x4807fb65, 0x444e14fb, 0x6e9d7b96, 0xc9bc7993, 0xefb2ecbd, 0xd04efc08, 0xab0754f8, 0x9b53b15f, 0x18c6b56f, 0xe53aa279, 0xb108a96e, 0x87070af7,
    0xab829d85, 0x79099782, 0xacc0af19, 0x08d7a5d0, 0x0600fdef, 0x7e88867d, 0x607e1e8a, 0x1f5c8c8b, 0x6c977795, 0xc908778f, 0xa6978db6, 0x9497a61f,
    0xf91ab59f, 0xfbc20700, 0xfbb61557, 0x24fbb501, 0xa1cf2d99, 0x61e97c18, 0xad5d20f7, 0xcbd5f71d, 0x12f7d1ec, 0x5df701ca, 0xb0f903d1, 0x6b153af9,
    0x57615f5a, 0x64a36d68, 0x549e6aa8, 0x77ab1867, 0x72a66fb1, 0x6f3d6546, 0x7c98793e, 0x7993739d, 0xf7c05af7, 0xf7e0f555, 0x5ba45c4e, 0x0650fb1d,
    0xa79fa5a3, 0x9a40a69d, 0x33425d18, 0x4f0ffb35, 0x73a2819b, 0xacc87b96, 0xb3b8b0bf, 0xfc59fb08, 0xa4791507, 0xa771ee3e, 0x0a4ea208, 0xb60746f7,
    0xad98b396, 0x18c75d99, 0x07fb6c48, 0x957a276d, 0x8e72947a, 0xb491b17b, 0x0893b392, 0x2afb35fb, 0x071bf745, 0x4f06fb69, 0x435316fb, 0x6c9d7b98,
    0xc9b87793, 0xf1aef0b9, 0xd14efc08, 0xa8075ef8, 0x9852ae5e, 0xc3f8086d, 0x0a7c20f7, 0x9e0640fb, 0x9ba59da4, 0x189a3ea4, 0x2524325a, 0x9b462afb,
    0x9574a17f, 0xd3b8e57a, 0x08c5c6c1, 0x6c0657f7, 0x54535e46, 0x5fa86c5b, 0x54a264ac, 0x72b21865, 0x6da967b7, 0x00fb4e31, 0x7504fb62, 0x709c7c99,
    0x89f77892, 0xf772f7c5, 0x99f7e213, 0xd05f0e08, 0xf7cf8ff7, 0x475bf740, 0xd4da12cf, 0xf7d8c8f7, 0xde13d6ca, 0x1bf92cf7, 0x064bf915, 0x17fbee13,
    0x0f8207d6, 0xfb5b2509, 0xaf7d07fb, 0xb276bf71, 0x9b18753e, 0x9a639d6c, 0x1ffc0869, 0x06d473fb, 0x15b72ff8, 0x1bf756f1, 0xbc5bcd3d, 0xba4518c4,
    0x28d61cfb, 0x72fc08bb, 0xf71580fb, 0x01f7bd08, 0x58d1dad6, 0x493e18b7, 0x0afb4825, 0x55f80861, 0xf71517fc, 0xcfb1f78f, 0xf74713fd, 0xfc8ffba9,
    0xdff94610, 0xcf411d89, 0xf7cc5ef7, 0x68f7cc1a, 0xd4dd12cb, 0x5af8ab7d, 0xc020f7d4, 0xfa13d65c, 0xf850f980, 0xf713151f, 0xcc55f700, 0xbfac065d,
    0x0dfbb14d, 0x19ab30c1, 0x69e55c6a, 0xc85408f7, 0x2ffd1963, 0xedade106, 0x53c2dac0, 0x573c18ad, 0x6f365b23, 0x85185bae, 0xfb7af84a, 0x0612fc1a,
    0xb095ad94, 0x9241ad93, 0x79538018, 0x085b7c42, 0xfb0607f8, 0x4dfb3d0e, 0x6d38fb4d, 0x6f9f7d9a, 0x4cf77895, 0xe069f7b2, 0x08f611f7, 0x064cfb91,
    0x7a88877d, 0x897c1e8a, 0x8d4f8b54, 0x6f977796, 0x8ad8778e, 0x97aa8cbd, 0x9596a908, 0xf71ab69e, 0xcc71f74d, 0xfb0771fb, 0x156ff81e, 0xb96ca77e,
    0x7244ab73, 0x9e739c18, 0x0871996c, 0x8a09ad82, 0x33fb1bfc, 0x47f9ead4, 0x32f7d62d, 0xd5690e06, 0x01d4abf8, 0x030afac4, 0x3ef9bdf8, 0x75b68115,
    0x43be77cc, 0x589e1878, 0x609347a0, 0x7f3ef808, 0x42b7fd15, 0xfc06b7f9, 0x156dfc80, 0x6107f779, 0xf7643ef7, 0x1879411a, 0xb517fbb1, 0xfb9943fb,
    0xb5f70806, 0xf7be1560, 0x52f7c712, 0x3729f7b4, 0xfb6b189b, 0x63fb4d26, 0x0814fb55, 0xfa4178fc, 0x0e06d50a, 0x8ff7d16e, 0xd259f7d1, 0xf712d05a,
    0x0bf7ca29, 0xd39e09f7, 0x1bf7d6e5, 0x80db13d6, 0x3ff9cdf7, 0x6eb47e15, 0x4db96dc8, 0x5ca51878, 0x62974ba7, 0x809c1308, 0x1588fcde, 0xf7a6f4a5,
    0x09f79f2c, 0x7e189845, 0xfb710dfb, 0x39217143, 0x517b3f77, 0x18429d7e, 0x1ff7a5f3, 0xad18f7ae, 0xfb18cf84, 0x15e6f7e3, 0xa005fba2, 0x298f26fb,
    0x851897ca, 0x24f775ed, 0x0806f774, 0xf815b928, 0x16fcd016, 0xfc9df906, 0xe31315f5, 0xf7c0fb80, 0x06c0f78f, 0x9ff709f7, 0x90fbd215, 0xfc4063f7,
    0xfc36fb6f, 0xf7bad34a, 0xf8d660c0, 0xf766fb46, 0x400e0759, 0xd002f8d3, 0xf744f746, 0xf712cb1f, 0x68f8d255, 0xf9dc13d4, 0x153af921, 0x5aaa62a6,
    0xa6cc6c9a, 0x74a37e18, 0x08ac73b0, 0xfbcb5cf7, 0xa59606d0, 0xa694a795, 0x6e189c44, 0x4a2d5527, 0xaa819c4d, 0xae7f9877, 0xa7baadaf, 0xe5fb08c0,
    0xa45da116, 0xcd6a9953, 0xa77e18a2, 0xb278b875, 0xcb2ff708, 0x95068dfb, 0x82a696a5, 0x189d3c34, 0x2856276c, 0x819d4a4d, 0x7f9978aa, 0xbdacb1ab,
    0xce08c2a7, 0x581516fb, 0x823800fb, 0x44a70802, 0x6ba47d9b, 0xa8ab7e95, 0xb2aaaead, 0xd212fc08, 0xa40774f8, 0x9fb4a3b3, 0xfbca08b4, 0x4cb6158c,
    0x58a536c3, 0x7018b1c9, 0x60de52bc, 0x78f808c8, 0x63150ff7, 0xf6bc131d, 0xdc130742, 0x461efc20, 0xecfb1ef8, 0x86857a07, 0x8a771e79, 0x8d448a49,
    0x6c967796, 0xe508768e, 0xad978cc6, 0x9797ad1f, 0xf71abba0, 0x071bf7ec, 0xf7d13f0e, 0xcce3cc45, 0x29f7cae4, 0x61f801ca, 0xd614f7d6, 0xf97ef703,
    0x659d1546, 0x6d925e9d, 0x8618a3cc, 0x7bae7da2, 0x49f708aa, 0x0698fbca, 0xa295a297, 0x9d45a394, 0x53346918, 0x82524d33, 0x764508f4, 0xadad7f98,
    0xbaa7b6ab, 0xc6fcad08, 0xd360cb15, 0xc45dab4b, 0xb96a18ba, 0xb34cc940, 0xf734f908, 0xfccc152e, 0xd6f7e434, 0xd0d6fbca, 0xa2a1077b, 0xa89ea7a0,
    0xa906cf08, 0x965ba865, 0x18a7cb6a, 0xae76a480, 0x085f8274, 0xfbca6939, 0xa39706d8, 0xa494a294, 0x6f189b44, 0x4e3a5538, 0x96879157, 0x08849585,
    0x4cccfb48, 0xfc32ccf7, 0xf9f84a2e, 0x4ad9fc33, 0x33fbd9f8, 0x87877d07, 0x89791e79, 0x82478b50, 0x6f9729dd, 0xde08758f, 0xac968cc2, 0x8f08dd82,
    0x1ab79e95, 0x4ff734f7, 0xe34ffbcc, 0xcc9b0e07, 0xe1cba2f7, 0xf7d84cca, 0xf412c211, 0xeacfe9cd, 0xd015f7ce, 0x13d21cf7, 0x9df7c0ef, 0xfb15fbf7,
    0x24fb7b1c, 0x00fb2afb, 0xa3809c1e, 0x087c9675, 0x0bf735f7, 0xf736f7a0, 0xdf131a2e, 0x4770f7c0, 0x15552d07, 0xcdd0fb49, 0xf8d2f706, 0xfbc21583,
    0xa1960787, 0xa294a096, 0x6b189b46, 0x47384f36, 0xa9829e56, 0xae7f997b, 0xaab5afab, 0x06c408ba, 0x5e9f66a1, 0xa2cc6e95, 0x7aa38418, 0x08aa7aac,
    0xb1086882, 0x155efbb9, 0xfb357cf7, 0xce26fc58, 0x15f7e6f7, 0xf8d03ffc, 0xfb1cf73f, 0x88810695, 0x811e8188, 0x658b6d8a, 0x9478948c, 0x08778e71,
    0x968cb0be, 0x97a31fa2, 0x1aae9d91, 0x63fbd6f7, 0xca8bf7e1, 0xf707b8fc, 0x1556f788, 0xa094a196, 0x9b45a291, 0x5c3d7118, 0x9d5a523e, 0x9875a982,
    0xa7a9aa7f, 0x08b5a4b1, 0x67a806d4, 0x6d985ea9, 0x8118a8ca, 0x74aa76a2, 0x47f708a7, 0x590e06c2, 0xcad8f7cd, 0x01c9b0f7, 0x032dfab3, 0x43f988f7,
    0xa360a315, 0xcd699556, 0xaa82189e, 0xb175b578, 0xc933f708, 0x96068dfb, 0x94a495a4, 0x189d46a3, 0x2955296b, 0x5a824a4d, 0x98797708, 0xadb2ac7f,
    0x08c3a9be, 0x19fcc2f8, 0x502b6215, 0x3e5201fb, 0x49a9fc08, 0xfbcdf5f9, 0xd8bb068b, 0xe2b3edbf, 0xf711fb08, 0x27fc1511, 0x0627f84c, 0x80fb11fb,
    0x64be7c15, 0x50cb66df, 0x4caf1874, 0x569835b2, 0xf7e2fb08, 0x4eb61543, 0x589e3aba, 0x7618a9ca, 0x60db5bbd, 0xb3f708c6, 0x9b15f0f7, 0x9a9f9a9d,
    0x06e808a1, 0x56ac60ab, 0x9cd16898, 0x70ac7d18, 0x91826eb6, 0xfbc95527, 0xa49806db, 0x08938297, 0x189c453f, 0x445d4472, 0x85965c56, 0x8199809b,
    0xfb05fb25, 0x3bfb2f4a, 0x9b7c9c59, 0xf77a9670, 0x2ff7bd2a, 0xf104f7dd, 0x3cf72cf3, 0x6020f734, 0xa79f9e96, 0xfb08999c, 0x44fbb028, 0x92de2cde,
    0x09018393, 0x440e0836, 0xe4c5bccd, 0xddc5dec2, 0xca29f7cf, 0xf712ca4d, 0x1ff7d302, 0xce7df7cc, 0x13d418f7, 0xa8f7e0fb, 0xa21543f9, 0x955ba362,
    0x18a6cc6a, 0xb079a482, 0x1d55ac78, 0x0687fbca, 0xa295a396, 0x9c44a494, 0x522d6b18, 0x9d504731, 0x9a77a881, 0xafaeae80, 0x08beaab9, 0x158efd21,
    0x43a3f8d3, 0x15e1b806, 0x56bb66b5, 0xb4c467a0, 0x59ae7518, 0x08af61be, 0x6dfc45f7, 0x7df7e415, 0x77f70732, 0x7dfb3804, 0xc0f707de, 0x01fc15c5,
    0x01f8ebfb, 0xf861f706, 0xaffc1581, 0xfc66f847, 0x877d065c, 0x1e8a7b87, 0x8b558a7d, 0x78968d53, 0x778e7095, 0x8cbcd708, 0xa81fa896, 0xb59e9596,
    0x4004131a, 0x74f990fb, 0x93a39615, 0x45a492a3, 0x3572189b, 0x5553395d, 0x76a9829d, 0xaaa77f98, 0xb6a2b1a7, 0xa806d808, 0x9758a961, 0x18a8cb69,
    0xb076a680, 0xf708ad73, 0x0e06ca36, 0xbce2c9e7, 0xbbc4bbc7, 0xc8e5bdc5, 0xd448f701, 0x92f7d4c8, 0x03d7bad6, 0x2ef716f8, 0x8b928c15, 0xcd1a9292,
    0x073492f7, 0x58f718fc, 0x4f92f815, 0xf70692fc, 0x92f80439, 0xa092fc52, 0x5192f80a, 0xf8330f82, 0x155af72d, 0x67a56ea6, 0xfb087299, 0xa3a50674,
    0x82a3aba6, 0xff98085d, 0xfb15b7fc, 0x0ff7e279, 0x062806f8, 0x9e81a3c0, 0xa177a47a, 0xc852f719, 0x9606d2fb, 0x93a0949f, 0x189b44a0, 0x42584070,
    0x849c5b4e, 0x7f9c7da5, 0x0658fb08, 0x9e84a0c1, 0xa37ba57c, 0xc83ff719, 0x95069afb, 0x949f959f, 0x189d479f, 0x3d543e6c, 0x839d584e, 0x809976a8,
    0xb0a9a8a9, 0xbe08b4a7, 0x9e6e9f06, 0x08739566, 0x06fc00fb, 0x064a1af7, 0x8a848b84, 0x91fb1e83, 0x0679f74d, 0x614e626f, 0x9b6c10fb, 0x95729f7d,
    0xba34f77a, 0xc9a4c8cc, 0xfba1f708, 0x3bf7d63b, 0xaf081e82, 0xebc5600e, 0xe0c4d0c5, 0xc8b660c4, 0xc222f7c6, 0xf312c255, 0xf8d5b1d3, 0xd476d441,
    0xc113d586, 0xf998f750, 0x66a01550, 0x6d945fa1, 0x8318a2ca, 0x78ad7aa2, 0x2cf708aa, 0x069ffbc2, 0xa293a395, 0x9743a492, 0x5f357318, 0xf6535537,
    0xa6aba90a, 0x08baa2b5, 0xe1fcd7f8, 0x75fc2b15, 0xb01307eb, 0xf741f860, 0xfc3615a1, 0xfb07e041, 0x8af80422, 0xd4fc5bf7, 0xadd596fc, 0xd0cc1306,
    0xd46b75f8, 0xbefc88f7, 0xf82df706, 0x78961557, 0x76947495, 0xfb03fc08, 0x06f3d337, 0xf9080e13, 0xf7d52329, 0x0600fc37, 0xa97aa382, 0x1d6ea27d,
    0x94150cf7, 0xbe0b7287, 0x44694379, 0x829d5c5e, 0x80987ca9, 0xa99fa2a0, 0xd108ac9d, 0xa866a806, 0xc76c985e, 0xa28018a7, 0xa974ab76, 0x06c21d67,
    0xd148f70e, 0xf744f745, 0xf812d06e, 0xb013d461, 0xc6f97cf9, 0x60617315, 0xc7646a50, 0xaeae1874, 0xbeb0c0b8, 0xfb66fc08, 0xb1781505, 0xb260c45c,
    0xb5186d4d, 0x9e50b863, 0x3ff70865, 0xd415a1fb, 0xf70629f7, 0x29f74c12, 0xaf57db3b, 0xbc3d18c7, 0xfbd424fb, 0xf708c60f, 0x1ffcd0f1, 0xfb4255f7,
    0x4616fc55, 0x3a06daf7, 0x4619fb37, 0x9c6c17fb, 0x9570a07c, 0xb21cf779, 0xe2da1af7, 0x6cf808ee, 0xd11503fc, 0x13072ffc, 0x91ac9370, 0x08b190ae,
    0xb013063e, 0x66856686, 0xfc086b82, 0xeff7450a, 0x272f5906, 0x696efb4c, 0x6b9d7b9a, 0x8cf77791, 0xde01f7b7, 0xd810f7c0, 0x1df720fb, 0x6b5cf73c,
    0xaa9fa195, 0x49fb9c9c, 0xc918fb9f, 0x0e08f442, 0xc0f0c83f, 0xc4d5c1d5, 0xb85ed1ae, 0xc1cfc45e, 0xb712c4c8, 0xc2540cf7, 0xf747cfa0, 0xf2d2ed46,
    0xd106f7d2, 0xf7200213, 0x15bef838, 0xe474c684, 0x7f58d06f, 0xa246a518, 0xb3509030, 0x2024f70a, 0x08081315, 0x0aa602f7, 0xfb1dd9d1, 0x47dff702,
    0xdffb0a98, 0x21fb0a89, 0x6c1d2e45, 0xfb5202fb, 0x98445716, 0x93699e78, 0xf8130875, 0xb5c7b215, 0x08ecaae9, 0xf8cf09fc, 0x57a9071e, 0x6a9849af,
    0x7818c4bd, 0x0df738aa, 0xc608ad70, 0xa41514f7, 0xa2e8aac2, 0x189a4ed5, 0x296f497d, 0xf7085175, 0x1533fc9e, 0x880a94f7, 0x627f7e87, 0x1e5e8c8b,
    0x72937995, 0xc908788e, 0xa5958cb4, 0x9296a61f, 0x131aaf9d, 0x4cfb8203, 0xcf1597f8, 0xfbc15ff7, 0x75f7c85f, 0xdb75fbc4, 0x65fb3b44, 0x4e65f752,
    0xf7554cfb, 0x81fb474c, 0xc4c2f852, 0xcb430e07, 0x24f7ccc3, 0xb9cb91ca, 0x92cb88ce, 0x12caf2cd, 0xfb46f7c6, 0xc9a1bf1c, 0xb0c81cf7, 0xbfc9aecc,
    0xf7c851c5, 0xeb13c914, 0xcbf7803d, 0x7e1598f9, 0x77297249, 0x187bb752, 0xe7a7c2a2, 0x0a74d5a1, 0x5ffb6dfb, 0x77c68515, 0x5bd072e4, 0x46a1187e,
    0x518f30a0, 0x1cf70a5d, 0xceef1524, 0x4ddff727, 0x1306dffb, 0xfb008008, 0x1d2a4808, 0x5503fb6d, 0x445a18fb, 0x6a9d7997, 0x13087692, 0xae003c5a,
    0xa8e4b1c5, 0x00fc08e7, 0x0726f8c9, 0x50aa5aa6, 0xc3b86a97, 0x43a77a18, 0xae7100f7, 0x34e2f708, 0xfb69fb15, 0x0769f71d, 0xaafb5bf7, 0x2aeaf715,
    0x0cf749f7, 0xf70cfbcd, 0x5afb4a5a, 0xf74910fb, 0x2949fb10, 0xd2c831fc, 0x01251307, 0xf7ccf780, 0x8b9a15a4, 0xf71a9999, 0xfb14f71d, 0x38f80748,
    0xfb44fb04, 0x0744f714, 0x15ca52f7, 0x4dfc8ffb, 0x8519fb06, 0xfb3c38fb, 0xa0131e06, 0x859a8002, 0x7f9576a4, 0xf7a1e8cc, 0x0cf79118, 0x8bfb1d7c,
    0x64800a66, 0x1f618d8a, 0x6d947992, 0x8ac97a8d, 0x96a38daf, 0x9497a108, 0x0e1ab19f, 0x6bf8d24a, 0xcc2af7c5, 0xd66cf801, 0xf7b4f703, 0x44571575,
    0x5b3b4139, 0x72a9819f, 0xc0d67d9a, 0xdbc7dee3, 0xf744f808, 0x6aa71500, 0x729c6ba4, 0x6218afc6, 0x3de736c7, 0x186e53cf, 0x70a772a5, 0x48fc6ea5,
    0x29f7186f, 0xe72cf7d3, 0x03f726f7, 0x5918bb52, 0x55635462, 0x7f86fb67, 0xd4bed218, 0xf7cfcdcc, 0x0ff79815, 0x56a2ea9e, 0x34fb18c8, 0x71b5fb63,
    0x937e85fb, 0x8d6e947a, 0xe98fe278, 0x4b93e791, 0x71504147, 0x73746e7b, 0x9389777c, 0x8e699678, 0xab939e7d, 0x975ff78f, 0x42573508, 0x4d7b6963,
    0x6a785f6c, 0x82779487, 0x7c250819, 0x91b296a7, 0x089fa5f7, 0x7f0798fb, 0x8a7a8788, 0x8b557b1e, 0x971f4f8d, 0x8e6d9876, 0xbdd40875, 0x1fab988b,
    0x09d982ac, 0xf71ab53d, 0x2ae3079f, 0xf14bde15, 0xca53bc30, 0xc35618b8, 0xc739e324, 0xcf420e08, 0x00ff3ff7, 0xf7008039, 0x00ff0a02, 0xb500805c,
    0x5e00ff1d, 0xccc60080, 0x12c4cac4, 0x53d462f8, 0x00df13d3, 0x15f7baf7, 0x2a545015, 0x9b683357, 0x9872a780, 0xf1b2e07d, 0x08cacfca, 0x157ea5f7,
    0x4af561e0, 0xb9c560be, 0xfbb75318, 0xb239c800, 0xf82efb08, 0xf7cc151c, 0xc6fbc4c6, 0xc400f8ca, 0x42d500fc, 0x52f6fb41, 0xfb4cf6f7, 0xbff752bf,
    0x5028fc4a, 0x4807f3f7, 0x726a4361, 0x74807081, 0x92897884, 0x8d69957b, 0xa7929e7e, 0x965df78f, 0x6d3c6530, 0x764f8069, 0x88697f5f, 0x6a947992,
    0x13087e8d, 0x93a680de, 0xbbf78fb1, 0x30fb089c, 0x87878007, 0x8a7c1e7a, 0x8d4d8b56, 0x70977797, 0xd508758f, 0xab968cbb, 0x9496ab1f, 0x131ab29e,
    0x36f780be, 0x998df707, 0x75a274a5, 0x1319789b, 0xb3c400df, 0xcd35b961, 0x5519b646, 0xa27da068, 0x197ba17b, 0xf7762dfc, 0x20f7b81d, 0xd319f7c5,
    0x66ba5619, 0x63766375, 0x7afb1978, 0xc0a2c080, 0x19aabda6, 0xf8059e73, 0x0e06c670, 0x51f7d043, 0x413a00ff, 0x6127061d, 0x1dba0080, 0x820d00ff,
    0x4e8c080e, 0xcce8cb4b, 0xf7d1d112, 0xd350d7d6, 0x13d4c9f7, 0xb7f760b7, 0x54151ef7, 0x39533255, 0xa77f9c67, 0xda7e9773, 0xcccde9b3, 0x48f808ca,
    0x6ea615e9, 0x759b70a2, 0x6118b3c3, 0x45df32c0, 0x186a56c4, 0x71a776a5, 0x47fc71a6, 0x1ff71874, 0xcf21f7bf, 0x57dc1bf7, 0x6f5f18b8, 0x725b6f5b,
    0x187e73fb, 0xb4d0acd0, 0xa26db8c9, 0x0610f818, 0xfb60bb13, 0x1307d40e, 0x4ef7a0b7, 0xf8e81ffc, 0x12fccc12, 0xfc333fe3, 0x12f84a12, 0x071cfc2e,
    0x32081f83, 0x1307d14e, 0x0ef760d7, 0x4507bbf7, 0x6f5b3254, 0x747c6f7e, 0x92887782, 0x8e69957a, 0xa6919b7e, 0x974cf78f, 0x6c456439, 0x7351806b,
    0x876a7d5f, 0x82947a93, 0xa6082c18, 0xf78fb193, 0xfb089eb5, 0x4d7f0742, 0x8a2505ef, 0x8d4e8b56, 0x05574196, 0x8cbcd42b, 0xab1fab96, 0xb29e9497,
    0x08e1831a, 0xdc074845, 0x5de01537, 0x5ebe46f6, 0x5318b5c6, 0x38cd20b9, 0xf80e08b6, 0x5df7cd47, 0x94f812d1, 0x13d44fc7, 0xf74ef7d0, 0xe2d415bb,
    0xf4c8f3d4, 0x7718b04e, 0x75667667, 0x7c1afb68, 0xc7e0c818, 0xf5ba01f7, 0x8218ac47, 0x3f2208cc, 0x6a7515fb, 0x72796a74, 0x7793877a, 0x7b8f6996,
    0x92a3929a, 0x5e9c13f7, 0x78566148, 0x72656c77, 0x18837673, 0x8f6acd08, 0x9ba1087c, 0x9cf798ad, 0x9b8908da, 0x1a9fa688, 0x773ffb90, 0x15fb5d1d,
    0x9d70365c, 0xaee81842, 0xf7ba11f7, 0xf708ba09, 0x15dff8ed, 0x236d2e74, 0xf7084572, 0x2b71063f, 0x465a3a65, 0x49e01308, 0x00f757e5, 0x0806f769,
    0xca90d013, 0xd18ecf90, 0xfbb7f708, 0x250a7c5a, 0xa8dda406, 0x08e1a1f2, 0x394547fc, 0xd2fb7f1d, 0xfb96fb69, 0x9c32fb1b, 0x9773ae80, 0x04f7e17f,
    0xa526f7ba, 0x38ad46f7, 0x48bb40b5, 0x5845484f, 0x809b673d, 0x79956fa5, 0xbdd0b1d4, 0xc208cdc7, 0xd157c94d, 0xa29f9766, 0x44999ba6, 0x53bd4aad,
    0xc0e7d0ca, 0xf7a909f7, 0xf80e0824, 0xb201d3cf, 0xf70338fa, 0x15adf741, 0xf2d2e0d4, 0xae4ff3c9, 0x786c7c18, 0xb7080182, 0x187c16fb, 0xf7c5e3c7,
    0x44f4b803, 0xfb6418ab, 0x16fb430c, 0x69766a75, 0x8879747a, 0x68977794, 0x92997b8e, 0x10f791a3, 0x60485e9c, 0x6f777854, 0x78747368, 0x95799386,
    0x087c8e6b, 0x94ad989f, 0x8abc8cf7, 0x8da88b9b, 0xfb92089e, 0x6a1d8642, 0x396b11fb, 0x18469978, 0x0af7a3e6, 0xab08f7ae, 0xf823f808, 0xfb74157e,
    0x07fb6525, 0xea4c304d, 0x710bf760, 0xf8081df7, 0xfbd3163a, 0xa4c607a9, 0xd25db977, 0x4c19bf62, 0xb756b373, 0x195d9e44, 0xda43b4fb, 0x39fbad06,
    0xd71dfbbb, 0x3e4400fb, 0x14fb542d, 0xa27b9b64, 0xf77b956c, 0xc4eab70e, 0x3fced8d3, 0x00f751e0, 0x2a08ea82, 0x9a9ba69f, 0x36ac01fb, 0x08d648c4,
    0xf7baf2d8, 0x41f7a71a, 0xcf540e08, 0xf7ce56f7, 0x4ef7cf53, 0x75f801cf, 0xd488f7d2, 0x824cf703, 0xdc8d08f7, 0x01f7dce3, 0x5004f7d0, 0x687718ae,
    0x68746774, 0x187b24fb, 0xf7c8e1ca, 0x48f6bc01, 0xfb5e18ab, 0x15fb3d0e, 0x69746a73, 0x87797479, 0x68967793, 0x929a7c8e, 0x1cf792a4, 0x5f4a5b9c,
    0x6b777756, 0x76737166, 0x967a9385, 0x087e8e69, 0x94ae96a1, 0x8ac2a2f7, 0x8da68a9a, 0xfb84089f, 0x14fb154b, 0x6b16fb6e, 0x43987b36, 0xf7a3e918,
    0x0bf7aa10, 0x2af708aa, 0xf71518f7, 0xfb56fb88, 0x88f70688, 0xfb1556f9, 0xf788fb4e, 0x92fb074e, 0x20158204, 0x08158353, 0x99fbd170, 0xfc9af915,
    0x269afd18, 0xcfd3f847, 0xd18d0e07, 0xf7d1adf7, 0xf801d5b3, 0x24f7d045, 0xd221f7d0, 0x1578c003, 0x18f79fed, 0xa413f7a5, 0xfb18ce87, 0x1ffb731b,
    0x087d3070, 0x1558f8f0, 0xf7cce0cd, 0x00f7be02, 0x5a18aa44, 0xfb3a0dfb, 0x726a7214, 0x78737969, 0x97789486, 0x9b7b8f67, 0xf790a493, 0x4b589a23,
    0x7875575c, 0x73716969, 0x18838775, 0x087d8d24, 0xc08295a2, 0xb8b0320b, 0xa8899a89, 0x76fb9f8c, 0xdfdf186b, 0xf5d4f1e1, 0x7718b34c, 0x766a756c,
    0x37f8086d, 0xf71554fc, 0xfb21f7ad, 0xf6fb07ad, 0xf715adf7, 0x52adfb24, 0xf924f71d, 0xb3fb1512, 0xb3f724fb, 0xfbf6f707, 0x21fb15b3, 0x21f7b3f7,
    0xd53bfc06, 0xd0e3fd15, 0x53f6f7cc, 0x07daf9d2, 0xcc2ff90e, 0x3efaae01, 0x157abf03, 0x85d3f0f7, 0x7117fbcd, 0x32711bfb, 0x34f8197d, 0x1bf715a5,
    0x4738f767, 0xc6b656e6, 0xfbbd3018, 0x19fbcd39, 0xf7cc08ae, 0x6fd31517, 0x68b95ae4, 0x5b18beb8, 0x43ba33ae, 0xf76608a5, 0x76f715f7, 0x63546d06,
    0x5e5e5d58, 0x6dbd64b8, 0xaff708be, 0xfb0a81d5, 0xaa9d0675, 0xa998aa9b, 0x6618983e, 0x01fb4532, 0xa89d3924, 0x77b04d18, 0x74657667, 0x15fb1969,
    0xc7e2c77f, 0xf7b802f7, 0xa9441900, 0x420dfb61, 0x6a7514fb, 0x03f87519, 0xf790a30a, 0x4c60990f, 0x77785963, 0x7273686c, 0x79938776, 0x7c8f6996,
    0x92ad96a1, 0x08b495f7, 0xa88a9989, 0x66fb1a9f, 0xd1dad46e, 0x19eec8eb, 0x74a2829d, 0xacb17a97, 0xafa8adae, 0x5eaf5ba9, 0x4e3f61b3, 0x6b335a35,
    0x6ea17e9b, 0xafe27994, 0xcdd9bee3, 0x55de49d4, 0x970869e1, 0x9da79f9e, 0x37a93699, 0xcfc843bc, 0xb3dac4cf, 0xce0e08e6, 0x78cfd3c9, 0xce26f79e,
    0x9acf24f7, 0x6ff812ca, 0x40f748ce, 0x1ff7cdb1, 0xc05613cc, 0xadf737f7, 0xc9e4cc15, 0xf7bc02f7, 0x18ad4c00, 0x667b667c, 0x822b6779, 0xbae3bc18,
    0xf6ad04f7, 0x6f18a444, 0xfb530bfb, 0x7a6a7916, 0x7a737d69, 0x92980a71, 0x98e990a1, 0xc03e1308, 0x596c4d68, 0x6672787c, 0x87787177, 0x6a957894,
    0x969d7d8e, 0x5bf795a9, 0x9a8808b9, 0x1a9da789, 0xd9fb90fb, 0xeca9d915, 0x7fafe9b0, 0x672418c9, 0x75476625, 0xf7ddf808, 0x34ce15fb, 0x130724f7,
    0xcff4c05d, 0xc05e1306, 0x481ef722, 0x06fb1efb, 0xfb06f747, 0xf1482524, 0x5a8a5906, 0xfb1e5c86, 0x1d294717, 0x3b66337a, 0x819d4942, 0x7e9774a5,
    0xeab2dade, 0xf708f59d, 0x0ffbcf18, 0x8cba9006, 0x131abdbc, 0xfdf7c0d6, 0x0a82fcf7, 0xe5fd64fb, 0xf7a6f9cd, 0x3d750608, 0x2c692f6e, 0xab28d708,
    0x681a4d4d, 0x7f796784, 0x7e86831e, 0x088a7d88, 0x8d8b6d79, 0x78961f6f, 0x1a797093, 0x8ba989a7, 0x8ea08da3, 0x9599929f, 0x99a1aa08, 0xcd1ac5bf,
    0xeb3fd26a, 0xb1f4b21e, 0x08e2a7f3, 0xf7cf690e, 0xbb5bcf5f, 0x2ff7d2f0, 0x60f812d3, 0xf7d7f5d3, 0xdf13d502, 0xb1f745f7, 0xdbe2db15, 0x48f6cdf6,
    0x687818b4, 0x69756675, 0x187f19fb, 0xf4c5dec5, 0xaa40f1b7, 0x07fb6318, 0x7510fb43, 0x796b766b, 0x95887974, 0x90659676, 0xa3939a7b, 0x9913f790,
    0x5ebf1308, 0x775b624c, 0x72676c77, 0x93867574, 0x8f669877, 0xaf97a27c, 0xbda9f794, 0xa7899c88, 0xfb089f8c, 0x15ebfbef, 0x18f7a0ed, 0xa811f7a7,
    0xfb18d085, 0x1dfb7019, 0x087c306e, 0xa4f9df13, 0xfb154af7, 0xf7b8fb5f, 0x0861825f, 0xd315cd67, 0x65b8f7b5, 0xfc0df8d5, 0x73f8064a, 0xd315dbf7,
    0x19f775fb, 0xfb19fb3f, 0x79f74379, 0x5ffb2ffb, 0xd27cf844, 0x2ff765fb, 0x0a5a0e07, 0xf8129482, 0xa373d356, 0x57d597f7, 0xf7ea1394, 0x15aff746,
    0xf7d6e5d8, 0x01f7cb02, 0x7918b34a, 0x75657465, 0x7e11fb67, 0xc4dfc418, 0xf3b500f7, 0x6418ac44, 0xfb450afb, 0x36c88215, 0x79747a69, 0x97789486,
    0x9a7b8f65, 0xf791a292, 0x4c609c0c, 0x827a5963, 0x74af09c5, 0x93877671, 0x8f679778, 0x979f087d, 0x8ff794ae, 0x8b9a8abe, 0x089e8ca8, 0xe5fbd1fb,
    0xf7a3e715, 0x08f7a90e, 0x18cc84a8, 0xfb6f11fb, 0x7b366d13, 0xf773f908, 0x0a46f763, 0xf7d32513, 0xc6c21549, 0xd5aeceb9, 0x46bd41b3, 0xfb0852c2,
    0x15d8f741, 0x2a22fb5e, 0x12fb1cfb, 0xa57f9b35, 0xa87c9671, 0xa4a3a89f, 0xf75f08a4, 0x111307ce, 0x6fa707c6, 0x77a872a9, 0xa7a29f98, 0xc424999d,
    0x510bf725, 0x958f0bf7, 0x958e958f, 0xcb530e08, 0x01cefdf8, 0xf7d493f8, 0x0df7d405, 0x45fa03cb, 0x6e15fef7, 0x56e84ac3, 0x186e51d1, 0x6aa26ea1,
    0xa6fb6ba0, 0xc1b71874, 0xc6b5d8c4, 0xcea1f708, 0xcb06b1fb, 0x71aa7fa0, 0x19b375c2, 0x639e7847, 0x699555a4, 0x4885fb19, 0x5e0648f7, 0x7430464d,
    0x70787976, 0x92867984, 0x8e649a7c, 0xb597a679, 0xadfcf790, 0x73986f9c, 0xfd087695, 0xd6156650, 0xc9f5d6e2, 0xb24900f7, 0x76677818, 0xfb687465,
    0xc8187e0d, 0x00f7c8e1, 0xae3ff3b9, 0x0cfb6018, 0x7314fb41, 0x786a766a, 0x94877974, 0x8f659875, 0xa2939a7a, 0x9c0bf790, 0x59644d61, 0x666c7879,
    0x86777373, 0x67977793, 0xa0087c8f, 0xf795ac98, 0x9a88c18b, 0x9f8da98a, 0x45fb8a08, 0xfb671d4c, 0x763b670e, 0xe418419c, 0xb009f7a8, 0x7caf03f7,
    0x159ff71d, 0x7559fb84, 0x4e37fb20, 0x6e9f7f9c, 0x48f77994, 0x13f7aad4, 0x0874f793, 0xebfb67f7, 0x8f887515, 0xcef71fa5, 0x07cefb42, 0xd1759c43,
    0xc806e21e, 0x1cf7af9c, 0x90771f91, 0x997c966e, 0x6d0bfb08, 0x7e090596, 0x30f8ce73, 0x34f801cb, 0xcb64f7cf, 0xf9f4f903, 0x537b1592, 0x58723a6c,
    0xa7187ab8, 0xa7d7abbb, 0xadfb08cb, 0x7f1540fb, 0x73d86fbe, 0x187d59c7, 0x3ca64fa2, 0xf0085896, 0xcb1576fc, 0xba06c4f7, 0xa232cc4b, 0x18beba60,
    0x01fbad71, 0xbb601bf7, 0xcb4af708, 0xc9f74efb, 0xfbc9fb4b, 0x33f74b48, 0x4e306406, 0x9656512b, 0x916f9b7c, 0xc0bec07a, 0x08e4b3e3, 0x1dfc0dfd,
    0xf7a0e515, 0x07f7aa0c, 0x18c984a7, 0xfb6f10fb, 0x7b396e10, 0x4ff8e508, 0xc2e2c415, 0xf4b403f7, 0x0af0ab45, 0x69776a75, 0x877a727a, 0x67967994,
    0x8c087c8f, 0xa2929907, 0x9b0ef790, 0x58634a5f, 0x676e7779, 0x87767174, 0x6a967992, 0x97a07d8f, 0x8bf793ac, 0x8b998abe, 0xfb9f8ca7, 0xd618675a,
    0x02f7d6e4, 0x4e01f7ca, 0x667818af, 0x68756577, 0xfc70f708, 0x85f9156c, 0xf8c8fd47, 0x0e07ceaa, 0xf7cd4ef7, 0xcae4cca7, 0xd4fef812, 0xf013d15f,
    0xfb0ad6f7, 0x53f7e44c, 0xe753fbca, 0x48fb2f42, 0x3248f74c, 0xf84a6efb, 0x607d0655, 0x6c7e607a, 0x8241fb08, 0x55a67115, 0x69a35faf, 0x71b71867,
    0x6ea465bf, 0x8e56fb08, 0xc270b915, 0xb06ea562, 0xa77018b6, 0xa55eb154, 0xfb99fb08, 0xe2d11501, 0xf6c5f6cf, 0x7a18ad51, 0x76667565, 0x7f0afb66,
    0xc4e2c618, 0xf4b802f7, 0x6318aa4a, 0xfb420dfb, 0x75697516, 0x82747969, 0x957836dc, 0x997c8f6a, 0xf791a392, 0x4a629b06, 0x77795766, 0x7275656e,
    0x08d98377, 0x7d8e6cd4, 0xab989f08, 0xca7cf797, 0x89998908, 0x8a1a9da8, 0xfb153bfb, 0x07fb6304, 0x9c743f61, 0xabe01845, 0xf3b401f7, 0xd2f808b5,
    0x07cd15db, 0x78fb8813, 0x0accf706, 0xf74992fb, 0x4066067b, 0x21fb4043, 0x9f7f9a4f, 0xf77a9471, 0xeadad53d, 0x8908ebae, 0x54da153d, 0x57b83bea,
    0x5d18baba, 0x3ed72abf, 0xf70e08bf, 0xf8010a54, 0x34f7d165, 0xacf903d1, 0x7f154af9, 0x6ec46db0, 0x18724db6, 0x4fa85fa6, 0xfc086596, 0x1515fcbe,
    0xf7d8e6d8, 0x04f7cb05, 0x7718ae4f, 0x73647564, 0x7d14fb65, 0xc3e2c518, 0xf5b604f7, 0x6618a947, 0xfb450bfb, 0x766a7517, 0x7b737a69, 0x97789287,
    0x997d8e68, 0xf790a292, 0x49609c0f, 0x77785864, 0x7173676e, 0x7a938776, 0xd3826996, 0xac97a033, 0xbc85f794, 0xa68b9a8a, 0xfb089e8d, 0x15ddfbc5,
    0x051f44e6, 0xc884aa22, 0x08061f44, 0x087a3784, 0x24f77bf8, 0x680a75f7, 0xfb4506fb, 0x982f3b25, 0x916b9d7b, 0xa0a5a37a, 0x08aaa1a9, 0xd4d1d8fc,
    0x0e0736f8, 0xcec584f7, 0xf7c8daca, 0xf712c52f, 0xf7a39bf3, 0xbed3434c, 0xfafb13ca, 0x92d2f900, 0x68fb711d, 0x8540fb7a, 0x73927a93, 0x0a8df78d,
    0xbbfb59fc, 0xd7e2d815, 0x01f7cbf6, 0x7918b04b, 0x75657567, 0x7f14fb69, 0xc5e0c718, 0xf5b802f7, 0x6218a943, 0xfb430cfb, 0x776a7413, 0x7a737869,
    0xc7829487, 0x9a7b8f22, 0xfe09c784, 0x634d5f99, 0x6c777959, 0x75737467, 0x96779487, 0x087c8f6a, 0x94ad979f, 0x89bd8cf7, 0x8ca88a9a, 0xfb86089e,
    0x0dfb153c, 0x640efb66, 0x419d763a, 0xf7abe318, 0x04f7b30a, 0xf8ba08b3, 0x629c15ee, 0x6a9356a0, 0x8218a0c8, 0x79bf75aa, 0xd3f708b1, 0x72156afc,
    0x5e5c6750, 0x5eb25365, 0x08c36bbc, 0x7bc7b1f7, 0x06aafb0a, 0xa290a190, 0xf808a18e, 0x0afcca13, 0xf70a06f7, 0x0cfbc8f6, 0xadb6a806, 0x130a09f8,
    0x4ef7fb24, 0x29ea1306, 0x8972891d, 0x08708770, 0x4f4c2cfb, 0x24fb731d, 0xfb2ffb57, 0x809d311b, 0x7b9573a1, 0xe6c3cce8, 0x5baaefb0, 0x67b861b2,
    0x72466750, 0x80987a40, 0x7c936ea0, 0x0af7f7da, 0x9a9ba89f, 0xa43f9a39, 0xc3c8af4a, 0xe9a9d3b9, 0xc86d0e08, 0xf7c617f7, 0xc5b7c80e, 0x04f7c889,
    0x05f812ca, 0xd9cb78d0, 0xce76f7cc, 0xd252c460, 0xf7c0ed13, 0x15aef73e, 0xf5cce5d0, 0xac50f6c4, 0xc0f11318, 0x6678677b, 0x02fb6978, 0xe1c51881,
    0xb703f7c2, 0x18a849f5, 0x450cfb64, 0x697615fb, 0x727a6a75, 0x7a94877a, 0x7c8f6994, 0x90a0929a, 0x649901f7, 0x7a58684a, 0x75676f77, 0x92887872,
    0x8f6a9679, 0x959c087e, 0x5cf796a9, 0x899b89bc, 0x089d8ca6, 0xdefb8ffb, 0xf5abde15, 0x7fb3f2b4, 0x03fb18c9, 0x6204fb63, 0xf8087341, 0x15bef83c,
    0xfb522272, 0x97394116, 0x94739d7f, 0xa0a3a27e, 0x08aa9fa8, 0xf8cb28fc, 0xbca2079f, 0xbb9abd9c, 0xfccef708, 0x76fb1508, 0x76f70ef7, 0xfb76fb06,
    0x17f715cc, 0x17fb76f7, 0xc0a81307, 0x6df8c5fb, 0x0627f715, 0x67836a85, 0xfb086c83, 0xcc74fc03, 0x6276f7b9, 0xfb6ff8ce, 0xaa940648, 0xad94ae95,
    0x200e1308, 0xfcc83af7, 0x32f70616, 0x7e1543f7, 0x78b375a8, 0x18754daa, 0x6d997499, 0xfb087297, 0xd035fb98, 0xf80a9ced, 0x82d2374a, 0x0e3c0849,
    0xb7c8c35c, 0xb8c4b7c7, 0xc5c7bdc3, 0xc1e5c1c4, 0xd20cf712, 0xd0e1d18d, 0xddcf38f7, 0x13d598d4, 0x9bf778ff, 0x69f815d1, 0x0669fc4e, 0x03f869f8,
    0x69fc5315, 0x5efb07c3, 0x4f69f804, 0xc8091284, 0x69fc15f3, 0x0669f8c4, 0x6af8cefb, 0x3138f715, 0x460638fb, 0xb4031316, 0xf7e532fb, 0xc1f70632,
    0x313cf716, 0x8e131d5d, 0xfd2ff708, 0x35f8151a, 0x9007cbfb, 0x909e8f9e, 0x30f808a1, 0x0625fcc5, 0x9f8f9e8f, 0x13089d8e, 0xfef7840f, 0x98fd5af7,
    0xe3f75afb, 0x88798906, 0x08788877, 0xf8510cfc, 0x75870602, 0x78877887, 0x40881308, 0x35fc7cfb, 0xfa5318fb, 0x0e06c305, 0xcc4ace41, 0xc0e2c580,
    0x9284c6dc, 0xf7c570f7, 0xcb4ccb13, 0xb165be4f, 0xe2129788, 0x4fcbf5c5, 0xb5c7f0c1, 0xc94d57f7, 0x4b59f7a3, 0x0d3b13cb, 0x57f9f250, 0x9c699915,
    0xc06f935c, 0xa583189d, 0xad7bb87a, 0x0b381308, 0x60fcf000, 0x02fb3a15, 0x9df707dc, 0xdc26153a, 0xfb2606f0, 0xf0e21571, 0x9dfb0734, 0x02f7e216,
    0x02130734, 0xf7870014, 0xf7cb15bf, 0x62bd0627, 0x6fa550d1, 0x7318c5b0, 0x5ad3269f, 0x34f708ab, 0x9d063cc5, 0x9db69ead, 0x189e52b3, 0x5174647e,
    0x6b086477, 0xc8062cf7, 0xb995c492, 0x00130896, 0xbf620044, 0x34fb7432, 0x8216fb7a, 0x937d9219, 0x087c8e75, 0x002d2613, 0x90c78dc1, 0xfb0891c7,
    0x515afb25, 0x5c0740f7, 0x4d453f48, 0x98799666, 0x9178916f, 0x918f908f, 0x19fc088f, 0x9df7c5c5, 0x1307c75d, 0xf8408508, 0x0709fc14, 0xc9c4b4c1,
    0xf808c9b6, 0x15c5f75c, 0x57fb1daf, 0x4013064b, 0x19f74080, 0x5206fffb, 0x664d514c, 0x1858ad65, 0xb8b4b1b0, 0xfb08b8b3, 0x877e07a0, 0x1df38188,
    0x0aed8c66, 0x6df7aec0, 0xfb1ab00a, 0x15f0f859, 0x35a74da6, 0x9ec05895, 0x6cbc8118, 0x08cb6fdd, 0x10000113, 0x35f705f8, 0x22088215, 0x8259fb20,
    0x00412252, 0x08528210, 0x5506fe77, 0x67515550, 0x1858ae68, 0xb4b0afae, 0xf708b4b0, 0x811e0a38, 0x648b648a, 0x8013088d, 0x78941000, 0xc11d9e96,
    0xa2978daf, 0x9396a31f, 0xfb1ab19f, 0x15f2f858, 0x37a84ea5, 0x9cbf5995, 0x6dbb8118, 0x08c96fdc, 0xf3cc5f0e, 0xf3caeec6, 0xcd14f7ce, 0x1253f749,
    0xc8d49ef7, 0xa472f7d4, 0xfb13d7a3, 0xf86df840, 0x071d8b99, 0xf7c0fb13, 0x5e5c0672, 0x63556058, 0x08168208, 0xfb5df726, 0x29fc15e1, 0x0629f8ee,
    0x9afb29fc, 0x29f8f315, 0x5af70723, 0xce1541f8, 0xe607b4fb, 0xd1dfddd6, 0x18ad4ce7, 0x69303682, 0x615f655d, 0xfbb40861, 0xf713078b, 0x4211f740,
    0xed084b82, 0xfb11fb40, 0x93f74993, 0xeafb14fb, 0x0719f848, 0xfb3a12fb, 0x25fb4920, 0xa37c9958, 0xc87b946d, 0xc7a6c9a2, 0xeefb08a8, 0x29f8abd4,
    0x36f8d76f, 0xc20731fc, 0xbfaec1ab, 0xf70e08b0, 0xc94dcfcc, 0x72ca23f7, 0x12cfebd0, 0x25f7cdf4, 0xd593f7cb, 0x1af99f13, 0x791531f9, 0x63ca60b6,
    0x186e50b8, 0x4ab45cb2, 0x1308609c, 0xfb30fc6e, 0x25f715d2, 0x580620fb, 0x5e835a83, 0x25f70884, 0x1d7ecff8, 0x0aa225fb, 0x9f131d30, 0x1d5723fb,
    0x88fbb8f7, 0x3dcb8615, 0xaef8057f, 0x0afccfb7, 0xdafcc247, 0x9b834b07, 0xb797f745, 0xcb4ffb05, 0xf8075bf7, 0x1552f7cf, 0x0788fbcf, 0x9e8ba18d,
    0x0cf71a9f, 0xfbd061f7, 0xbcad071b, 0xc4abc9b1, 0x7218a040, 0x653b5e52, 0x8bfb0857, 0xfb4af746, 0x8b77060b, 0x1e758977, 0xf74760fb, 0xfb7a0659,
    0xe5825505, 0x2335f609, 0x74a47e9d, 0x13f77a96, 0xacf1cee2, 0x10fbbfed, 0x00f729d9, 0xfb0af554, 0xf733c312, 0x29f75f0d, 0xce3d0e08, 0xc2e4c2f5,
    0xccb4c5df, 0x01c728f7, 0xc5d55cf7, 0xd525f7d4, 0xcdd601f7, 0xe0f703ce, 0xd41568f8, 0x344205f8, 0xf74f8efb, 0x2206318e, 0x457c2879, 0x184b9680,
    0x9be89ad6, 0x51089eea, 0xe4151cfc, 0x07325ff8, 0x370478f7, 0x07df5ffc, 0x15c5aaf8, 0x95fcf4fc, 0xf840f7d5, 0x7d06335f, 0x8a7b8685, 0x518a7c1e,
    0x958e508b, 0x8e709778, 0xbedb0876, 0x1faa968c, 0x9e9696aa, 0x18fb1ab5, 0x5e15acf8, 0x1fa69084, 0xa1e907d9, 0xabd9abf5, 0x5518c156, 0x386c3370,
    0x12f70874, 0x079bfb41, 0xea76a23f, 0x063df71e, 0xeca5a1d5, 0x90771f93, 0x967a956d, 0x84884308, 0x0e1b697f, 0xcd4dcf41, 0xe6c515f7, 0x5cceccc6,
    0xd0f312ca, 0xe9d467f7, 0xf7d542d4, 0xcd52cd98, 0xf9a03b13, 0x1524f8dd, 0xf7ada1da, 0x761f940c, 0x7c966d90, 0x86280898, 0x1b657a84, 0x5e0632fb,
    0x1faa9283, 0xa8eb07f0, 0xb0daaef5, 0x5218c159, 0x3666326e, 0x3bf7086f, 0x07defb42, 0xea74a43a, 0xfb86fc1e, 0xf7e6156b, 0x13073067, 0x7ff700b7,
    0x67fb3604, 0xb0f707e0, 0xf5fb15ca, 0xf7d0c3fc, 0xfb67f75f, 0x887e0609, 0x7e1e7d88, 0x5c8a618a, 0x9578958d, 0x08778f6e, 0x978cb6ca, 0x97a71fa6,
    0x1ab19f92, 0x7bf924fb, 0xa56aa315, 0xfb64a164, 0xb6187e6f, 0xadcfb8c0, 0x18a33fcd, 0x3c543d6b, 0x767a767a, 0x877c7d7d, 0x66967994, 0x93a17c8f,
    0xa5f790ad, 0x9277949f, 0xcc7b917a, 0xc67618a8, 0xce58e553, 0x40401308, 0x9ffdc6f7, 0x91825d15, 0x08f71fac, 0xf7a7f007, 0xb8d7b106, 0x5318c25a,
    0x31652b66, 0x31f7086e, 0x90401307, 0x06e3fb41, 0xeb74a539, 0x0641f71e, 0xf7aea1de, 0x08ef821b, 0x976e8f4a, 0xfb08967b, 0x77838603, 0x470e1b62,
    0xf0cfeacb, 0xc0d2b9d0, 0xb0d1adcf, 0x12cf5cd2, 0xc853c3e4, 0xbac806f7, 0xea4c3cf7, 0x54cd5e1d, 0xf4cda7c2, 0x68fe13cc, 0xf728f7c0, 0xf70a34dd,
    0x073efb06, 0xfb0482f7, 0xfd130606, 0x3f081482, 0x0706f739, 0xfb15cfa9, 0x8a058c43, 0x07fafb6d, 0xfb8726fb, 0x22fb575b, 0xa8fd131e, 0xa6859ac0,
    0xaf81967c, 0x0a459beb, 0x8cfb0bf7, 0xf7867f06, 0x8dac0ad4, 0xa108979f, 0xae9f9296, 0x07a9f91a, 0x6c304483, 0xfc89f706, 0x5e9c1599, 0x5998579b,
    0x187426fb, 0xac336e83, 0x9feaaad8, 0xd21d5ae5, 0x2ff70cfb, 0x64fe1306, 0x82d1f2c0, 0xc0682706, 0x4c34f724, 0x0a8234fb, 0x22c07023, 0x08068245,
    0xf4c06a2d, 0x10fb2ffb, 0x7806f344, 0x80286928, 0x7f6a7f70, 0x93877c74, 0x8e6c967b, 0xa7959c7d, 0xab45f793, 0x69fe1308, 0x8f7590c0, 0x827a8d76,
    0xc06a300a, 0xcd829ec2, 0x6901f76c, 0xe6f719e0, 0x831575f8, 0xfbce086e, 0xcdecfd80, 0xfcf4a5f9, 0x888006aa, 0x821e8187, 0x688b6d8a, 0x9478958c,
    0xacba1d9e, 0x1fa0978c, 0xa19197a2, 0x460e1aad, 0xf7c34ccd, 0xd0adc545, 0x65c717f7, 0x8bd064c5, 0xcd493cf7, 0xed12cf86, 0xf7ca52c4, 0xd0b5cb0d,
    0x32f719f7, 0xc8f5c94d, 0xd362b462, 0x7413c45b, 0x5df8809d, 0x131533f9, 0xf8408000, 0x13062735, 0xd3208400, 0x74fb3af7, 0x72aa7d06, 0x4dac72b8,
    0x739c1871, 0x70976b9d, 0x0693fb08, 0x00141113, 0x07d03cfb, 0x85fbbefb, 0x58121315, 0xc40a3600, 0x40fb0df7, 0x0428f807, 0x0dfb37fb, 0xf70737f7,
    0xfb15cf4d, 0x130a268c, 0x9c002a98, 0x0a07f886, 0x87fb13f7, 0xf7867d06, 0x79930a04, 0x788d6d94, 0x8dafca08, 0xae82a397, 0xb19f932c, 0xf898f71a,
    0x0632158c, 0x0182a290, 0x4da36208, 0xfb761895, 0x09fb630e, 0x8199404d, 0x7f9675a3, 0xd7adc4b6, 0xe508e0a6, 0x814a8406, 0x75567f51, 0x709f709e,
    0x185b6b9c, 0x6cae76a9, 0xfb6474a3, 0x3d3b4f09, 0xa3829858, 0xf77b9473, 0xf7dee81d, 0xd3f7a54b, 0x13189164, 0xf7800164, 0x15a6fc3e, 0x8e8c837e,
    0xf50ae783, 0x820788fb, 0x1e808889, 0x05266082, 0x927a7d08, 0x087a8d73, 0x968badbf, 0x96a01fa0, 0x1aab9b90, 0x79fbc2f7, 0xa69b0ae5, 0xd01ba087,
    0x01401306, 0x8da3a110, 0x9d1f9b91, 0x93969592, 0x8f9d919e, 0x78b58cbc, 0x7c967491, 0x8a5d8a97, 0x877b8867, 0x8384847c, 0x85880888, 0x1b7e8a7c,
    0xf7d1750e, 0x25f7d128, 0xd229f7d1, 0xd53af701, 0x03d8a9f8, 0x15bb84f7, 0xa9f828f7, 0xf70728fb, 0x25fb04ff, 0x25f7a9fc, 0xf7a9f807, 0x29fb156f,
    0xc2090b82, 0x8ff70729, 0xb19c15d2, 0xb69ab89d, 0x83189636, 0x7c557b64, 0x8ffb085f, 0xc3d59ffd, 0xd858a9f8, 0x0e069af9, 0x47cf8af7, 0x2ff749f7,
    0x12cfbfd1, 0x13d585f7, 0xf78ef8b8, 0x814b1514, 0x804c804b, 0x782af708, 0x7813070a, 0x074105f7, 0x05fbb813, 0xf74740fb, 0x0737fb40, 0x80468040,
    0x3f978355, 0xa10cf718, 0xf7a840f7, 0xf708aa36, 0x159ff803, 0x79064df7, 0xfb7017fb, 0x5d315e02, 0x75f569e6, 0xf70807f7, 0xd1159ee7, 0x9c07cafb,
    0x96c599c2, 0x189842c6, 0x631dfb71, 0x265219fb, 0xde58bc74, 0x6f53c75f, 0x9f709e18, 0xfb6c9e6a, 0xb1187a67, 0xabcbb1c0, 0x79f708cc, 0x474ffccf,
    0x6c0619f7, 0x7c4c6346, 0x7c737b78, 0x93887d7b, 0x8f689678, 0x078a087c, 0x90ae95a1, 0x94a3a1f7, 0x917c927a, 0x18acc77d, 0x747b717e, 0x7e9c767b,
    0x7d976ea6, 0xb2a1aea5, 0x23a4b7a1, 0x39b72dae, 0x4d403a54, 0x7c9a5d27, 0x7a9269a1, 0xc8d4bcec, 0xc008d7c5, 0xdc4ecc3e, 0xa19e9760, 0x36999ca8,
    0x54cc48b2, 0x00f7cadc, 0xa21bf7b0, 0x0e0838f7, 0xc94fcb46, 0xb0c8eef7, 0x7dcdedcd, 0x05f712c7, 0xcd3cf7cd, 0xf7d005f7, 0xbdd9d040, 0xf8e07b13,
    0x15cdf9e7, 0x4aa95ca4, 0xa4d36198, 0x6db47c18, 0x08bb70c8, 0x43fbaff7, 0x498efc15, 0xfd068ef8, 0xa2157b7c, 0x974fa360, 0x18a2bd64, 0xc571af7f,
    0x4408b774, 0x131560fb, 0x91f700a7, 0x91fb3cf7, 0xcdf7cd07, 0x98061d87, 0x99b499ac, 0x189a40b0, 0x587e6784, 0x3408647e, 0x4e45cdfb, 0x10fb06d1,
    0x4630fb85, 0x9b1e02fb, 0x9678a885, 0xf7d5087f, 0x47f79607, 0x821a19f7, 0xdf59083a, 0x87867f06, 0x801e8a7f, 0x608d8a66, 0xf779941f, 0x1ab00ae7,
    0x1522f730, 0xca6bb37c, 0x765cbc6f, 0xaa5ba618, 0x0862994a, 0xf8e05013, 0x151afbdd, 0x8f8c8684, 0x8f871f87, 0x1aa49a8a, 0xcafb61f8, 0x23076cfb,
    0x2a18fb7f, 0x839c1e2d, 0x7f9775a8, 0x9df1f108, 0x08f72cf7, 0x0804821a, 0x1afc40aa, 0x7a8f4707, 0x7e1e7e99, 0x9d0a6ef7, 0x1f97948e, 0x98939396,
    0x9f8f9f91, 0xb88cc48e, 0x9478917a, 0x5808977d, 0x7989658a, 0x877c891e, 0x08878782, 0x8a838787, 0x4f0e1b83, 0xd283f7cf, 0xf7d042f7, 0xf701ce0e,
    0x7af7d340, 0xd483f7d3, 0xf9eaf803, 0x616e153f, 0x69665d64, 0x069cfb08, 0xb4b1b1b1, 0xf808b6ab, 0x1501fc54, 0x42f783fb, 0xfc0683f7, 0x7af716b1,
    0x7afb42fb, 0xfb15f706, 0x761d6dca, 0xf71fc69a, 0x5fb1f839, 0xfbfaf7d4, 0xbbba07a7, 0xc0aec4b9, 0xfb0a4d5a, 0xa198069b, 0xa197a097, 0x4618a449,
    0x0efb1afb, 0x620a0182, 0x7a97410d, 0x7a9167a1, 0xa1a9a0a9, 0xfc08a5a8, 0x07fb073e, 0x31f76fbc, 0x0614f81e, 0xb8a92af7, 0x1f9c2ff7, 0x966d8f75,
    0xfb089778, 0x6f7c7f17, 0x440e1b28, 0xd1f0f7cd, 0x12cfa8f7, 0x5cd0aaf7, 0xd17df7d5, 0xea13d45f, 0xf4f8c0f7, 0xf7dcd515, 0xd7d43f97, 0xfbcf7df7,
    0x3c42da7d, 0x41da97fb, 0x477efb3c, 0xf8067ef7, 0x151efb2c, 0x57c568bf, 0xb4bf66a6, 0x4fb07018, 0x08ad57bd, 0x158a44fc, 0x73707377, 0xaa71726d,
    0xa760a868, 0xb418655b, 0xa36ead6f, 0x576c5c6c, 0x9a74566f, 0x95769f7e, 0xbca2bb7c, 0x9baab9a5, 0x926d976d, 0x2c475a6b, 0x9c6a3a40, 0x94739e7c,
    0xf4130879, 0xc5d3aecb, 0x8c08c7c1, 0x7e7d8b7c, 0x4382271a, 0x831e6e74, 0x7c868281, 0x6588768a, 0x988e5e8b, 0x8c719478, 0xaf89b476, 0xa192ac8b,
    0x98959d8e, 0xb9b3089a, 0x06f7e296, 0xe182e31a, 0xb01edd59, 0xa6a9aea7, 0xbcf808aa, 0xd11567fb, 0x97079afb, 0x1a96968b, 0x574526f7, 0x808b7f1d,
    0xfb1e7f8a, 0x76f7457c, 0x0ffb7a06, 0xfb20fb54, 0x9d03fb49, 0x9877a27f, 0xe829f77b, 0xaa05f7d1, 0xfbbe04f7, 0x02fbdc23, 0x954d0bf7, 0x9ba6a19f,
    0xc71dfb99, 0x5f17f737, 0x0e083bf7, 0xf7ce5af7, 0x10f7ca8c, 0xbcf712cd, 0x4ad7e5d5, 0x13d6e8cc, 0xf9bcf7fa, 0xdad51501, 0xd64797f7, 0xd10a79cf,
    0x97fb4540, 0xfb4541d1, 0x7cf7497c, 0x5194f806, 0x6534fb15, 0xfb76c5fb, 0x7b92848d, 0x798d6e93, 0xf79091f7, 0x55f7a1cb, 0x841308b7, 0x69fbdbfb,
    0x70b28315, 0x4ab56ec4, 0x5fa71876, 0x649151a4, 0x8546fb08, 0x65b67c15, 0x4db764c7, 0x5eb01872, 0x61994cb0, 0xf7d6f808, 0x50701569, 0x5865375b,
    0xb21871c5, 0xb3d8bdbc, 0xfbca08cd, 0x07ce15c0, 0x2afc8813, 0xfc3f3fd7, 0xe0f74823, 0xfb393206, 0x12fb4120, 0xa27b9c68, 0xf777966e, 0x25f7b817,
    0x08eeeae2, 0xf7d78dfb, 0x27e6078f, 0xf73725f7, 0x9f96611c, 0x9b9ba8a2, 0xfbab17fb, 0xde34d020, 0xcc590e08, 0xc6c737f7, 0xcb29aef7, 0x12cb30f7,
    0x60d119f7, 0x5dd4c9d0, 0xf7cc73d4, 0xd48ccb1e, 0x1913d3ce, 0xf9b7f710, 0xc7d41515, 0xd44ea3f7, 0xcb7ff7c8, 0x42d27ffb, 0x83a3fb44, 0x7a690804,
    0x067af74b, 0x30fbfaf8, 0x06a9fb15, 0xa593a392, 0x9945a492, 0x5d227118, 0x9d475125, 0x9876a882, 0xacb6ad80, 0x08cba5c3, 0x3906c2f7, 0x76154efb,
    0x5cd15cbc, 0x186e51bf, 0x40ba57b9, 0x13085a9e, 0x50fc8024, 0xf7d41596, 0xfb0642e9, 0x15d0fb07, 0xfb45aef7, 0xc21307ae, 0x0bfbeb68, 0xfb1ef715,
    0x061efb37, 0x37f7e9f7, 0x25098315, 0xf70737f7, 0x098216eb, 0x09832120, 0xfb694b08, 0x73f71537, 0x73fb43fd, 0xfa4a02fb, 0x3e1d711a, 0xd4bfbdcc,
    0xa1c98ebc, 0x88c996bd, 0xafcbc9be, 0x12cab6a8, 0xc35dc4e4, 0xca4ccdd2, 0xc36ed492, 0xc2bcc1dd, 0xa144d47b, 0x800b00ff, 0x4e1dde00, 0xc04cf7cb,
    0xa0e5eb13, 0x608224f8, 0x3942dd2b, 0xddf7dd06, 0xd1394515, 0x30148207, 0xfb4df7c0, 0x4dfb1563, 0x064df7e2, 0x3ff78bf7, 0x08138215, 0x34798425,
    0x446b3c73, 0xee81db7c, 0x080cf785, 0x4acb72f7, 0x77a1a606, 0x68ab60a3, 0x695f199f, 0x73aa79a8, 0x821975a1, 0xfb883828, 0x8aa00612, 0x131aa1a1,
    0x70a0e2eb, 0xca85f7b6, 0x42d085fb, 0x838ffb46, 0x804e0804, 0x4580f74c, 0x8ff7d1d4, 0xdd130643, 0x06ae88e5, 0xfc05678c, 0x3742fb42, 0xfb523df7,
    0xdfabc49b, 0x8b7d0665, 0x131a7c7b, 0xfba0d9db, 0x5fc24d4d, 0x32824d06, 0x981e4a56, 0x957da184, 0xd1c90881, 0x1ad2f396, 0x8607d2b9, 0x612b7c31,
    0x6e820840, 0x859b843d, 0x81977ba8, 0x03f7c808, 0xf73bf795, 0x66f71a0e, 0x930706f8, 0xfb9c32fb, 0x8329a315, 0x78902b21, 0x746f756c, 0xfba80870,
    0xdd84d404, 0x4ef7f32d, 0xbef3d123, 0x7efcbcfb, 0x8206c5c3, 0x92c40a43, 0x720676f7, 0x6d746f71, 0xa6809c76, 0xbf7e9675, 0xb3bbb9b3, 0xad2e08c2,
    0x1bc25ab8, 0xf7a3a4c5, 0x7a1f961a, 0x7d9a758f, 0x81288699, 0x088a7671, 0xedbb696a, 0xe7c01f6f, 0xa601f7b2, 0x0e0810f7, 0xd2f7cc53, 0xc84ff7c4,
    0xf712c8ce, 0x69f7d318, 0x45d16acf, 0xf7d1d5d4, 0xf913935a, 0xf731f980, 0xfb4515ba, 0xfc1306b1, 0xf706fb80, 0xb1fb47b1, 0xf94a7cfb, 0x96fbcc7a,
    0xf742fc06, 0x54ac156f, 0x5c973fac, 0x7f18a4cb, 0x69d467ba, 0x86f808c2, 0x54731591, 0x59693d60, 0xaf1875c0, 0xb1d4b9b9, 0xfa1308c9, 0xf7a7fbc0,
    0x814d152c, 0xab1fa591, 0xa189f707, 0x84fbbf86, 0xf7d10576, 0x6d8207d1, 0x75816d81, 0x9f1876cc, 0x9cc7a0b2, 0x909b54c0, 0xc0f9131d, 0xf7cee8fb,
    0xe9fbc8e9, 0x60fb42d7, 0x81fbd4fb, 0x8413fb06, 0xfb3b46fb, 0x849d1e12, 0x809976ab, 0x19f7dd08, 0xf75bf798, 0x44f71a1e, 0x073f8cf7, 0x91795bfb,
    0x9c55f756, 0x43077205, 0x02f77aa8, 0x0678f71e, 0xdca0a0db, 0x8f791f94, 0x957b946f, 0x84875108, 0x0e1b6081, 0x45f8d342, 0xd15ff7d2, 0xd556f701,
    0x03d65ef8, 0x9cf92ffa, 0x457cfc15, 0xfd067cf8, 0x1517f723, 0x312b4459, 0x7d985338, 0x7b966e9f, 0xecf1cae4, 0x6d08e3cc, 0x46154dfb, 0x00fb05fb,
    0x422407fb, 0x6ba57c9a, 0xa8b07c96, 0xb2b1afb1, 0xd550fc08, 0xb407a2f8, 0xaabeb1bc, 0xd2f808be, 0xc4fc152c, 0xfce2f744, 0x857a0630, 0x1e8a7887,
    0x8b498a78, 0x76968d44, 0x778e6c95, 0x8bc3ed08, 0xac1fad96, 0xb9a29697, 0xf731f81a, 0xf80e072b, 0xf701cfe3, 0xb2f7d47d, 0xdaf703d9, 0x771556f9,
    0x62bd60ae, 0x186456b1, 0x56b665b2, 0xf708679e, 0x1554fb54, 0x5d646974, 0x9f76686a, 0x977e9e78, 0xd8bbd1c2, 0xa960d9ac, 0xe3fb1d9b, 0x06bcf747,
    0xfb1cfb42, 0xfb1dfb15, 0x7d993d0c, 0x78936a9f, 0xbac2b0bf, 0xfc08c2bf, 0x2ff8d419, 0xcf53bf07, 0xb763a93c, 0x9b7c18c5, 0xb563b364, 0xb4b3aaae,
    0xf708b0b1, 0xf715e42b, 0x21fe3dd5, 0x07b3f8d9, 0x38ee4ce1, 0xc2c555bd, 0xfbc75218, 0xca30e50b, 0x11f80e08, 0xcf25f7cd, 0xa454d163, 0xd148f712,
    0x47cf42f7, 0xd124f7d0, 0xaaf7ab13, 0x7b154ff9, 0x6ec469ae, 0x186f52b5, 0x4fad60a7, 0xf7086599, 0x1536fc35, 0xb26e9980, 0xa3a7b16d, 0xabaaafad,
    0x7818b45e, 0x70636b70, 0x8199806d, 0x08948398, 0x9b13078e, 0xd8b1d1b8, 0x1308d7a6, 0x80a766cb, 0xa0fb0588, 0x067df747, 0x2913fb54, 0x3f3016fb,
    0x679b7e97, 0xacb07992, 0xbab0b4b1, 0x7209b582, 0x0725f8d1, 0x51b15bac, 0xf8086d9d, 0x1554f777, 0x4160356e, 0xc9534e54, 0xdf6dd660, 0xd2ab1308,
    0xfb1583f7, 0xf724fb41, 0x06f80741, 0x1d203efb, 0x41f723fb, 0x7f062ef7, 0x805b7d5d, 0x187cc96b, 0xdba2bda0, 0x8b57d19f, 0xf747fb0a, 0x26fb4526,
    0x98fb69fb, 0x801efb06, 0xfb234bfb, 0x82991e17, 0x7c9573a8, 0xefad1308, 0xf7a511f7, 0x24f78f4a, 0xad069408, 0xcb30bb22, 0x41514b41, 0x9a703d61,
    0x946f9c7d, 0xd7abdc79, 0xcac8cdb7, 0xe25ed450, 0xa09f946d, 0x369a9ba7, 0x4eb542a4, 0xddd508c1, 0xf7aaf5c4, 0x480e0819, 0xcbd5f7d3, 0xf6cd01f7,
    0x52f712cb, 0xf7d2a8cf, 0xd24ed489, 0x13c768f7, 0x2bfa00f6, 0x6f1525f9, 0x59c94eb6, 0x186557b9, 0x48c65dbe, 0x130861a5, 0xf2fc00fd, 0xf715c7fc,
    0xa8ab0747, 0xaca3aca8, 0xcb7af708, 0x7f0645fb, 0x75b073a6, 0x18754ca9, 0x709b759a, 0xfb087497, 0x49f74b82, 0x3a4a5206, 0x99643e51, 0x956fa27e,
    0xac9dab7e, 0x08a3aba1, 0x7862072b, 0x1e817d78, 0x719c7f95, 0x989c7c90, 0x40f795a6, 0x899987c1, 0x089c8aa7, 0x155ff7ec, 0x6b6e7278, 0x9e6e7171,
    0x9b719f6f, 0xd918625f, 0xb740e957, 0x18bbba58, 0xa66ba376, 0xa4a7a766, 0xa8a5a9aa, 0xf7b1f708, 0x406f154f, 0x475d4265, 0xe77ed67a, 0xf708f282,
    0x8206cd98, 0xfbbd08b3, 0xdf86069b, 0xea8ce688, 0x8c064208, 0x912f8d2e, 0x92fb0836, 0xcb48f7f6, 0x44ef48fb, 0x4b4afb27, 0xfb204af7, 0x13064978,
    0xc0f880f5, 0x18fb9606, 0xa409fb9d, 0x4744502e, 0x9e5d404f, 0x9773a17e, 0xc7b6cb79, 0x08c5bfbe, 0x56bdb130, 0xa3d11bce, 0x982cf7b8, 0x7292781f,
    0x089a7b9b, 0x80860afb, 0x611b725e, 0x6ee1bd66, 0xc0dfcc1f, 0x08f1b2eb, 0xf7cc3f0e, 0xc8e3cc88, 0xdfc81bf7, 0x0ef701cd, 0xd22af7d2, 0xf7d235f7,
    0xf903d43a, 0x157df734, 0x5e5d5169, 0x9b44684d, 0x9a419c41, 0xaba3a5a0, 0xfb08aba1, 0x8ff1f74d, 0xfb1bfb1d, 0x71f7062a, 0xf715acf7, 0x35fb3735,
    0x4e22f806, 0x08138215, 0x1bf73a80, 0xfb7cfb07, 0x1bf7151b, 0x1bfb35f7, 0xfb04f807, 0xfccc156a, 0xa59b079d, 0xa398a69a, 0xf818965e, 0xfb95f764,
    0xadf7df83, 0x49eafdcd, 0xfb37a2f7, 0xf795fb71, 0x6f7e069d, 0x6d776d79, 0x4aabfb08, 0x69067ff7, 0x6b5d675b, 0xde7bdf68, 0x2979d979, 0x780efb68,
    0x97822cfb, 0x9170977b, 0x9b51f775, 0xf7a828f7, 0x12f7c203, 0x6702f76b, 0xc5c96adc, 0x22a93c18, 0xa908fbaa, 0xc0b8b5c4, 0xd182cdaa, 0x5bbd8808,
    0xba13f7bf, 0xb2b4b4b3, 0xbfaeb4b4, 0xbdc9bcc1, 0xf712c1bb, 0xcd7ecf0a, 0xca84cff5, 0xf7d101f7, 0xd260cc26, 0x80ea2113, 0xddf8c4f9, 0xc93cfb15,
    0x27fc1d24, 0xf7c9154d, 0xfc074d39, 0xf715c91c, 0x33fb4d33, 0xf777f706, 0x39f71534, 0x0639fb5b, 0xfb166ef8, 0xb1f7bb83, 0x55f2fdc1, 0xfb5ba6f7,
    0xf935fb77, 0x19fb0695, 0x6a1543fc, 0x5a746171, 0x5d9d5579, 0x08a569a2, 0x0015be13, 0x153df770, 0xfb62d9f7, 0x840ab2d9, 0x06210806, 0x32fbf2f7,
    0x8ffb1d21, 0x99989a06, 0x08999898, 0x5ff799f7, 0x93063afc, 0x93969397, 0x5af80897, 0x080c82bf, 0x9197919c, 0x4b969198, 0x446b189d, 0x5a504956,
    0x94929592, 0xa14b9491, 0x313f5f18, 0x97553733, 0x94749f80, 0xaba0a97d, 0x08a6a8a3, 0xf7cdaefb, 0xa19f07ee, 0xa19ca09c, 0x77a3809a, 0x9ea08095,
    0xa4a0a1a1, 0xf73bfb08, 0x5d570706, 0x6e376238, 0x779f8297, 0x99af7f94, 0x9cac9aaf, 0x74b072a9, 0x773e78b5, 0x84367e34, 0x10601308, 0x987d9500,
    0xf27a9176, 0xe69df397, 0xf06de2ab, 0x9381f179, 0x97a29a9b, 0x35913598, 0xc99d3e98, 0xafb1bfa9, 0x06fd08bc, 0x66151ff8, 0x45493b51, 0x7d829862,
    0x7e977d09, 0xd5dfb9d5, 0x0e08d2bd, 0x46f9d057, 0x49f712d5, 0xd858f7d7, 0x28f7d47e, 0x13cfc6d9, 0xf949f7ec, 0xcbfc15a1, 0xf881f8d7, 0xd981fc75,
    0x1307cbf8, 0xfbfffbf4, 0xfb82153b, 0x52fb7df3, 0x99350ffc, 0x926da07c, 0xed24f878, 0x966cf7a5, 0x13080df8, 0xcffb7eee, 0x078cfb15, 0xeb76a939,
    0x0646f71e, 0xf7b0a2e5, 0x771f942f, 0x7a976c90, 0x1afb0898, 0x5b788486, 0x063afb1b, 0xa990815a, 0x078bf71f, 0xf7c4510e, 0x32f8a092, 0x63cd66d2,
    0x62f812b3, 0x72d1f4d2, 0x8fd4d5d0, 0x809613c8, 0x66f9a9f8, 0xfcb9f715, 0xa3f8d461, 0xa3fc49fc, 0x13fb06d2, 0x77152afb, 0x61d068c3, 0x8e1308d4,
    0x10f7ba80, 0x9e27f7ae, 0x13083cf7, 0x995c80e5, 0xfb05887d, 0xa7f744b9, 0x00fb7c06, 0x306c2772, 0xd259d25e, 0x6652ca5b, 0xc63fc518, 0x5834bd31,
    0x294a0dfb, 0x7e9c4b43, 0x7a9871a4, 0xe1c7cbcf, 0x51a9f6bd, 0x5e9a55a4, 0x4951f808, 0x92827115, 0x85f71fa6, 0x80d61307, 0xc699064c, 0x1ac1c690,
    0xfb4554f7, 0x2efb0753, 0xfb50fb6c, 0x1e13fb8e, 0x6ea2819a, 0x13087c93, 0x3cf740d5, 0x0df7d9e2, 0x080df7ad, 0x4a0777fb, 0x1ecd78a6, 0x95e006df,
    0x9431f7b3, 0x7390791f, 0x08997894, 0x858722fb, 0x0e1b6b71, 0xeef8c44d, 0x12cdc4cf, 0xf7d254f7, 0x05f7d350, 0xe7d064d3, 0x13c887d5, 0x9ff800fd,
    0x6c08dd83, 0xd562fcc7, 0x59fca4f8, 0x06d3a4fc, 0x55f86afb, 0x64b07915, 0x52b065be, 0x64af186a, 0x679d54b1, 0x1cfc1d73, 0x46a17815, 0xbab466db,
    0xa7d7b4ce, 0x9ba663d7, 0x47a9fb1d, 0x510685f7, 0xfb2112fb, 0x96462611, 0x91669b7d, 0xb2a8b276, 0x08b4b1af, 0xf8d217fc, 0x5eae0740, 0x6d9f52b5,
    0x00fb1308, 0x75fb33f8, 0x92836e15, 0x8af71fa7, 0x08758207, 0x9a065929, 0xc2c590c8, 0x4358f71a, 0xfb0756fb, 0x51fb6d2f, 0x16fb8ffb, 0xa37f9a1e,
    0x087b936f, 0xf780fa13, 0xf4d9da29, 0x8208f6b3, 0x25d982fa, 0x06e61ecf, 0xd98497e0, 0x73907824, 0xd9827995, 0x86235608, 0x1b697186, 0xf7d3420e,
    0x15f7ce2d, 0xcf12f7cc, 0xaa6ccaef, 0xd655f712, 0xf7d56ff7, 0xfb13d680, 0xf7c5f880, 0x15f7156f, 0x15fb80f7, 0x16adfc07, 0xb78db891, 0x6ff71ab3,
    0xf70615fb, 0x157cf820, 0x666e6975, 0xfb086e6e, 0xaca906ae, 0xada4aca7, 0x3cfb3b08, 0x081e8215, 0x6ffb1223, 0x16a5f806, 0x12f780fb, 0xd60680f7,
    0x84fb15cf, 0xb4b20aa7, 0xb6a4bbb0, 0x80cb1308, 0x877fae5a, 0x08348205, 0x959e963e, 0x399d959c, 0x2759189a, 0xfb0dfb2c, 0x809c3019, 0x799873a4,
    0x9fa49fa6, 0xfb08a1a4, 0x0efb0747, 0xfb30fb7e, 0x1e03fb02, 0x6eaa829a, 0xcdce7c95, 0xe19fe0af, 0xfb82f708, 0x63f7d563, 0x5b089582, 0xcf7c0618,
    0x8a4f7a1d, 0x961f4c8d, 0x8e6b9877, 0xc2dd0876, 0x1fab978c, 0xa19698aa, 0x470e1ab7, 0xf79f78ca, 0xc676cc0b, 0xc37bcbdf, 0xc67ec5d6, 0xca72c6f3,
    0xcb04f712, 0xcae5c1e3, 0x5ad185f7, 0x13d1d8bc, 0xd2f7b855, 0xf7156ef7, 0x18fbe518, 0x167ffb07, 0xae8cae8d, 0xe3aa1aaa, 0x850b0d82, 0x156bf8da,
    0x647a687f, 0xfb086d7b, 0xab9d061a, 0xaf9baf9b, 0x37fbf308, 0x0cfbe515, 0x22fb0631, 0xe3150cf7, 0x06330cfb, 0x47f7bbf7, 0xa2062315, 0x9cbea2b5,
    0x22a85eb7, 0x061efb1d, 0xa493a493, 0x9948a492, 0x0efb6c18, 0x450afb54, 0xa8819a3e, 0x92809575, 0xf7949394, 0xfb840a3d, 0x1e224828, 0x79a8859a,
    0xceb78095, 0xe095e2a0, 0x4bfbec08, 0xe54bf7c1, 0x4ba21306, 0x0a3e2afb, 0x8c8b6f82, 0x79951e68, 0xbd1da892, 0x9f978caa, 0x9197a11f, 0xf81aab9e,
    0x155ff918, 0x8308fb84, 0x847e815d, 0x7d8a8382, 0x667e088c, 0x1f638f8b, 0x71917a95, 0x89b4788d, 0x8da08ab4, 0x929c8da3, 0xa3a09b98, 0xf793cb94,
    0xfc1da538, 0x1d384c37, 0x3b642d7a, 0x7f995e26, 0x7c93739e, 0xb9c30af7, 0x09f79eec, 0xfc87f708, 0x281315b3, 0xf742fb04, 0xcb29f70e, 0x45ea29fb,
    0x9306352c, 0x91a692a5, 0x18984ca6, 0x386d377a, 0x849b535f, 0x82977ca8, 0xac9ca69f, 0xf708b09a, 0xfb0efb02, 0x5ef74a5e, 0xf7d153fb, 0x0642f753,
    0xf7ca690e, 0xc9e9cb23, 0xccdcc9e2, 0xd455f701, 0x03d66af8, 0x40f774f9, 0xfc23fb15, 0x0723f76a, 0x158cfb42, 0x6af8b5d4, 0xc9f7d664, 0x9406fefc,
    0xeaf815e9, 0x06eafcc9, 0x29f7eaf8, 0x4deafc15, 0xfb06eaf8, 0x1564f78f, 0xb37997ae, 0xb563c461, 0xac754519, 0xa056af65, 0x52fc1965, 0xcc0dfa4a,
    0xb85c0e06, 0xb7b7b8cd, 0xbeb6b7b5, 0x5a21f758, 0xc6b581bc, 0xa1b8acb4, 0x12bc81c1, 0x8cc10cf7, 0xb0d258ca, 0x8ba373c2, 0xf7cd90cb, 0xf913d498,
    0x37f830d5, 0x13150cf9, 0x8420c104, 0x83638423, 0x8584087f, 0x1b818985, 0x8c8b8385, 0x17f71f80, 0x94075cfb, 0x91969396, 0x01130896, 0x0ef70089,
    0xfb1519fb, 0x1d27c60d, 0x12fb43fb, 0x9ea4c115, 0x062cf70a, 0xa0540213, 0x7d8e7d8f, 0x8aa6808c, 0x8c998ba7, 0x91998ca0, 0x9f9c9997, 0xf793c094,
    0x1d0df720, 0x9006b2fb, 0x8f948e95, 0x188d7f95, 0x1306aeb2, 0xf7401400, 0xafcb6704, 0xfbbc06f7, 0x604bb606, 0x4cb604fb, 0x5a0afb60, 0x066c0af7,
    0x1008c013, 0x5b788d75, 0x62515565, 0x9f839819, 0x997e9578, 0x97979896, 0x05f90897, 0x1d7b8afc, 0x1022f813, 0x06cd7bfc, 0x1520fb44, 0x7bf8a8d2,
    0x4cf7d46f, 0x93060bfd, 0xf9f815b7, 0x06f9fcb7, 0x15e1f9f8, 0xf85ff9fc, 0x02fc06f9, 0x951552f7, 0x9379957b, 0x23fc0879, 0xbeecf958, 0x810610fc,
    0x7da57ca2, 0xc1f7089f, 0x7a1591f7, 0x6864715c, 0x6dad676b, 0x08b775b3, 0xc116c2f7, 0x9507aafb, 0x93a296a2, 0x18984fa4, 0x3d57356f, 0x819b5649,
    0x829678a2, 0xa3a09ea2, 0x63a0a5a0, 0x6aaa67a6, 0x74546d5e, 0x7d977a4f, 0x7e92719e, 0xa5c4a1ca, 0xc008aebb, 0xd26cc961, 0x9d9d9476, 0x48999aa3,
    0x58a64e9b, 0xacb4b6af, 0x08caa0bf, 0xd643f80e, 0xf712d454, 0xecf7d663, 0xf7b013d8, 0x1532f9ef, 0xcb45b469, 0x5b5bb754, 0xd05dc218, 0x0860ac48,
    0x1597fc7c, 0x3cf87013, 0xf7427cfb, 0x07fafb31, 0x786f6e61, 0x7b981e7e, 0x77926b9e, 0xa1a7a09b, 0x18f74ef7, 0xaa7e9a85, 0x13089e86, 0xf7bcf8b0,
    0x91fb15d8, 0xfb3edbf7, 0x4092fbdb, 0x90fc92f7, 0xf790f8d8, 0xf80e0691, 0xf701d259, 0xe0f7d36e, 0x668203d5, 0x15393708, 0xc846af6a, 0x5d59b659,
    0xcf5ebc18, 0x0865ac4a, 0x1590fc86, 0x84fb2df8, 0xfb3cf744, 0x695c07e9, 0x1e7d7769, 0x719f7f98, 0x9e9a7b92, 0x52f79fa6, 0x9a8319f7, 0x6482a781,
    0x65f74608, 0x891513f9, 0xfb90e5fb, 0xfb90fbf1, 0xa27ea043, 0xf77a9874, 0xf7ceec19, 0x39f7ab24, 0xd220fbb0, 0x20f73dfb, 0xa19d972c, 0xfb99a0a2,
    0x5e1ef76e, 0xeb7dd1f7, 0xf28bef92, 0x0e08f28c, 0xfcf7d34d, 0xf7d396d2, 0x08f5823d, 0xf7d46435, 0xc2f7d631, 0x13d38ad4, 0xf9e4f7de, 0xb5691526,
    0xb956cc45, 0xc2185e58, 0xaa46cf5b, 0xfc8a0860, 0xfe131594, 0x7bfb42f8, 0xfb32f743, 0x6e5a07f9, 0x837c796a, 0x93703e95, 0x078c087b, 0x9fa59e9a,
    0x0af73af7, 0xa8809a83, 0xf7089f86, 0x152ffb61, 0xb3947e4b, 0x094e821f, 0xc2f7cb37, 0x54f8d457, 0xf84269fc, 0xfc90fb20, 0x0712fc0d, 0xf772ae2b,
    0x79f71e04, 0xf7dd1306, 0xf7b8a301, 0x751f9736, 0x79986b90, 0x21fb0898, 0x4d728185, 0xb7f70e1b, 0xd8d2e7d3, 0x63f701d3, 0xd6f1f7d3, 0xf9d7f703,
    0xb46d1527, 0xb756ca46, 0xc0185f5b, 0xaa48ce5c, 0xfc900861, 0x47f81598, 0xf7447bfb, 0x07fcfb33, 0x7d747562, 0x7b971e82, 0x7891699f, 0x9da39e9a,
    0x03f734f7, 0xa7829a85, 0xf8089e86, 0x155cf7cc, 0x84f791fb, 0xfcd36df7, 0xbb9b0620, 0xbf94bd97, 0x72189643, 0xfb5f1cfb, 0x9d394817, 0x9b7bad83,
    0xa5b4a980, 0x61c5a2bf, 0xfb84fb1d, 0xa3f743a3, 0xf8d603fc, 0x0691f703, 0xd1dcf70e, 0xcb53d2c2, 0x12d15bf7, 0xf7d34ff7, 0x44f7d17c, 0xf8de13d1,
    0x156ff9c5, 0x34fb44f7, 0x41be1306, 0x1ecf6e9a, 0x9f9f06d6, 0x1f988f8c, 0xa7889c88, 0x88089e8a, 0x7d89767f, 0x7b06471b, 0x1fa79488, 0xd0fb7cf7,
    0x410702fb, 0x17fb3875, 0x80991e4f, 0x7c946ea4, 0xd023f708, 0xe800f7ab, 0x787ffb1a, 0x47b36b15, 0x5bb755cb, 0x5cc1185e, 0x61ab48cd, 0x9dfc7a08,
    0x08638215, 0x68fb4021, 0xfb20f744, 0x6c5e07f9, 0x1e7f786a, 0x6c9e7d99, 0x9d9b7a92, 0x44f7a1a6, 0x998216f7, 0x8285a77f, 0x473309dc, 0x67152df7,
    0x4949553c, 0x55c24956, 0x08d767ce, 0x20d4fcf7, 0x455afc1d, 0x867d06be, 0x3cc330b4, 0x41194ad1, 0x336a365c, 0x9c7a9977, 0xea77906e, 0xdbb1e8a6,
    0xe653d6c2, 0x9572f162, 0x9ca89ea0, 0x35a02b9b, 0xe0ba43ad, 0xb2ebcfd3, 0x0e0810f7, 0x0bf8cd48, 0xcbd395d1, 0x5ff712d3, 0xd488f7d4, 0x13d566f7,
    0xf95df9de, 0xb0811543, 0xba79ca74, 0x9d187945, 0x944a9f5a, 0xd1fb0865, 0xb06c1597, 0xb85dc94a, 0xba185e58, 0xa94ac95c, 0xfc930864, 0xfe131586,
    0x76fb24f8, 0xfb2df743, 0x685e07df, 0x1e7e7668, 0x6ca37e99, 0xa0997a93, 0x48f7a2a4, 0x98841bf7, 0x9f86a580, 0xf8c5f808, 0xfcd31513, 0x25f743d3,
    0x8efb8607, 0xfb82fb7b, 0x9d15fb33, 0x9773a280, 0xde13087a, 0xb9f310f7, 0xf79d38f7, 0x72f7084d, 0x8afb8006, 0x74772d7d, 0x89818082, 0x78088c7a,
    0x58908b5a, 0x9277971f, 0xbe758c6e, 0xa78abe88, 0xa08ea88e, 0xaaa29d92, 0x98f697af, 0x0a67c1f7, 0x8e06b7fb, 0x8cbb8dbb, 0x650e08bd, 0xd1dcf7d1,
    0x3af7d2a2, 0x55f712d1, 0xd442f7d3, 0x82d61af7, 0xf9ca275c, 0x0a1cf72c, 0xac8389fc, 0xbdf73037, 0xa69f990a, 0xf73ff7a1, 0x7d9a8218, 0x089f84a8,
    0x31fbf7f7, 0x08268215, 0x59f7dcd5, 0xf759fbd1, 0xd16cf798, 0xf745b9fc, 0xfb26fd96, 0x4273f81a, 0x453573fc, 0x1d93f0f8, 0xd6f7ec41, 0xadd2b2d0,
    0xf7c112d2, 0xf7d24464, 0x0af7d071, 0x13d44ad5, 0x3cfa8076, 0x761542f9, 0x61c55bb1, 0x186c58b5, 0x4fb95fb5, 0xfc08639f, 0x6c15a5c7, 0x57c84bb2,
    0x185f5ab4, 0x4cca5fbe, 0x860862a9, 0xf815a9fc, 0x7a130745, 0x4464fb80, 0x00771306, 0xf9fb1df7, 0x706e6006, 0x991e7f78, 0x916c9d7c, 0xa59e9b78,
    0xf73df79c, 0x829a8407, 0x089e87a7, 0x4bf748f7, 0xfbd0e815, 0xfbf3469e, 0x7f5d068e, 0x83698061, 0xde18459f, 0xaa02f7a4, 0xcd81aaf3, 0x63806418,
    0x08816680, 0x4ff828f8, 0x63fbd215, 0x8acc8807, 0x08d18acf, 0x448c0641, 0x4a8e488d, 0x82ddfb08, 0xf6250967, 0x06e0f780, 0xba0afc9d, 0x0ff793fb,
    0xb1b10888, 0x9f3bf7b5, 0x6b927e1f, 0x859a7d9d, 0x7a537f2a, 0x648e4d8c, 0xf77b76f7, 0x410e08c6, 0xc814f7d1, 0xefc700f7, 0xedc84ad3, 0x4ef712d0,
    0xd040f7d3, 0xf7ce3ff7, 0xef13d513, 0xf9c7f7c0, 0xb46f1532, 0x01f8c74d, 0x158bfc0a, 0xf8001213, 0x4368fb2c, 0xe9fb20f7, 0x6d6d5f07, 0x981e8079,
    0x926c9e7c, 0xa69f9979, 0xf73cf7a0, 0x7e988512, 0xf79e86a8, 0xc8f71d04, 0x2015a1f7, 0xd1f63ffb, 0xfb3ff70a, 0x4ece0700, 0xfb21f815, 0xd05efcc7,
    0xf8a807c8, 0xb59f15c8, 0xb79bb69d, 0x60189f40, 0xfb4512fb, 0x9e3b3a12, 0x9973aa7f, 0xb3b7b37e, 0x08caaec3, 0x7e0608f8, 0xfb7a33fc, 0x08686b30,
    0x8880807d, 0x55731b79, 0x1f4f908c, 0x6d947698, 0x88c1758d, 0x8fab8ac3, 0x94a08eae, 0xbcb2a8a1, 0x9b32f799, 0x28f76bf8, 0xf7cc650a, 0xcfddcc47,
    0xccabd2ac, 0x12ce04f7, 0x4564f7bb, 0xd228f7d1, 0x74d2b7f7, 0xa0fd13d4, 0x29f9c2f7, 0x46b46c15, 0x5bb756cb, 0x5bc0185e, 0x056744cd, 0xf815993d,
    0xfb0aa346, 0x13064464, 0x1ef7a0d1, 0x6206fefb, 0x817d7576, 0x9e7b971e, 0x4479916b, 0x9a0806fc, 0x829a8406, 0x089e87a8, 0x15b04bf8, 0xe7fb47fb,
    0x440747f7, 0xd215affb, 0x67e7f7b2, 0xfcedf7d4, 0x2c130677, 0xf70df840, 0x618715b2, 0x5f855986, 0x0660fb08, 0xba96b395, 0xf708bc96, 0x151cfb87,
    0xd493cb93, 0x9056ca8f, 0x4dfb0a7d, 0x93b19406, 0x08ae92b2, 0xfcceb4f7, 0x0a9ff7c9, 0xf94739fb, 0x0e06cf0d, 0xf7ce52f7, 0xd2a2ce00, 0x1ef7cc87,
    0x51f712cc, 0xd13af7d3, 0xf7d20ff7, 0xde13d413, 0xf8c6f980, 0xd5fb15df, 0xd5f71ef7, 0x15ccd406, 0xa0fb64fc, 0xfc0664f8, 0x821ff7dc, 0xca473bd2,
    0x5c5ab856, 0xcd5cc018, 0x0861aa49, 0x1599fc90, 0xf880ef13, 0x446afb47, 0x3d4522f7, 0x1e812f06, 0x689f7c97, 0x9d997992, 0x33f79ea4, 0xcf8203f7,
    0x8286a721, 0xe19908cf, 0xfbce15a6, 0xdf1307ab, 0x8eac9180, 0x08b28eaf, 0xfcce78f7, 0x70f7489b, 0x87648806, 0x086a8667, 0xf74886fb, 0x276a0676,
    0x2cfb4946, 0x9d7e9b62, 0xf779936e, 0xd2d7b92d, 0x20c2f1b4, 0x0ff73fe3, 0xa19f9465, 0xfb989ca8, 0xd430ab12, 0x0e08f15c, 0xcff7d14c, 0xb9d3cace,
    0x56f712ce, 0xd309f7d5, 0xd4e5d5c1, 0xcd9fd5ba, 0xf780ff13, 0x1529f9d2, 0xcc46b56c, 0x5e5aba56, 0xcd5ac018, 0x085faa46, 0x1575fc8d, 0x6ffb21f8,
    0xfb25f743, 0x665f07df, 0x1e7d7669, 0x6a9f7c9a, 0x08aa8293, 0xf7a2a79f, 0x831df74e, 0x85a87f9a, 0xf7d708a1, 0xe6f715ff, 0xe6fb49fb, 0xfcd3f706,
    0x87731512, 0xf71fa58f, 0xf70df7b1, 0xa70724cf, 0xa5cba8bf, 0x18a43ec5, 0x39674f78, 0x5d08526d, 0x7ca7cb1d, 0x63d264b9, 0x714c19bf, 0x43b056b2,
    0xfb195d9a, 0x33cffb18, 0x36fb7f1d, 0xfb0afb69, 0x7f9b4c3a, 0x7994709f, 0xb4d74df7, 0xf79a1af7, 0xfbe50852, 0x9d3f06b2, 0x131ed474, 0x06eec0ff,
    0xf7ad9ecb, 0x761f9215, 0x7b976e90, 0x89210897, 0x1b737b86, 0xe2ca430e, 0xd8bfdcc1, 0x48d2c0c5, 0xcac1d1c4, 0x08e282c4, 0x32f7d336, 0xd40bf7d1,
    0x13d20cf7, 0xc9f7f0f7, 0x6c152ff9, 0x57c947b3, 0x185f5bb7, 0x4acd5cbf, 0x930861a9, 0x131599fc, 0x3ef8d0f8, 0xf74471fb, 0x07fffb29, 0x786d6f5f,
    0x09063643, 0x9e9a7ad4, 0x3bf7a1a5, 0x998315f7, 0x9f86a77e, 0x6112f708, 0xccf7dc15, 0x66f7073a, 0xccfb3e04, 0x13f807d8, 0x59fc15c5, 0xf7d170fc,
    0x45ccf72e, 0x1e7c1da0, 0x8b5b8a7f, 0x78948d58, 0x798e7095, 0x8cb78ad2, 0xa60896a8, 0xb19e9396, 0x2007131a, 0x8ff853fb, 0x66f7d115, 0xca66fbc1,
    0xfbc484f7, 0x3d42d984, 0xf7527afb, 0x62fb4c7a, 0x4562f755, 0xf85298fb, 0x0e07c4ee, 0xf7cd4ef7, 0xcc8dd35d, 0xf712cae4, 0xf2f7d053, 0x13d35ed4,
    0xf8f4f9bc, 0xbaa2151e, 0xcd9fd6a5, 0x1d22985c, 0xf7e454fb, 0x63fbca63, 0xfb2f42e7, 0x61f74c61, 0x4a86fb32, 0x7d0675f8, 0x7e607a60, 0x4afb086b,
    0xa86b157c, 0xa558b34d, 0xbf186669, 0xaa61c76f, 0x6cfb086c, 0x6fc01595, 0x0a57f7ca, 0x2b08a558, 0x6b159ff7, 0x55c745b5, 0x185b5cb8, 0x4bcd5cc1,
    0x8a0862ac, 0x131590fc, 0xfb37f8ca, 0x27f7436c, 0x5a07fefb, 0x7d7a6b6d, 0x9e7f971e, 0x997c9372, 0xf7a0a4a0, 0x8215f730, 0x84a87e99, 0xe6f8089e,
    0xfbcd1594, 0xb3930787, 0x1ab0b28d, 0xfb430cf7, 0x8966070a, 0x1e628063, 0xf749a9fb, 0x3f640691, 0x2dfb403d, 0xa07e9b50, 0xf7799470, 0xebdfd54a,
    0x8c08edb0, 0x54dd153d, 0x57bb3aed, 0x5b18bbb9, 0x3cd726c0, 0x410e08c0, 0xf7c3e5ce, 0xc3ddc30c, 0xc3aad28b, 0x12ce06f7, 0xf7d34ff7, 0xc5c9cd11,
    0xc5b5c8bb, 0xf713ced6, 0xf9caf7f8, 0xb46c152d, 0xb755cb47, 0xc1185e5a, 0xaa48cc5d, 0x7cf70860, 0x531534fb, 0xfbc3dbf7, 0x04f7f11e, 0xdf04fbc3,
    0x5321374e, 0xf20725f5, 0xf70aa2f7, 0x1559f9f3, 0x06fcadfc, 0xfb872c06, 0x1e257003, 0xa0829a83, 0x54439986, 0xf8ef1318, 0xd74733f8, 0xecdc0a05,
    0x64675707, 0x981e7b77, 0x9471a380, 0xa39b997e, 0xf318f7a0, 0x5f785d7c, 0x849a636f, 0x7f9777a6, 0x1cf7ec08, 0xf764f799, 0xc4f71a2d, 0x5bfd28f8,
    0x86857c07, 0x7d1e8a7d, 0x578e8a5c, 0x9678951f, 0x08788e6c, 0x978cb6d2, 0x98a51fa6, 0x1ab49f94, 0xf8cd480e, 0x00f7c430, 0x01c5d8c5, 0xf7d137f7,
    0x21f7d3db, 0x7df703d4, 0x1d9568f8, 0x750799f7, 0x67676e62, 0x28f7086c, 0x791587f7, 0x746e7671, 0x8dfb0875, 0xa8a4a806, 0x08a5a3a5, 0x87fb53f8,
    0x06aefb15, 0xafa3aba9, 0xf708b3a0, 0xfba40663, 0x62531549, 0x65405431, 0xbe59be69, 0x9091b648, 0xf732f818, 0x069cfb73, 0xb1a8aca7, 0xac59ae9f,
    0x6efb1d90, 0x999e9a06, 0x3e9e989c, 0x3955189b, 0x1afb2927, 0xa1819c43, 0x9f7b9672, 0x9e969e97, 0x36fb0898, 0x40073cf7, 0x296b315d, 0x9d7d9874,
    0xed7c9270, 0xd8b0e8a7, 0xa27aa4bd, 0x38799f7b, 0x5423fb50, 0x997107fb, 0x94739e7e, 0xa903f77c, 0xe4c61df7, 0x799a08cc, 0x79967a99, 0x4afb3926,
    0x6829fb3e, 0x719f7e99, 0x1cf77995, 0xd53cf7b3, 0xa6df02f7, 0x644d7e44, 0x767c0872, 0x1b708974, 0x8f8c6875, 0x77971f66, 0x778c6f93, 0xaaab8908,
    0xb51ba28a, 0xac91a98c, 0x9db5cea3, 0x9df45af0, 0x9d949e93, 0xdd2db695, 0x08f704fb, 0xa29f9551, 0xfb9a9ba7, 0xec3cba05, 0xa6bce163, 0xa6b6a8bc,
    0xe6f80e08, 0x01cec6cf, 0xccddc9e7, 0xf703ccda, 0x1565f92e, 0xaafc76f7, 0xfbedf8cc, 0xc9f0fcf5, 0xf827f706, 0xfb4a1569, 0x14fb06a0, 0xfb47fb7e,
    0x9b1e2349, 0x95749f7e, 0x53f7087d, 0xf7a10cf7, 0x1a29f754, 0x1594fb80, 0x3dc252b6, 0xb1c25da5, 0x53b87018, 0x08c25fd5, 0x46f867f8, 0x30fb7a15,
    0x5a0efb69, 0x63e0562a, 0x98f46eed, 0x95a897a7, 0xd5f708a9, 0xbefbcf16, 0x98bc9a07, 0x47be96be, 0xfb6d189a, 0x2bfb572e, 0x7d992944, 0x7d946ba2,
    0xa0989d97, 0x28aba098, 0x3dbf2fb4, 0x51493b55, 0x8099623c, 0x7b9370a2, 0xc4cdb4d6, 0xc308d9c1, 0xd84fce42, 0x9f9b9762, 0x3a989aa5, 0x50c945b2,
    0x02f7c8d9, 0x9f22f7b5, 0x0e084bf7, 0xcfcad358, 0x17f7cdef, 0xf7cd5acd, 0xf74acc13, 0xcd04fb44, 0xd2d1f112, 0xf7cf56d2, 0x66f7d36f, 0x13ce81d3,
    0xd2f9b8f4, 0xfb1597f8, 0x06d9fbae, 0xe875a637, 0x0643f71e, 0xe0b4f413, 0x21f7b0a0, 0x91761f95, 0x977b966d, 0x870bfb08, 0x1b617783, 0x5b0637fb,
    0x1fac9084, 0x130797f7, 0x66f7b8f1, 0x01f8d372, 0xf74900fc, 0x89fc06b8, 0xf7156bfc, 0x36fbcd36, 0xb8ec1306, 0x40f728f7, 0xec1307cd, 0xf74ffbd8,
    0xcc35f713, 0xea131d66, 0x4403f7d8, 0x032a1284, 0xf74a39fb, 0xfb13fb39, 0x0f824953, 0xf7b87e08, 0x060ffc65, 0xbd6cad61, 0x78f7d475, 0x92412e0a,
    0x0e1f51a1, 0x47f7d465, 0xf7cd89d1, 0xcc47d120, 0x53d431f7, 0xcce412cc, 0xd0d7cb4b, 0x385bf746, 0xf7d4cacf, 0xca13d09d, 0x0a4ff7dc, 0xf7dcaa13,
    0x15a5fb25, 0xf7acaa13, 0x1306cd16, 0x16fb5cab, 0x07f722f7, 0xd9fbc4f7, 0x21f7c4fb, 0x130627fc, 0x773fdcd4, 0x4bd7f705, 0x5707e6fb, 0xf2459e7e,
    0xb323f7a8, 0x19b01bf7, 0x7f5fcc82, 0x08018260, 0x98f81943, 0xfb1514f8, 0xf79dfb60, 0x59fc0760, 0xf747f704, 0xfbecf7e2, 0xf82ef7e2, 0x61fcd418,
    0x74f8cbfd, 0xf70e07d4, 0xcd8ecdb2, 0xc981ccd0, 0x4ccd0bf7, 0xced90a63, 0x4350f748, 0xf7d2bbcf, 0xa513cfb9, 0x338a825c, 0x38fca1f7, 0x61806015,
    0x08816280, 0x13074bf7, 0x0df72ca6, 0xa6279182, 0xf70dfb5c, 0x8809f71e, 0x06292291, 0x088e823d, 0x1307dee8, 0xfb4ddc58, 0x7f5706ed, 0xa6f2469d,
    0xf7b21ff7, 0xf119ae19, 0xf7156ff8, 0xfb10fbb9, 0xb9f706b9, 0x1d7dc5f7, 0x0bf7b9fb, 0xfc06f807, 0x66631526, 0x69565d4d, 0xbd78b873, 0xf708c07d,
    0xfc49f85f, 0x0676fd44, 0x7b767662, 0x7c971e83, 0x7b916d9b, 0xfb0a4df7, 0xf7056045, 0xbb07ebdc, 0xfbe459fb, 0x412af72d, 0xa8a19f95, 0xac3e999c,
    0xd25bc34d, 0xb8ceabc2, 0x0e08b4bd, 0xb1f7ce4e, 0xcb11f7cd, 0x12cb44f7, 0xc34fc9e5, 0xf74dc9cb, 0xf7cb473d, 0xcf47d438, 0x19f7d1e1, 0xb8f613ca,
    0x5bf905fa, 0x5b477115, 0xc050672b, 0xc2b2186f, 0xd4b2e5bb, 0xfb2dfc08, 0xc67e154d, 0xcc60e267, 0xb4187251, 0x9633af48, 0x7a13084f, 0xf7dbfb80,
    0x35f71596, 0x1d6644fb, 0x29fc89f7, 0x6c0ffb15, 0x0749f705, 0xf6004113, 0x1f8206cd, 0x11f72023, 0x0afe82f2, 0xc4fbb340, 0x17fc0ef7, 0x20441306,
    0xf7057b4b, 0xe6fb53d9, 0x9b7f5607, 0xf7a5ec47, 0x10f7ac15, 0x21f719ac, 0x7615e7f7, 0x748a768b, 0x465f461e, 0xb46f5c5f, 0x40131848, 0xbbacb740,
    0x7eb1bbaf, 0xfb620afb, 0x4b18fb0a, 0x70a17e9a, 0x13087d95, 0x56f73880, 0xf79d00f7, 0x1a46f765, 0x074738f8, 0xd3fd8ef7, 0x92877515, 0xa0f71fb0,
    0xc65dc207, 0xbc65ab54, 0xb76418bf, 0xba4ece3b, 0xf8187d7c, 0xa7fd4562, 0x749e3307, 0x06e91ecf, 0xf7b39dc7, 0x761f9204, 0x7a987290, 0x88300898,
    0x1b787287, 0xd1abf70e, 0xd0bdcf88, 0x47cf0af7, 0x89f712d0, 0x41f743d3, 0x53f8b413, 0x1d9481f7, 0x74130574, 0x130718f7, 0x06cff072, 0xf7267413,
    0x2bfb432b, 0xd0ab0629, 0xe1a5ddaa, 0x0649f708, 0xfbd06c13, 0xac940734, 0xac91ae94, 0x85189a43, 0x82648364, 0x1dfb0865, 0x731d2946, 0x80477439,
    0x7c607973, 0x94877a6b, 0x8f6a9579, 0x9393087c, 0x1bae91a9, 0x3f1d52e3, 0x547f447e, 0x18429b83, 0x05af4ef7, 0xf7d360fb, 0x1af7076e, 0x8cf805a6,
    0xd015b7f7, 0x1307b2fb, 0x96b296b4, 0x08b296b3, 0xfbcf6ef7, 0xb096065c, 0xac94b093, 0x82189542, 0x80648166, 0x48fb0862, 0x801d3a47, 0x7f638064,
    0x3afb0864, 0x0627f746, 0x4a774675, 0xf7085878, 0x5a6806b3, 0x55624f60, 0xa168a269, 0x5b5c9e6a, 0xf74fef18, 0x50c5300a, 0x6e18c5bc, 0x5aad60a8,
    0xd0ddcaad, 0x57d3bdea, 0xfb1d90a6, 0xae960682, 0xb497b296, 0xf7430e08, 0xd34cfb50, 0xcb61d0a0, 0xcbe8cb51, 0xeec804f7, 0x12c7e0c7, 0x68d2bef7,
    0xd460f7d1, 0xd34acc4a, 0x13c569f7, 0x22fab04f, 0x741545f9, 0x5ec154b0, 0x186956ae, 0x54c064b8, 0xfb0866a2, 0x1593fca3, 0x854d8550, 0xe8088650,
    0xfbcb32f7, 0x3a45dc32, 0xa0071efb, 0xa0b2a1ac, 0xd7f708b3, 0xf2bafbc8, 0x9e42a60a, 0x7e6a8118, 0x086c7d6a, 0x504e20fb, 0x7e6a7a1d, 0x7b7f8370,
    0x7c777c70, 0x95799488, 0x087c8f68, 0x91a99493, 0x16f71bb4, 0xb0571306, 0x67130728, 0x2e8224b0, 0x93864483, 0x10821846, 0xe593d335, 0x0895ec94,
    0xfbb08713, 0x1307d110, 0x16f7a44f, 0x8291c707, 0x92420801, 0xf890f708, 0x2d72153b, 0x385d2e65, 0xf77de379, 0x10f78401, 0xc797f708, 0xd04f1306,
    0x88069bfb, 0x8cd68ad1, 0x064208d9, 0x8f3f8d3f, 0x89fb1e44, 0xc744f7e0, 0x44db44fb, 0x4f52fb3b, 0xfb3652f7, 0x29824f85, 0xf8aafb09, 0xfb9506c3,
    0x20fb9e32, 0x465b20a9, 0x5e4c4f52, 0x75a27e9c, 0xb5c07b96, 0xc2b7bcbb, 0xbcb03608, 0xd01bcc59, 0x29f7b8a3, 0x92791f97, 0x9c7c9972, 0x8509fb08,
    0x1b726081, 0xe1bb6660, 0xf1cc1f6f, 0xae0af7be, 0x0e080ff7, 0xc851c844, 0xddc31ff7, 0x83cf9dc4, 0x78c8cdc7, 0xc4987e9e, 0xf7bd12cf, 0xf7cc8d3e,
    0x1df7c815, 0xd0c5c3c9, 0x5f7613c7, 0x84f7fff7, 0x05793f15, 0xf7500813, 0x3ccfda0f, 0xfb4a29f7, 0xa4073429, 0x9fdda4d0, 0xcf1d76e0, 0x60081306,
    0x920628fb, 0x90af92af, 0x189646ae, 0x64856387, 0x24086484, 0x7b06e447, 0x82487739, 0x7f5f7d71, 0x93867b6b, 0x8e6a967b, 0x2813087d, 0xa8949418,
    0xd91bab91, 0x48061efb, 0x5b7c4e7c, 0x18469b82, 0x99c296ba, 0xfb089ac5, 0x7cf7cc6b, 0x05a0dd07, 0x159600f7, 0xf80cb413, 0x5bf70a0a, 0x98fb15c7,
    0xf7c8aefc, 0xfb1df761, 0x0a480616, 0x8c8b7182, 0x79941f6c, 0x798d7193, 0x8caab608, 0xa01f9f96, 0xab9d9096, 0x0342131a, 0xf7914bf7, 0x3cfb0a77,
    0x13158cf7, 0x224b0801, 0xfb290ffb, 0x7c9d530d, 0x7a95749f, 0x9aa599a7, 0x13089da6, 0xf8610102, 0x00130703, 0xa3bb8c84, 0xa67da57c, 0xf70aaaf7,
    0xbb120ae2, 0xc6501cf7, 0xd048d083, 0xc0c13df7, 0x8cc5f2ca, 0x74a413d1, 0x56f943fa, 0x7c061d6d, 0x75be71b2, 0x18794eb3, 0x619f689d, 0xfb086899,
    0xd7f74b23, 0x28491306, 0xfb0ab7f7, 0x1517fb95, 0xf796dfa8, 0x55ee8916, 0x7e291891, 0x3f7013fb, 0x09f8831e, 0x7e062215, 0x75bc73b0, 0x18794db2,
    0x629e6b9b, 0xfb086998, 0xccf74b1a, 0xfb4cfb06, 0xb889154a, 0xc078d07c, 0x0a27f754, 0x8dfb86f7, 0x1307ca15, 0x0cfb4050, 0x15f70bf7, 0x9d0638ca,
    0x9ccd9cbc, 0x189a4dc3, 0x3c775481, 0x1308577a, 0x50fb0012, 0x2282064c, 0xfb16f725, 0x820afb0b, 0x606d090a, 0x0aa8f794, 0x98f7aaf7, 0x7848fb15,
    0x35fb43fb, 0x991e14fb, 0x9574a080, 0x45f7087d, 0xf7a020f7, 0x1a5ef752, 0x074c05f8, 0x57fc45f8, 0x072dca15, 0xcfa0bf9f, 0x9a4cc39d, 0x75537f18,
    0x0854773b, 0x354c57fb, 0x04a0131d, 0x12fb23fb, 0xfb12f74c, 0x8cf7d18c, 0xfbca11f7, 0x0723f711, 0xded4490e, 0xd49ff7d1, 0xb812d3e2, 0xd44261f7,
    0xf7d8c3f7, 0xf713d767, 0xdff8ddf9, 0xaafb7e15, 0x7202fb7d, 0x80808071, 0x088c7988, 0x908b5474, 0x76991f50, 0x758d6b95, 0x8ac488c1, 0x8dad8ea9,
    0xa4a094a0, 0xf798b4ad, 0xe6f7990b, 0xb9fb0a49, 0x8dc08e06, 0x08c38cc1, 0x538a063e, 0x5788548a, 0x4361fb08, 0x7a065cf7, 0xfb5a53fb, 0x2a37fb32,
    0x74a37e9e, 0x44f77996, 0xf7c303f7, 0x69f79e44, 0xd2d4fb08, 0xfb0ac5f7, 0xfb131503, 0x064261fb, 0x18f7f713, 0x5f06c9fb, 0x565c5879, 0xf70abaf7,
    0xf7ef1b16, 0xd18f924b, 0x98a28c1f, 0x08a094b2, 0x2cfb287f, 0x1b0ffb82, 0x933509fb, 0x681f49b5, 0x779f76a1, 0x620e0898, 0xf7d4ccd2, 0x0ff7d176,
    0x53f701d2, 0xd55bf8d4, 0xf763f903, 0x847a1554, 0x1e8a7785, 0x8d8b4577, 0x76961f43, 0x768e6a97, 0x8dc8e908, 0xae1fad97, 0xbda19896, 0xf71ff81a,
    0x1efbd21e, 0xfb4143f7, 0x4414fc43, 0xfb0714f8, 0x088982e5, 0xc74dbe46, 0xca57a734, 0xbf6e18b1, 0xc859dd4b, 0xf72afb08, 0xba6d151c, 0xbd54d049,
    0xc2186552, 0xa742cb58, 0xfbad085c, 0x66fb151d, 0xfb1df745, 0x7a5f0698, 0x52565f56, 0xe3f745bf, 0xf780de0a, 0xf7eb1b0f, 0xd2909043, 0x9c08b282,
    0x9f95b097, 0xfb2a8108, 0x09fb8229, 0x3502fb1b, 0x1f4bb393, 0x9d76a069, 0x0e089778, 0x34f8d347, 0xf7d17fd0, 0xf712d131, 0xb813d34a, 0x9af905fa,
    0x4588fc15, 0xb90688f8, 0x6515d2fc, 0x15f73bd6, 0x6f4eec4d, 0xae58ac18, 0xfb52ac4f, 0xc01871dc, 0xb4ecbfd8, 0xeef708e9, 0x4510fdd1, 0x65065df7,
    0x782a5427, 0x7b6b7770, 0x94887975, 0x90659876, 0xb798a87b, 0xab08f88f, 0x71996f9b, 0xfc087695, 0x15c4f8c8, 0xc23bae63, 0x5d5ab052, 0xd962c518,
    0x0867b251, 0xfb92d813, 0x65fb1504, 0x08ba8246, 0x6006d033, 0x5a605a77, 0x1846be56, 0xc6bdbccd, 0xada11bad, 0x1fb3726b, 0x7fded160, 0xf71b0ef7,
    0x913df700, 0x8d1fce8f, 0x95b197a1, 0x248008a0, 0xfb832afb, 0x08c78205, 0xb5923788, 0xa2641f48, 0x9575a075, 0xd15c0e08, 0x88d411f8, 0xc742f7d0,
    0xd453f712, 0x42d42df7, 0xd45cf7d5, 0x47f9ad13, 0xfc156ef8, 0x1df8d41d, 0x07d04cf7, 0x5dfcbb13, 0x34f70699, 0x952bf707, 0xf79f3df7, 0xc24ead05,
    0x26bd1318, 0x7850fb6c, 0x088231fb, 0xfb0770fb, 0x45fb8116, 0x1e14fb34, 0x74ab839c, 0xf7d87e98, 0x2ff7a403, 0x0816f791, 0x42f759fb, 0x48b96c15,
    0x52be55d2, 0x56c21867, 0x5da840cc, 0xaacd1308, 0xc68215fb, 0x1cf74238, 0x5e06a9fb, 0x575f577a, 0x1848bd51, 0xc7bbbece, 0xaca01bae, 0xc6827069,
    0xdcd2ab08, 0x1b10f780, 0x9146f7ea, 0x8c1fd18f, 0x93b097a1, 0x2b80089f, 0xfb8328fb, 0x04fb1b0a, 0x4bb39237, 0x769f691f, 0x0897789e, 0xf8d15a0e,
    0xcebbd20a, 0x12c90cf7, 0x425cf7be, 0xd41bf7d4, 0xb7f9f613, 0x711596f8, 0x5c4c6344, 0x54b75556, 0x58b05bb7, 0x64bd1860, 0x5dc25cc2, 0x5e3f4e4a,
    0x7c9a703d, 0x7894709d, 0xbcdbadde, 0x55c8cbce, 0x63af58c2, 0x6518bfc4, 0x4bbe51b3, 0xc0d7cdc1, 0x06f7a9ea, 0x1d9b9c5e, 0x0cf70bfc, 0x9336f706,
    0xf79e4af7, 0xc64eac0e, 0x6d02fb18, 0xfb785cfb, 0xfb08833c, 0x0efb076d, 0x2b39fb80, 0xf58309fb, 0x98766108, 0x08f7e97e, 0x8e3bf7a0, 0xfb0817f7,
    0x1517f74a, 0xcf4cb36c, 0x6650ba5d, 0xc859ba18, 0x0862a844, 0x151bfbaf, 0x5cfbfa13, 0xf6130644, 0xaffb13f7, 0x5a7d6106, 0xbd585964, 0xb7c41847,
    0x1babc2b8, 0x736eaba2, 0xd2661fb7, 0x0bf780e2, 0x44f7ef1b, 0x1fd69091, 0xaf97a18d, 0x7f089f94, 0x842dfb26, 0xd108f883, 0xae913201, 0x9c6b1f4a,
    0x96789a76, 0xd5530e08, 0xf7d10bf8, 0xb363d128, 0x5cf7c012, 0xe413d343, 0x29f71dfa, 0x38c05415, 0xc6d032ce, 0xade5b8d7, 0x12f708f6, 0x06d9fbd1,
    0xb17e9ebf, 0xb76ec769, 0xa6754519, 0x9851a860, 0xbbfb1965, 0x064df845, 0x3f64326f, 0xc9394a59, 0xbd3fc936, 0xd9186058, 0xde4ae255, 0x2e40414a,
    0x6208fb53, 0x69a17c99, 0x0cf77c93, 0xd9caedba, 0xd944e1dd, 0x0857bf49, 0xd9fcd413, 0x6e15b6f8, 0x56cc4bb7, 0x186451b6, 0x49c85cc1, 0xbb085fa6,
    0x13151afb, 0x455cfbe8, 0xf7e41306, 0x06b6fb14, 0x65587b60, 0x44c05d5b, 0xbbbac318, 0xa11badbf, 0xb4756fab, 0xe1cf671f, 0x1b08f781, 0x903ef7f0,
    0x8d1fd990, 0x95b197a2, 0xda8208a1, 0x8430c608, 0xfb1b05fb, 0xad913400, 0x9e681f4c, 0x94769d75, 0xd25d0e08, 0x7ad113f8, 0xd249f7d2, 0xd552f712,
    0x41d52af7, 0xd5d5f7d8, 0xc0f9bb13, 0xfb155df9, 0xa5d5fb49, 0x072ff707, 0x90fb1ff8, 0xfcd7f715, 0x0775fb6c, 0xfb8010fb, 0x0cfb2c3d, 0xac839e1e,
    0x087c9975, 0xefd9bd13, 0x941ff7a6, 0x1d640df7, 0x32e51544, 0x10fb03f7, 0xbbca3ebe, 0xfbd85618, 0x330cf707, 0x06fc08e2, 0x6d156df7, 0x52d249bb,
    0x186653be, 0x40cc57c3, 0x13085ba8, 0x15fba9db, 0x4566fb15, 0xacfb1cf7, 0x577a5f06, 0xbd53585f, 0xbecf1845, 0x1bacc6bb, 0x706aaca1, 0xcf601fb4,
    0x11f780de, 0x45f7ea1b, 0x1fd18f91, 0xb096a18d, 0x8008a093, 0x069b422c, 0x9b420520, 0x06294405, 0xcd5b6809, 0x38f7c8ec, 0xb8d196c8, 0x12c7f0ce,
    0xf7d346f7, 0x1ef7d11e, 0xd51cf7d5, 0xf9c0ef13, 0x1544f7ba, 0x38f7f0fb, 0xfb06f0f7, 0xfb15c866, 0xf8b2fb64, 0xfbb2f780, 0xf712f766, 0xacfbceac,
    0xde0616f7, 0xc699d896, 0x18c8679d, 0xfb670bfb, 0x40fb7367, 0x937a937e, 0xd2798d72, 0xd792db8f, 0x0dfb0894, 0xf748b4fb, 0xdafb07b4, 0x6c1507f7,
    0x56cf49b7, 0x186354b9, 0x46ca5ac1, 0x13085ea8, 0xfbb2c0ff, 0x63fb1507, 0xfb1bf745, 0x796106c7, 0xe10ab2f7, 0x1b0af781, 0x9043f7e9, 0x8c1fd490,
    0x92ad97a0, 0x2b81089d, 0xd0f72afb, 0xc0a1620a, 0xaad14a0a, 0xf7d083ce, 0xcc6ad172, 0x30cc26f7, 0xd5f1f70a, 0x1ff7d48c, 0x60ad13ce, 0x3bf839f9,
    0x077bfb15, 0xd6749c41, 0xc906ec1e, 0x12f7ab9f, 0x90761f93, 0x977b976d, 0x86892408, 0x3b1b747c, 0x8f877206, 0x7bf71fa3, 0x07cc59f7, 0xfba0ad13,
    0xf726f7a3, 0x7afbcc7a, 0xfb411af7, 0x0609fb1a, 0xaa96a998, 0x9b44aa94, 0x61337318, 0x9c505632, 0x9878ab83, 0xa0a7a380, 0x08b19fae, 0x26fb27f7,
    0xf74aacfb, 0xfb7b0647, 0xfb2c6316, 0x7d9b562a, 0x7994709f, 0xbbcc3cf7, 0xf79e07f7, 0xbcfb0831, 0x0a6a6ff7, 0xae60b513, 0x131520fb, 0x56fb60b6,
    0xd5130645, 0xfb0ef760, 0x8443f7c1, 0xc06f31ba, 0xadc313f7, 0x72d179c5, 0xc61ff7a4, 0xc0ca9680, 0xe408c282, 0x45f7d2e8, 0x5cb913d4, 0x3ff8e5f8,
    0x1d4ad215, 0x46ed3dce, 0x9d9566e7, 0x979aa49e, 0xc725a92e, 0xf708d04c, 0xb0fbc685, 0x93e306de, 0x99cc97de, 0xfb18bd5b, 0x6dfb7109, 0x8447fb79,
    0x73937d92, 0x8dd67c8d, 0x92db90dd, 0xabfb3e08, 0x077cf750, 0x495cbb13, 0x2f4b2445, 0x9f7e9a6d, 0xe87a9473, 0xd1d2f0b0, 0x35f708d8, 0x13158efb,
    0xa992dcb8, 0xa991ab93, 0x5112fc08, 0x780608f7, 0x3d5f00fb, 0x99601bfb, 0x93729d7e, 0xc02ff77a, 0xf79fecbe, 0x1d27081a, 0x6c836a83, 0x24087182,
    0x8141831d, 0x087f7f6a, 0x8a828484, 0x5c7c1b79, 0x1f5b8f8c, 0x73927b95, 0x88bb798d, 0x8da48bba, 0x909e8ca5, 0x9fa29b9a, 0xf797bd96, 0xfd0aa809,
    0x15dff70f, 0xcd46bb6c, 0x450a11f7, 0x13085ba8, 0xfbae5cb5, 0xb5131521, 0x050b416c, 0xf75c7208, 0xf7c0fb0e, 0xd1610a43, 0xf7c617f7, 0xd383c80e,
    0xc9e6c9a6, 0xd34ef712, 0xf7c509f7, 0x38f7d430, 0x13d26bcc, 0xe1f8c0ef, 0x301580f8, 0x90073efb, 0x90ab8fa7, 0x79f708aa, 0xf7152df7, 0x38fb3038,
    0x77fc4206, 0xa1f7d415, 0xa0ef1306, 0x850659f7, 0x816c8542, 0x83848581, 0x088c7d89, 0x8f8b687e, 0x79951f66, 0x778c7292, 0x8bb089b2, 0x8da38d9f,
    0x2b9e829b, 0xbe959f9d, 0xb90cf792, 0xe6a0fb0a, 0xc0203782, 0x84084d82, 0x0620fb6b, 0xb3a4aba4, 0xa042b0a3, 0x6a647a18, 0x08657056, 0xb80631fb,
    0x6caa80a1, 0x19ac6eb9, 0x6ba5714f, 0x6c9860a5, 0x4d32fb19, 0xfb308ef7, 0x4684066a, 0x5180347e, 0x0661f708, 0x4c304654, 0x7f996227, 0x7d9574a2,
    0xc5deb5e9, 0xfb08d2c9, 0x15def7d0, 0xd354bb72, 0x6d4cc15d, 0xbf53b818, 0x085ca33f, 0xc0c0df13, 0xfb150bfb, 0x19f74361, 0x63069cfb, 0x5c615c7a,
    0x1846bd54, 0xc6b7b6cc, 0xaca11ba9, 0x050d476a, 0x10f78029, 0x47f7eb1b, 0x45d49091, 0xa032054d, 0xfb287f08, 0x0bfb832b, 0x3604fb1b, 0x1f4ab392,
    0xd4479e6a, 0x525e0805, 0xc7def7ce, 0xc6b8d197, 0xf74accdd, 0x58f7123b, 0xf7d0e6d3, 0x39f7d333, 0xc0db13d3, 0xa3f840f8, 0xfb33f715, 0x0633fb13,
    0x13f720f8, 0x39fb1d8c, 0x430713f7, 0xd31570fc, 0xde067bf7, 0xb940e34f, 0x18bdbb59, 0xd827c256, 0xf708c833, 0xfb8af769, 0xaef7dd81, 0x06aefbcc,
    0xf1c0d713, 0x44820743, 0xfb253308, 0x9ff74a9f, 0xfb78fb39, 0x0757f78a, 0x39283852, 0x7e9b6531, 0x7a9671a0, 0xd8e3b5de, 0xfb08e0c7, 0x15edf7c2,
    0xd246b96a, 0x6454bc53, 0xcf56c218, 0xe782aa43, 0xc0fb2208, 0xfb1524b5, 0x25f7456d, 0x5d06cafb, 0x5661577b, 0x184db958, 0xbfbfc1c9, 0xaba21baf,
    0x1fb4726f, 0x05594564, 0xf7e94708, 0xd3909040, 0x96a08d1f, 0x089e93ad, 0x26fb2a81, 0x1b06fb84, 0xae923620, 0x9f681f4b, 0x95769c76, 0xce510e08,
    0x2ff7c9e0, 0x89d198c9, 0xcc13f7cc, 0x5ef7be12, 0x19f7d343, 0xd41ef7d1, 0x13d413f7, 0xe6f8e0ed, 0xdc821af9, 0x4ab35108, 0xfbcc11f9, 0xf713f7a9,
    0x7efbcc7e, 0xfb4210f7, 0x070ffb10, 0xac98aa98, 0x9b46ab95, 0x5b2f7018, 0x9b4f522e, 0x987aac83, 0xa3a8a480, 0x08b2a0af, 0x15e3fb9d, 0x2ffbe6f7,
    0xf806e6fb, 0xf7154d2f, 0xfb75fcab, 0xf82207ab, 0xb76c15b6, 0xb954cd48, 0x5b33d083, 0x5fa846cd, 0xe0f51308, 0x1520fba9, 0xfbe0f613, 0x8206455e,
    0xf72d0a0d, 0xf7befb16, 0x08f70a7c, 0x43f7f31b, 0x1fe29090, 0xae97a18c, 0x7e089f94, 0x8438fb22, 0x211b09fb, 0x490afbf7, 0x64c1bacf, 0xd14541f7,
    0xff1db55e, 0x00806e00, 0x85d08fc9, 0xdbc0dcc2, 0xd80a29c2, 0xf7ce71cf, 0xcf4acc22, 0x73d125f7, 0xc50113d1, 0xf84cf880, 0xf7dc15ae, 0xfb073a22,
    0x156af722, 0x3e3b22f7, 0xf7f7f71d, 0x14130a4a, 0x20fc0009, 0xf7159dfb, 0x0609fb4b, 0x88578751, 0x4e938961, 0x024c1318, 0xf792df40, 0x05f79407,
    0x907a9094, 0xbe7d8e7c, 0xb580189a, 0xbf6fd26e, 0x9618805b, 0x94739676, 0x18863973, 0x56f705f7, 0xb50780fb, 0x608a7f0a, 0x948c5c8b, 0x8f76947c,
    0xb5cc0879, 0x1fa4948c, 0x999295a6, 0xbef71aae, 0x45051307, 0xce99fb80, 0xd8f76bf7, 0xd8fb80fc, 0x064865f7, 0x00082413, 0xf4fb8ffb, 0xf82906cf,
    0xb26415e1, 0xaf4cc03e, 0xca185c59, 0xb052d765, 0x910a5664, 0xab1503fb, 0x4659fb1d, 0x10821306, 0xfb11f700, 0x0a90f7d3, 0x90913df7, 0xa08c1fcf,
    0x9f95ae96, 0x0adf8008, 0xa074a265, 0x0e089576, 0xffcbca5a, 0x0080ac00, 0xc0c50a22, 0xf7c88fd0, 0xc112ca0b, 0xd2445af7, 0x0cf7cfe9, 0xf7d36acc,
    0xad13ce0d, 0xf88bf9d0, 0xfb1d8584, 0x0712f734, 0xf7164dfb, 0xf74cfb0c, 0xf74cf7b8, 0x09fbc809, 0xfb2c48ea, 0x2c4aea34, 0x0bf70cfb, 0xfbcaa6f8,
    0xa9800683, 0xab78b678, 0x99187a46, 0x94699b71, 0xacfb086f, 0xfb066afb, 0x30fb8207, 0x1e04fb3b, 0x78a8849b, 0xe0087e97, 0xf79a0cf7, 0x1a12f743,
    0xa1fb15f8, 0xb356b215, 0xc15b9c40, 0xba7a18a4, 0xc062d363, 0x4ffb4d08, 0x73b88215, 0x56c075d2, 0x54a01880, 0x5d9343a2, 0x20511308, 0xba15912c,
    0xc280d185, 0x9488541e, 0x8a449153, 0x20fb195d, 0xb8b21587, 0xc69fd3a6, 0x7a189f56, 0x65446c55, 0x07fb0861, 0x6c15b1f8, 0x57cc4ab7, 0x186654b9,
    0x46ca5abf, 0xb2085fa8, 0x12131521, 0x465afb00, 0x00911306, 0xd4fb13f7, 0x5a796006, 0xb75c5a64, 0x06f9424f, 0xa9a33809, 0x1fb5736e, 0x81e0d064,
    0xea1b0af7, 0x909043f7, 0xa08c1fd3, 0x9d93ab96, 0xaf0a5ff7, 0xa1631f4b, 0xcd750ac0, 0xcee4d2a0, 0x5cf7cfe6, 0x12cf87cf, 0xf7d104f7, 0xceedd4a5,
    0x13d03ef7, 0xbcf8c0bb, 0xfb1563f9, 0xad7f064c, 0xb276bc77, 0x9918784a, 0x96649b6c, 0x63fb086a, 0x0668f847, 0x46fbaafb, 0x70ba8215, 0x4cbf6dd1,
    0x55a6187b, 0x5d9444a5, 0xfb8cf708, 0x49fb157a, 0x49f7a5fb, 0xbbfb4507, 0xf7bbd115, 0xf7d463a5, 0x0634fcf6, 0xf5f7d6f7, 0x6d537b15, 0x08537039,
    0xf847c6fb, 0x21fbcf9b, 0xa6bfa406, 0x08c5a2cf, 0xf8c04413, 0x7f32f716, 0xfd94fb0a, 0xaaf9ceee, 0x700633f7, 0x6621643e, 0x30e40837, 0x1a4c43a4,
    0x6c84698c, 0x85807e77, 0x8a7c887d, 0x8b6f8a77, 0xf7978e6e, 0x1ee90a96, 0xf7b9e7b5, 0x08e6af06, 0x8ec97e0e, 0xecc7a8d4, 0xf7cdecc8, 0xf749cd0c,
    0xd20bfb41, 0xd02bf712, 0x09f7d1a4, 0xe2d29092, 0xd35cf7d4, 0xf7ecbc13, 0x15abf8cf, 0x09f70cf7, 0x6d617107, 0x08656c63, 0xee9cb913, 0xfb15d5fb,
    0x74f7ec74, 0xfb74fb06, 0xf7f4159a, 0x82072274, 0xf9cc332a, 0x5c761584, 0x60705e75, 0x10fbc208, 0xdcba1307, 0x178245f6, 0x20dc6208, 0xf7492dfb,
    0xfb0cfb2d, 0x81f7495a, 0x34404007, 0x085b2a4d, 0x999cbc13, 0x946ca37c, 0xa69aa67c, 0x089ca49b, 0xc6d0ebfb, 0xd25e74f7, 0x7dfb42f8, 0xaaa9ad07,
    0x08ada9ac, 0x59cd4bf7, 0xbdd5c31d, 0x08e6b2dd, 0xf79c7913, 0x1d218cdf, 0xedfdb9fb, 0xf7a6f9d4, 0x3b6b064e, 0x3660215c, 0xaa34f408, 0x09ed8240,
    0x6d8367d4, 0x847e7f75, 0x8a7a877a, 0x8c6d8975, 0x76988e6a, 0x768c6c93, 0x8bae89aa, 0x8ea48ea6, 0x989d92a3, 0xb99aa2b0, 0xd208c88a, 0xe822d970,
    0xc2e7bb1e, 0xe9b506f7, 0xd1490e08, 0xc3f2c783, 0xd2c4b7e7, 0xd3f4cad4, 0xe012ce4e, 0x60c0c6c7, 0x66b5c3b4, 0xd6c8bec1, 0xd475f7d4, 0x1513d06b,
    0xd0f7004c, 0x5015fbf8, 0x06c608f7, 0x1510fcf4, 0x13058e87, 0x8800b475, 0x818b888a, 0x10f7671b, 0xfb07cf0a, 0x1584fca8, 0x24a8f7f2, 0xf863fb07,
    0x073c1584, 0x514a8156, 0x86941e58, 0x82927c9c, 0x99c4c908, 0x81970abf, 0x06bb1eb2, 0x8c8b8f8f, 0xfb2e1f8e, 0x07e5f7a8, 0x1547f736, 0x00cc4513,
    0x08fb24f7, 0x44fd0bfb, 0xa8f7d0c7, 0x36f9c854, 0x08f704fb, 0xfcce1bf7, 0x8a130651, 0x05f90003, 0x5d15aefd, 0x1fb09282, 0x75f7fcf7, 0x57f8d448,
    0xf7430bfc, 0xfb85fbc2, 0x0743fcbe, 0xe774a730, 0x213af71e, 0xb8a0e60a, 0x1f9536f7, 0x996c9076, 0xfb08987a, 0x72838624, 0x5e0e1b5f, 0xd0c7e1c8,
    0xd6bdd7c0, 0xc6c8c7c1, 0x12b95dc6, 0xf7d435f7, 0x82f7d476, 0xe0fe13d6, 0xb0f77ef7, 0x76f7d715, 0x76fb073f, 0xf7155df7, 0x76fb4076, 0xd6adf806,
    0x82fb4015, 0x82f707d6, 0xfb155dfb, 0x82f7d782, 0xfb82fb06, 0xf7e115ec, 0xf2fbc7f2, 0xf7cdf7d0, 0xc7cdfbc8, 0xfcc82bf8, 0xf707d82b, 0x01f79409,
    0x639be096, 0x31fb18c5, 0x79acfb6e, 0x92857bfb, 0x8c72937b, 0xfd130879, 0xf58dede0, 0x0892f38f, 0x4e23fc43, 0xfb4f23f8, 0xf7c8fbbf, 0xddfb46bf,
    0x35ddf74f, 0xfa4e28fc, 0x0e07c80e, 0xbfc5c557, 0xb7c4b9c2, 0xc4b8b9c3, 0xb6c2b8b4, 0xf712b8c1, 0xd258d036, 0x028268f7, 0xd460d436, 0xf9a80713,
    0x1556f97e, 0xf8c183fc, 0x2cfb0683, 0xc283fc04, 0xd3080882, 0x1522f7d4, 0x86fb13fd, 0xf70613f9, 0xfe156213, 0x0efa520e, 0x54f81306, 0x8cfb5ffd,
    0x7cf7c415, 0x7cfb0752, 0xf71531f7, 0x7cfb537c, 0x16b5f806, 0xf7c386fb, 0xfb1df586, 0x86f7c486, 0xfb86fb06, 0xf7c515a0, 0xe4fbbfe4, 0xf7cff7c2,
    0xfb43fd8d, 0x54c1f78d, 0xf757defb, 0x31fc51de, 0xc519fa51, 0xa8f70e07, 0x73d4e1cf, 0xf3a076ce, 0x6af712d2, 0xd60cf8d2, 0x3bf8ce13, 0xd2151ef9,
    0x9b0765fb, 0x96ab99a9, 0x189f49aa, 0x2f6ade13, 0x514c3151, 0x659f7b97, 0xaeae7c91, 0xbbabb5ad, 0xfc03f708, 0x71f715e7, 0xfbcf19f7, 0xae130719,
    0x05f71bf7, 0x48b3fbce, 0xfb1bfbf2, 0x2af7472a, 0x0bf863fb, 0x6c9b7b0a, 0x9c9d7991, 0x57f79aa7, 0x859a86f1, 0x089f89a8, 0x28085f82, 0x150cf89c,
    0xd9f76bfb, 0xfbd9fb40, 0x7df7427d, 0xf8d68efc, 0x066bf78e, 0xf7cf470e, 0xcfd2cb21, 0xcef1cc6b, 0x9c73d14c, 0x099382ef, 0xf7d064e6, 0x1cf7cf43,
    0xce14f7d0, 0xfaf0d913, 0x15bcf909, 0x395e5172, 0x71c35a69, 0xb6baaf18, 0x08cbacd6, 0x19fbaefc, 0x130aeef7, 0xf76d8003, 0x68130ac7, 0xfb02f7c0,
    0x09f7153b, 0xf7b1fbce, 0xf7060a4c, 0xf79b0ae5, 0x9a85e83a, 0x9e89a884, 0x185005fb, 0x1ff766f7, 0x071ffbcf, 0xaaf7d2f7, 0x61bc7b15, 0x51c362d6,
    0x52b3186f, 0x5a9b3db3, 0x15fc7d08, 0x70d41315, 0xc2e1f7f6, 0xf5e1fb0a, 0xd2e1f707, 0x8a14fb15, 0x46b1f705, 0x60fbb1fb, 0xf7cf0afd, 0xfbe1f76e,
    0x867d070f, 0x0ac57c87, 0x78968d53, 0xd71d9e94, 0xa7978cb8, 0x9397a61f, 0xf81ab2a0, 0x0e0748ad, 0xd15d0a4a, 0x01f79f5f, 0x61f712ce, 0xd050f7cf,
    0x47d301f7, 0xd303f7d1, 0xf9c0ae13, 0x15b2f9ea, 0x3e635675, 0x76bf5b6b, 0xb3b8ac18, 0x08c9add1, 0x62fb5efc, 0xd064fc15, 0xbaf71ef8, 0xf8d31cfc,
    0xf74bfb62, 0xa4fb45a4, 0x15c75b07, 0xd262ba7b, 0x7154c061, 0xb355b318, 0x085c9c40, 0x15c30efb, 0x0764fbce, 0xab98a99a, 0x9e4baa95, 0x009c1318,
    0x32552e6c, 0x7b97504e, 0x7c91679f, 0xb6acafae, 0xf008bda9, 0xf715e8fc, 0xcf1cf76d, 0x13071cfb, 0x1bf700c5, 0xfbce0df7, 0xfbe648ac, 0x4718fb1b,
    0x52fb18f7, 0x63635707, 0x981e7a76, 0x9474a281, 0xa79c9b7d, 0xee46f79b, 0xa7849a86, 0xf7089e88, 0x15d6f7cf, 0x063ffb43, 0x11fb732c, 0x1e3d87fb,
    0x72a17d9a, 0xf7087b94, 0xf7aee596, 0x1a0bf723, 0x156bfb64, 0x50f566dd, 0xc1ba63c0, 0x20b25418, 0x08ae3ac2, 0xf5c96a0e, 0x5dcfdbc8, 0x6dcfdbca,
    0xe99c7ace, 0x12d24fcd, 0xf7d060f7, 0xce87cf61, 0x8dcf1ef7, 0xc00213d2, 0x1af926f8, 0x59fbd215, 0x99ab9b07, 0x4aac95ac, 0x2f6e189e, 0x51503358,
    0xf730b982, 0x24130a59, 0x3bfbf540, 0xce06f715, 0xea48aafb, 0x2508a882, 0x1ef7471e, 0x600659fb, 0x817a6f6e, 0x9c7c971e, 0x9b79906e, 0xf79aa69c,
    0x9b86e83a, 0x9f89a785, 0x184f07fb, 0xe38667f7, 0x24d02e08, 0x155db4f8, 0xf1a3fb25, 0x04a1fb07, 0x21a3f7f5, 0x23e7fb07, 0xf7b5cf15, 0xf8d266a3,
    0x062efc43, 0xf7180913, 0xf7abf717, 0x62f70a6a, 0x32098216, 0x0afbcd0a, 0xfb4717f7, 0xf71efb17, 0x17fb4817, 0x82ed4929, 0x0e3f080b, 0x6babf847,
    0xf7c94d1d, 0xcecbc630, 0xab62c55a, 0xc969adda, 0xcd87c153, 0xc59ea670, 0xc274cfac, 0xd07b9b5b, 0x44f7c212, 0xf74dc94d, 0xcb27f740, 0xe6c723f7,
    0x24d113c2, 0xd17bf798, 0x82e11315, 0x07652107, 0x47080682, 0xce02f758, 0xb0e01306, 0xf702fb98, 0xfbcdf01b, 0xaba30681, 0xb39fb1a1, 0x0643f708,
    0x9864d113, 0x971d57cf, 0x94ad97aa, 0x189c4aab, 0x2a5d2871, 0x7d984953, 0x7e936da0, 0xa4e01308, 0x91929298, 0x08949293, 0x1bfbd74c, 0xdf094b82,
    0x06fb1825, 0xe2130648, 0x06f79822, 0x5d0657fb, 0x7e7a686a, 0x9f7e971e, 0x997c9371, 0xf79da39d, 0x9884f62e, 0x9d86a581, 0xf74ef708, 0x4c0a7ef5,
    0xb5d7b506, 0x61edadee, 0x817518a7, 0x0621fb05, 0x9824d413, 0x6e1d5646, 0x7d3b6536, 0x736c7c73, 0x08887b70, 0xb824ca13, 0x719b7f94, 0x90087d90,
    0x91949292, 0x8306f31e, 0x7a447e3a, 0x7eaf7b4e, 0x58b980b3, 0x459d1877, 0x5da550a0, 0x545e3d6a, 0x7f986754, 0x7b94739b, 0xbfb7b2c2, 0xfb08d1af,
    0x0cf7e306, 0x1b1ef770, 0xf18e1d2e, 0x8b2f6b0a, 0x11fb1b73, 0xa308fb8c, 0xab07f739, 0x04f79fe5, 0x0822f795, 0x9828d113, 0x158cbaf7, 0x06e6dc30,
    0x151cf730, 0x06303de6, 0xf71626f7, 0xd726fb19, 0x09fb3f4f, 0x3d09f754, 0xf75122fb, 0x09fb3a22, 0x3f09f755, 0xf7510cfb, 0x26fb390c, 0xfb26f750,
    0x0ef7c70e, 0xfbc64cf7, 0x36f7dd4c, 0xd736fbc5, 0x1bf726f7, 0x0e07c5c7, 0x55f7c44a, 0x63cfb3be, 0x94becdbb, 0xd1ca73cf, 0x12c976cf, 0xf7d157f7,
    0xd2a8ce5b, 0xd0bdd0e1, 0xda13c689, 0xf931faec, 0x58fb1590, 0x7ca48206, 0x4aa27fa9, 0x7794187d, 0x75937595, 0x4d65fb08, 0xa10673f8, 0xfb1509fb,
    0xa6980621, 0xab9aac9b, 0x82189b46, 0x7c5f796c, 0x3dfb086a, 0x8599c006, 0x7cb37ca5, 0x7e4e19a9, 0x63996c98, 0xfb197190, 0xa6f84c21, 0x40251306,
    0x19f7c8fc, 0x44fbcf15, 0x97a89907, 0x49a995ab, 0x2f6e189f, 0x51513158, 0x669f7a97, 0xaeae7c91, 0xbda7b8ab, 0xdbfce808, 0xf760f715, 0x16fbcf16,
    0xcff11af7, 0xe44799fb, 0x1afb1afb, 0xfb1af747, 0x695f0751, 0x1e7f776a, 0x6c9f7b99, 0x9d9a7992, 0x44f79ca8, 0x9a8503f7, 0x9f88a883, 0x2cd81308,
    0x352ddf82, 0x47c5f715, 0xf706c5fb, 0xc5f7044a, 0x08088349, 0xfcfbac30, 0x8f877615, 0x3df71f9f, 0xb0f70bf7, 0xb0fb4dfc, 0x1ac01307, 0xfb8106eb,
    0xfb56660e, 0x7d9a6b34, 0x7a91709e, 0xbab647f7, 0x2bf797d2, 0xc382e108, 0x9b4c2b0a, 0xdf1ece79, 0xa79dc206, 0x791f90f6, 0x7c957190, 0x89310895,
    0x1b767e87, 0xd40af80e, 0xd88ef701, 0xf993f903, 0x243415c2, 0xfb2c24fb, 0x7d9d5120, 0x7b976ea9, 0xf7cd1cf7, 0xf7edf12b, 0xfcee0807, 0xfcd4152c,
    0x3e13f8f9, 0x53fb13fc, 0xfb53f742, 0x736407d2, 0x1e837b7d, 0x6c987b97, 0x9ba37890, 0xa4f797b0, 0x9c8708d3, 0x1aa1aa88, 0x055083fb, 0x30f7e2f7,
    0x62fbdb07, 0x27fb21f7, 0x964763f7, 0x9eaba1a0, 0xc253fb9a, 0x13f71ffb, 0x083ff741, 0xf9d3400e, 0xeb01d270, 0xd52cf9d5, 0x153eeb03, 0x415df9d5,
    0x3af7ad06, 0xc851be15, 0xc85aa63b, 0xbb6d18b6, 0xc258d84d, 0x6565f908, 0x44b9fc15, 0x57fd6ff8, 0x85847806, 0x761e8a78, 0x428b4489, 0x9677978e,
    0xea778f6b, 0xae8cc88a, 0x98ad0897, 0x1abda198, 0x98d0450e, 0xd2f8f7d3, 0x12d05df7, 0x21f8d4e8, 0xd45af7d7, 0xb7f77e13, 0x73153ff9, 0x5cc753b4,
    0x186853b4, 0x4dc05eb9, 0xfb0862a3, 0xef63fd1e, 0xfb42f90a, 0xfbd21540, 0x3f19f720, 0xd3fb19fb, 0x07a9f744, 0xfb01fb46, 0x1cfb2409, 0xa37f9b46,
    0xf77d9671, 0x01f7cf14, 0x01f7d7e9, 0x07a7fb08, 0x8b530a68, 0x77958d50, 0x768e6c97, 0x8cbfda08, 0xab1fa997, 0xb89f9597, 0x07e6f71a, 0xe9f7a3f7,
    0x46befc15, 0x130675f8, 0x074bfdfe, 0x7c88867d, 0x8a7f1e8a, 0x8c5d8b5c, 0x6c957994, 0xcd08778f, 0xa6978cb8, 0x9598a61f, 0x0e1ab59e, 0x39f7d446,
    0xcf7af7cf, 0x01d044f7, 0x2ef7d4eb, 0xd365f7cf, 0x03d433f7, 0x0aef3eeb, 0x1544f796, 0x43cd57bd, 0xb4c260ab, 0x48b56b18, 0x08bd59d0, 0xf8fb4bf8,
    0xfb7afb15, 0x077af765, 0xbefbadf7, 0xfb02f815, 0xcf42fcf1, 0x95f807cb, 0xfc15f7f8, 0x6ff846b8, 0x7a063ffd, 0x8a798585, 0x8a4f7b1e, 0x951f4f8e,
    0x8e6a9776, 0xc08adc76, 0x0897ab8d, 0xa19698aa, 0x420e1abb, 0xf7c9f3d0, 0x19f7c91a, 0xd131f7c9, 0xf7d6ea01, 0x82f7ce23, 0xd725f7d1, 0x153eea03,
    0x4045f9d6, 0x7c829a06, 0xbf5fb83e, 0xc763a24d, 0xb47418b3, 0xb45dc655, 0xfc69f708, 0x82f715a3, 0x82fb1afb, 0x04ddf706, 0x19200982, 0x25080982,
    0x1596fb48, 0x59f80bf8, 0xf8060bfc, 0x1577f7e8, 0xf845c0fc, 0x064cfd74, 0x7e86877e, 0x8d8a6180, 0x77951e61, 0xf8826d95, 0x8cb5c828, 0xa51fa598,
    0xf8839497, 0xcf412309, 0xf7cd24f7, 0x2bf7cf44, 0x01cec5d1, 0x31f7d1e0, 0xd42af7d0, 0x03d567f7, 0xb1f9eaf7, 0x8afb0a7a, 0xf9d1fbfd, 0x0627f7b8,
    0x2c6a4575, 0xd708416d, 0x53469e3b, 0x820a61f7, 0x7e887f85, 0x7779088a, 0x1f728d8b, 0x6f917797, 0x8aa2778c, 0x8da18ba7, 0x919e8e9f, 0xa808969a,
    0xc1b7979e, 0xd479ca1a, 0xae1ee03e, 0xaaf4b3dc, 0x64f708df, 0x5b9d15bf, 0x65944b9e, 0x8218a1d2, 0x7ac974af, 0xacf708b9, 0xd11580fb, 0xf745d3fc,
    0xfb850732, 0x7dfb779e, 0x0bfb71fb, 0x72a27e9c, 0x40f77a95, 0x37f7c8ec, 0x0856f7a2, 0x810675f7, 0x2b8093fb, 0x80087576, 0x79898281, 0x8c57771b,
    0x981f5590, 0x8d6d9276, 0xc189c074, 0xaa8fa889, 0x9d929e8e, 0x95aeaaa3, 0xf79703f7, 0xfbad08c8, 0xbc8f07b9, 0xbf8cbd8e, 0x07f70e08, 0xf7cd6ed1,
    0x80f7d00f, 0x12cf93cf, 0x20f7d0e8, 0xd4bbf7d0, 0xdff77f13, 0x0ad7b1f9, 0xf9d0fafd, 0xf716f7b6, 0x866c0aec, 0x0a657c70, 0x8b788a7c, 0x97088d74,
    0x786f9277, 0xa48aa11a, 0xd2829e8b, 0x919de708, 0xa7089699, 0xc0b6979e, 0xd479c91a, 0xac1edd43, 0xa9edb0d9, 0xb71308dd, 0xdafcd6f8, 0xf770fb15,
    0xd055f734, 0x28f755fb, 0xfb28fb42, 0xd0ad0622, 0xe0a8ddac, 0xcfd9f708, 0x9506c2fb, 0x94ad95ad, 0x189c3fad, 0x63806383, 0xfb08647f, 0x27f7473b,
    0x703b7006, 0x77727f4a, 0x7a6d7b5f, 0x97779386, 0x087c8f68, 0x90ab9494, 0x16f71bb8, 0xaafb34fb, 0xfbaaf745, 0x53f7d453, 0x0e0670f7, 0x21f7d340,
    0xd0e2f7ce, 0x01ce0bf7, 0x16f7cde1, 0xf7cee3ce, 0xf703d3bc, 0x7ab1f9cb, 0xfd6afb0a, 0xb8f9cdfb, 0x78060ef7, 0x712f7046, 0x3acc0841, 0x1a53449a,
    0x7d6e866b, 0x86841e80, 0x8a808881, 0x8b7a8a7c, 0x77968e76, 0x778c7091, 0x8ba38a9f, 0x8d9e8e9d, 0x9698919d, 0x969ea508, 0xca1ac2b7, 0xe048d67b,
    0xaddeab1e, 0xb282a6f0, 0xce311b09, 0x25fb6015, 0x3722fb44, 0xa37c9a2e, 0xa37c946c, 0xa1ada4a7, 0xc8fc08af, 0x0741f9ce, 0xd1a7cbaa, 0xf808d1a0,
    0x1566fb0c, 0x436cf733, 0x8cfb6cfb, 0xfc8cf746, 0x857b069c, 0x1e8a7c86, 0x8c8b5c7d, 0x76961f55, 0x778e6b95, 0x8eb78ad5, 0xa60898a7, 0xb8a09698,
    0xe39cf81a, 0xfb74fb07, 0xc77715d7, 0xd263e75d, 0xaf187253, 0xa02cb843, 0x410e084e, 0xcc30f7d6, 0xf7d17bf7, 0xcf69d13b, 0xf7d2e412, 0x88f7d330,
    0xfaf713d5, 0x158cf913, 0xf84545fc, 0xef130645, 0x21f6b9fc, 0xfd89fb1d, 0xb6f9d2fa, 0x760625f7, 0x6e356c48, 0x3cd40843, 0x1a54479e, 0x7b6f856d,
    0x86831e80, 0x8a7f8880, 0x8c778a7a, 0x78978c74, 0x798c6f92, 0x8ba58aa2, 0x8ea08d9f, 0x969a909e, 0x979fa808, 0xca1abfb6, 0xde40d379, 0xb1daae1e,
    0x08dca9ed, 0x153efce6, 0x205e2270, 0x849c4454, 0x809876a9, 0xf7bdd8c1, 0x07f7aa07, 0xf71cf808, 0xfcd11512, 0x69f745a6, 0x7f0747fc, 0x5d7e0a87,
    0x1f578d8a, 0xd5827595, 0x08750c09, 0x988db9d1, 0x97a81fa7, 0x1ab5a293, 0xcf0747f8, 0xba1514fb, 0x15fbb929, 0xa3d03d99, 0x5ad97a18, 0xeb5b12f7,
    0xcdd70e08, 0xccc1cc9b, 0x75c7f0f7, 0xcddc12cf, 0xbfce26f7, 0xd362f7a3, 0xf980b713, 0x1546f9a2, 0x64625e6c, 0xac5f685b, 0xb36fb065, 0xf7189494,
    0x0a7fcba8, 0x9c066dfb, 0x99a39ba4, 0x189840a3, 0x30414162, 0x819b4924, 0x7b9673a1, 0xa7aca4b0, 0x67a6a7a8, 0x6cb069ab, 0x6b315e3e, 0x7b997731,
    0x7991719c, 0xb1eba4ed, 0xd608bfde, 0xe967e15b, 0x9e9e9575, 0x349a9aa6, 0x45a9379b, 0xc4c0cfb2, 0xb1d9b0cd, 0xd0c5fc1d, 0xf70a53f7, 0x47740619,
    0x456b356a, 0xa03cdb08, 0x8c1a5447, 0x7970856b, 0x83850880, 0x1b7d887f, 0x8b75897b, 0x77978f71, 0x788c6f92, 0x8ba58aa3, 0x8da08ea1, 0x9699919e,
    0x989fa808, 0xca1ac0b6, 0xde3bd278, 0xb2dab01e, 0x08dcacec, 0x80fcecf7, 0xcc57f715, 0x43d857fb, 0x4a7afb3e, 0x82067af7, 0xfb8f08ce, 0x073cfb1b,
    0xaf95aa95, 0x944aa992, 0x76547d18, 0x085d7a45, 0x78f78aa9, 0xf7d32dfb, 0xcd76f72d, 0x0e0676fb, 0xf7cd32f7, 0x0a0ff718, 0xea12cf4a, 0xce30f7cd,
    0xb9f7d3c6, 0x80ef13d3, 0xb3f9edf7, 0x83fb0a7a, 0xf9cdfbfd, 0x0625f7b7, 0x356d4977, 0xd308436e, 0x0a7af73b, 0x0a2df7de, 0x75fb0df7, 0xfbb9f715,
    0x06b9fb10, 0xf780f713, 0x4cc6f7b9, 0x56b9fb1d, 0xfc0cf81d, 0x67621527, 0x68575c4c, 0xbe78b872, 0xf708c17c, 0xfc49f860, 0x6377fd49, 0x450807eb,
    0x906c9b7d, 0x0abbf77b, 0xfbbd07eb, 0x2dfbe85a, 0x974130f7, 0x9ba9a29e, 0x4bac3b99, 0xc2d25ac2, 0xbeb7cdac, 0x3f0e08b5, 0xcc3cf7ce, 0x0df7cfc0,
    0xce59f7cd, 0xf7cddc01, 0xacf7cd20, 0x29f903d3, 0x4815dff9, 0x79820cfb, 0xfb063108, 0x7d9e4a11, 0x7b96749e, 0xe0ecc3ee, 0x21dfebd5, 0x53e34ae0,
    0xa4a19e95, 0xbe2e989d, 0xf437cd2e, 0x98939893, 0xfc089892, 0x0a80782d, 0xfafd73fb, 0x660acb82, 0x48741d44, 0x456d346c, 0x489e3bd7, 0x6a08558c,
    0x807a7185, 0x8083841e, 0x7b1b7d88, 0x748b758a, 0x9178958d, 0xa3788c6f, 0xa08ba68a, 0x9e8e9f8d, 0x08959a92, 0xb5979fa7, 0x78c91ac2, 0x1ede3ed2,
    0xedb2d9af, 0xf708ddab, 0x15bafc02, 0x4057446a, 0x829c5857, 0x809777a7, 0xdfc4c2be, 0xf808dab1, 0xcf15d62e, 0x0df789fb, 0xfccd2cf7, 0x3cf7491c,
    0x99fb0dfb, 0xfb99f747, 0x877e079f, 0x1e8a7b86, 0x8d8b5b7d, 0x77971f53, 0x778f6e94, 0x8cb8d408, 0xa71fa897, 0xb59e9597, 0x079ff71a, 0xc1153fc4,
    0xa833c74c, 0x18adc552, 0xe04ec26f, 0x0e08cb53, 0xc3c7cb54, 0xc2a7cb9f, 0xcb61c1e2, 0xcce1c5c8, 0xdd12ce8d, 0xca07f7cd, 0x07f7cce4, 0xce4df7cb,
    0xf97cdb13, 0x1598f8e0, 0xde4dfb38, 0x0474fb07, 0x344df7e2, 0xfb8dfb07, 0xf7cb1572, 0x284df73b, 0x88878206, 0x811e8a82, 0x6b8c8b6e, 0x927a931f,
    0xadbd1da3, 0x1fa0968b, 0x9b9195a1, 0x48f81aab, 0x9a079bfb, 0x96a899a6, 0x9cf708a9, 0x0684fbcc, 0xf893ab96, 0x24fb0a08, 0x661d294a, 0x4e475d3b,
    0xa4809a59, 0xa47e9572, 0xa0a4a4a3, 0x04fb08a9, 0xb57715f4, 0xba63cb5e, 0xb3187059, 0x9e48b65b, 0xa4130861, 0xf720fbf0, 0xfb0a827b, 0xcdfbfd5a,
    0x1d37b8f9, 0x2f73477a, 0xc7084172, 0x5445983a, 0x6e876c1a, 0x841e807e, 0x80888386, 0x7b8a7f8a, 0x958e798b, 0x8c709078, 0xa08a9e79, 0x9d8d9a8b,
    0x98909b8e, 0x9ea30895, 0x1abfb795, 0x4ed57eca, 0xdca81ee0, 0xdfa3f3aa, 0xcffb1d6f, 0xe64b1d97, 0x6506acfb, 0x605f607b, 0x184eb952, 0xc7b3b1cc,
    0xa99f1ba6, 0x1fae716c, 0x7bc8c363, 0xf4c81be3, 0x1fba8f8e, 0xac949e8c, 0x83089d92, 0x4a862949, 0x9751391b, 0x701f58af, 0x7a9b799e, 0x470e0897,
    0xa12df7ca, 0xc6a9cc7d, 0xc5ddc3e3, 0xc4f2a373, 0xdf12cf6f, 0xce24f7cd, 0xf7ce09f7, 0xd18cc870, 0xf9749d13, 0x154df969, 0x646c6774, 0xfb086f72,
    0xacaf0665, 0xaea6aeab, 0x20021308, 0x13fb0efb, 0x041d1315, 0x3935f869, 0xf8531dfc, 0x3afc331d, 0xf780f850, 0x0743fbeb, 0xbcb3b3ae, 0xaa5eb7a5,
    0x56fb0a7d, 0x97a09906, 0x479f959e, 0x03131898, 0x4c486820, 0x834b3737, 0x9b24083e, 0x9676a183, 0xe5f7087c, 0x681550fc, 0x55c145ae, 0x18645db0,
    0x52d064c3, 0x130867ad, 0x0dfce020, 0x0ad762f9, 0x08056043, 0x86f7199e, 0xa58aa00a, 0x9f8d9f8c, 0x99919d8d, 0x9ea60895, 0x1ac0b697, 0x42d379c7,
    0xdbad1edc, 0xdda9f1b0, 0xc4fd8908, 0x18c01315, 0xdda7c1ac, 0xa451c79c, 0x6e517b18, 0x085c6a3c, 0x1591acf7, 0xa08f8464, 0x482af71f, 0x47072afb,
    0x1ee177a0, 0xcd0626f7, 0x93efa3a0, 0x7090771f, 0x08957d95, 0x8186873f, 0xf7ca1b6b, 0x4eb7153b, 0x549e38b9, 0x7818a4c7, 0x5cdc5dc2, 0x3e0e08c8,
    0xca03f8d0, 0xcaedccf1, 0xa12df701, 0xf7d4b3f7, 0xf803d57e, 0x15a0f8ab, 0xfb257ef7, 0x9df7067e, 0x297ef704, 0x1d0a0883, 0x158cfbbd, 0x52435f5f,
    0xba5b614e, 0xc66fc263, 0xf7c4f708, 0x24ccf239, 0xc8fb35f7, 0xfb3542e1, 0xc1f74cc1, 0x4a2afc29, 0xfb252af8, 0xc9f74cc9, 0xfb0638fb, 0x30fb5127,
    0xb069294d, 0xb4f01848, 0xf7c51bf7, 0xfb08c414, 0xaa7a0707, 0x568a7c0a, 0x958d518a, 0x8f6d9678, 0xbadc0877, 0x1fa8988c, 0x9f9896a7, 0x79f71aba,
    0x18fbe307, 0xf72712f7, 0x9e96582f, 0x999ca9a0, 0xb936a52c, 0xb3cac543, 0xbcc5bfd4, 0x36abfc08, 0x3bb16315, 0x5aae4ac0, 0x66cc185d, 0x63b154da,
    0xc83f0e08, 0x47f7c056, 0xabc8d2c8, 0xa2bd59d8, 0xc1bc5adc, 0x12c7c5c2, 0xd289cedb, 0xfb7ff762, 0x5d6af76a, 0xbed1aace, 0x88f748cf, 0xd070d277,
    0x10a10813, 0x04f927f7, 0xfbcff715, 0x7ff7d17f, 0x1306d4f7, 0xfb10e102, 0x52f7d01b, 0xf7c519fc, 0x6afdc7df, 0x51d9f74f, 0x52fb12fc, 0x051307ce,
    0x49f84004, 0x88f71542, 0x0688fbbd, 0xf75a04f3, 0xfc07bc70, 0x6afb161e, 0x066af75a, 0x00083413, 0x15227ffb, 0xfbbd7ff7, 0x8cf9067f, 0xc8153efb,
    0xf84ef7fd, 0x74850716, 0x74847284, 0x12601308, 0xfbb5fba0, 0x82f7d2bf, 0x7cfb28f7, 0xf77cf7ce, 0xcf7cfb2c, 0x1d427cf7, 0x2000b013, 0x0a413afb,
    0x8b6a8a7f, 0x7a948c63, 0x798f7195, 0x8bb0c108, 0xa41fa496, 0xac9d9196, 0xfc78f71a, 0xa193070b, 0xa493a395, 0x36f70e08, 0xf7d343d4, 0x2af7d230,
    0xf7f712d4, 0xd729f7d6, 0xf7f77c13, 0xfb1541f9, 0xa4f742a4, 0x95fb2afb, 0xfb95f744, 0x43bbfb30, 0x83fbbbf7, 0x4020fad6, 0xf8bc1306, 0x15e9fceb,
    0x30f7bffb, 0xfbd29af7, 0xf72af79a, 0xaefbd4ae, 0xfe3f26f7, 0x83f7d720, 0x0e06bff7, 0x08f7d073, 0xc804f7c8, 0xf7d002f7, 0xf601d211, 0xcf22f7d3,
    0xf7cf67f7, 0xf903d62a, 0x1d98b8c6, 0x2af760f8, 0x1613fd06, 0x60fc22f7, 0x39f81d3e, 0xfb15f2f7, 0xf702f767, 0x67fb0667, 0xf715ecfb, 0xfb08fb67,
    0x67f70667, 0x178345f7, 0x17820420, 0xe9f7d109, 0xd21501f8, 0xf84403fe, 0x62830713, 0x65805d81, 0xfdc9fb08, 0xf9c0d31f, 0xf9d65613, 0x0625fc1f,
    0xb899b198, 0x0e08b597, 0xf7d0a0f8, 0xf701d10b, 0x6cf7d543, 0xd96ef7d6, 0xf765f803, 0x612015ae, 0x05fc09fb, 0x7c9b1e40, 0x7b936ea0, 0xdf16f808,
    0xf71ef7c2, 0x48f71a1c, 0xfbdb0740, 0x08f715f2, 0x3828f757, 0xc6b953d4, 0xfbc23f18, 0x06fbd92b, 0x92fc08bd, 0x451500f9, 0x7f0709f8, 0x7b5e7964,
    0x79fb0868, 0xf8d564fc, 0xfc91f81f, 0x62f8d91d, 0x9d06f9fb, 0x9db69fae, 0x21f808b4, 0xf80e06d1, 0xd2a6cebe, 0xf712ce91, 0xf742d443, 0xf7d4c150,
    0x0ff7d414, 0xf8b713d5, 0x1501f935, 0xf8d467fc, 0xfcd8f724, 0x65f8d522, 0x9a077efb, 0x9ab19aa9, 0x93f708af, 0x48d1fcce, 0x81067cf7, 0x80647d69,
    0x65fb086c, 0xfb15e5fb, 0x1305660d, 0x0725f8d7, 0x07f7cf13, 0x44cefbd2, 0xf7d71306, 0x063afc12, 0x7d5a7a54, 0x3e9f8164, 0xf7a9e618, 0x07f7b50d,
    0xccf708b3, 0x4215aaf7, 0x230665fb, 0xfb14fb6f, 0x9b1e42a2, 0x9471a07b, 0xaef7087b, 0x25f7b6e3, 0x871a15f7, 0xd91558fb, 0xba43ec5a, 0x18c0bc5c,
    0xcf29b95a, 0x0e08ba3e, 0xddf8a159, 0x4accf1cf, 0xcbea12d7, 0xcdd7c6d5, 0xd0ecceda, 0xef13d1ed, 0x23f8eac0, 0x8435fb15, 0xfb5526fb, 0x819b1e0d,
    0x7d9775a3, 0x1af7cc08, 0xf734f793, 0x26f81a48, 0x1ef7074b, 0xc61573fd, 0x06502cf9, 0xa0fd1bf7, 0x1306cd15, 0xe9f9c0df, 0xf5f70749, 0xa01536fd,
    0xbdc18fc1, 0x465cf71a, 0x27075bfb, 0xfb1dfb77, 0x9b1e3c61, 0x9472a07e, 0xbe0bf77d, 0xd0accec9, 0x3fdb53cf, 0xbbbf59b1, 0x33bd6218, 0x08c247d8,
    0x98087182, 0x11f99efb, 0x4ff74a15, 0x816a8307, 0x086c8065, 0x6dfc18fb, 0xf729f8ce, 0xd127fc9c, 0x5cfb6bf8, 0x99aa9806, 0x08ad98b0, 0x06cc59f7,
    0xf8d2400e, 0xcfe3ce2a, 0xcd4dcdec, 0xf712a96d, 0x73f7d361, 0xf4d1efd0, 0xc0eb13d3, 0x6cf83af8, 0x06480a7a, 0x9e75a49e, 0xa468a16a, 0xc0e71319,
    0xd8cbc0c5, 0x1308d3b5, 0xa95ec0f3, 0xfb05877e, 0xa0f749d0, 0x625e6c06, 0x6c68655b, 0x709f6ca1, 0x185c629c, 0x54d863c8, 0xfb0861c2, 0x38f74887,
    0xfdf71afc, 0x6d95770a, 0xd008768e, 0x053744b7, 0xa0934b08, 0x1bf81ab3, 0x557907f5, 0x667a5477, 0xa6187dc3, 0xa6e2a9c0, 0xa3f708d8, 0xfb4515ad,
    0x7326065a, 0x7efb1afb, 0x7d9c1e3d, 0x7b95739e, 0xe78ef708, 0xf729f7ab, 0xfb7b1a11, 0x58ca155f, 0x5fb144dc, 0x6318bebe, 0x4dd039b6, 0xa58208ba,
    0xf9c8fb2d, 0xf7491525, 0x6a840767, 0x82826682, 0x2ab808ed, 0xf8d06bfc, 0xfca7f727, 0x6af8d326, 0x970657fb, 0x97af97a9, 0x5bf708ae, 0x540e06cd,
    0xc449f7c9, 0xc5f5a76f, 0xc3b3c2d5, 0xc8ccbf76, 0xf712c258, 0xbf59ce03, 0xcbcaca57, 0xcbe3d1ca, 0xcddccbe5, 0x804fdd13, 0x0ef9aff8, 0x03251315,
    0xcb35fc80, 0x7ff7fdf7, 0xf8cdfafb, 0x074ffb32, 0xae98a696, 0xf708ad99, 0x59fcc859, 0x0648f74e, 0x67806b83, 0xf7086f80, 0x15bcfcc1, 0xc93cb464,
    0x645fb54f, 0xd95ec918, 0x0861b04a, 0x81f868fb, 0x96fb8515, 0xfb12fb77, 0x80984965, 0x7c91749c, 0xa7d677f7, 0xf79324f7, 0x5a1308ac, 0x0cfc00cc,
    0xfb151cf7, 0x5ff7d65f, 0x045efb06, 0xbf0a0885, 0x154af7d1, 0xccfbe8fb, 0xfb06e8f7, 0x15bbfb19, 0xfbc439f7, 0x4bf7f539, 0x5155fcc5, 0x9ffb5ef7,
    0x6e1db006, 0x77aa72a2, 0x801308b2, 0xb0910018, 0xb68db38e, 0x8518914c, 0xfb7824fb, 0x9a3f4a0c, 0x9678a682, 0xa3bbb081, 0x08d19ac5, 0xf7e318fb,
    0x68f77327, 0x06d2f71b, 0xa7989f8f, 0x89089b96, 0x8b87fb51, 0x0cfb1b5f, 0x3e91278c, 0x470e08ac, 0xe8c3b8c1, 0xc1cac6c3, 0xc3c2e5c2, 0xd3ee12cb,
    0xd087d4b6, 0x99ceb1f7, 0x13d5add7, 0x11f9a8ff, 0x2e1548f7, 0x68f11307, 0x06e8b1fb, 0x15c3f4f7, 0x92fb39fc, 0xf4f7bcd0, 0xf75af706, 0xb7fd15db,
    0xf8d346fc, 0xfb25f907, 0x7e1daeb9, 0x5d7f1e8a, 0x1f608d8a, 0x74967c94, 0x8aca7a8f, 0x94a58cb6, 0x9495a608, 0x131aaf9a, 0x4cfb900e, 0xfc1565f8,
    0x43f8e543, 0xc28cfc06, 0xf85cfb15, 0x075cf7d8, 0x0cf785fb, 0x7cab8015, 0x43ad7db5, 0x6f95187a, 0x6e946997, 0x4b2dfc08, 0x06cbfbf9, 0xd639f70e,
    0xc7d0c25c, 0xd272c1d4, 0x12c15af7, 0xb2bbc5e7, 0xcd83c96b, 0xbc9ebc51, 0x4f07f77e, 0xf7bd61c7, 0x2e13cc50, 0xf92cfa25, 0xb5751508, 0xbc62cc59,
    0xb418705a, 0xa147bb58, 0x0f130860, 0x4f90fc08, 0xa0b39c15, 0x5ebf9ccb, 0x5d83189b, 0x607b4578, 0x2af71d75, 0x975a9b15, 0xb2618d4c, 0xb4881896,
    0xbc7ac97e, 0x15b45508, 0xf7249613, 0xfb88fb09, 0xa8f70609, 0xf702fb16, 0x0602f788, 0xdbfcfafb, 0x44761315, 0xf79105f7, 0x30f79635, 0x18c78c96,
    0x058142fb, 0xc733f7d5, 0xf7d433fb, 0xfcf4f735, 0xf7f4fb1e, 0x42fb423b, 0x0742f74f, 0x3e408013, 0x47874107, 0x08895687, 0x15b3fba4, 0xd7a6bca9,
    0xa059c2a0, 0x6d567918, 0x085b6b3e, 0xf7930813, 0x152ef73c, 0x45905493, 0x91bf5c88, 0x86b98c18, 0x08c181d2, 0x9b1587bd, 0x8d4a9959, 0x1895bc61,
    0xcc7db487, 0xc208bd79, 0x649d1587, 0x6a90579d, 0x85189cbd, 0x78be78ad, 0x84f808b1, 0xd215e5f7, 0x8c075cfb, 0xa09f8ba0, 0x4a73f71a, 0x770774fb,
    0x768a778b, 0x443afb1e, 0x7e0637f7, 0xfb603afb, 0xfb23fb4e, 0xa27f9f30, 0xf67c997a, 0xf7c00df7, 0x1af7a51c, 0xca3cfbb5, 0x37ed1ffb, 0xa4a39f97,
    0x0efb989a, 0x4ff743e6, 0x086cf768, 0xf8d1440e, 0xc6e4c947, 0xc8dac653, 0xd427f712, 0x75f7d24c, 0xd46ef7cf, 0xbfbcd471, 0xf940ed13, 0x15a7f9ef,
    0xf74ed0fb, 0x79fb3987, 0x3279f750, 0x1306cafc, 0xf7e74054, 0x78fbc678, 0x96db07dd, 0x9dcc9be4, 0x4818c465, 0x7602fb77, 0xfb087e2f, 0x075cf9eb,
    0xc13b7e82, 0x54a26f15, 0x65a361af, 0x71b51862, 0x73a665c1, 0x62f7b208, 0x57a06f15, 0x82a164ad, 0xb35b0813, 0xa567bf73, 0x91fb0875, 0xa07115bb,
    0xa065ac58, 0xb1186365, 0xa567bd74, 0x83130876, 0xfb30fba0, 0x0cf81575, 0x07e8fb44, 0x7c797564, 0x7c961e83, 0x7a8f6d99, 0x93a8969e, 0x8ab75df7,
    0x8da58a9b, 0x1dfb089f, 0xb2150af7, 0xa568bd73, 0x18b9b375, 0xab58a170, 0xf708a164, 0x8254fb72, 0x47a20839, 0x6507edfb, 0x847d7c78, 0x987d951e,
    0x9e79906f, 0xf794aa97, 0x9a08bd6f, 0x9e8ca58a, 0xe6f7a11e, 0x8fcdfb15, 0xf338fbaa, 0xa4a3bd1b, 0x7a1f93f0, 0x7d977691, 0x87470898, 0x1b7c7885,
    0x0ff7715c, 0x1f8db0f7, 0xf7cc5c0e, 0x10f7cb28, 0xf7cbf2cd, 0xf712cb21, 0xcf49cd18, 0x45d23af7, 0xcf08f7d1, 0x47f7cf48, 0x30fb13d1, 0xdff8b5f9,
    0x50181315, 0x21f748fb, 0xd10648f7, 0xd2fb15cb, 0xd2f7a1fb, 0x30c31306, 0x8dfc8dfb, 0xf728f715, 0x0728fb47, 0xfb1647fc, 0x5128f73a, 0x803c131d,
    0x1539f88c, 0x2f823dfb, 0x063d2c08, 0x0afcd7f8, 0x42fbcd15, 0x6ba7a507, 0x58ab4ba4, 0x6465199c, 0x72bc7cb5, 0xfb1974ad, 0xaba206b2, 0xac9bab9f,
    0xf7189941, 0x82c5fb99, 0xbf470855, 0x75697b07, 0x08696e68, 0xf749c9fb, 0xe3130689, 0x324f4830, 0x6302fb54, 0x719f7e99, 0x939e7993, 0x939d939e,
    0xcf86fb08, 0x743af7a8, 0xfbc0f7d2, 0xb1c60751, 0xb7b5b5bc, 0x064cf708, 0x60c25db4, 0xfb0868c7, 0x82c6fb4c, 0x4795081f, 0x80f7d174, 0x9c859b06,
    0x96869b86, 0x9ba59f9e, 0xfba5209a, 0xcb3fc104, 0xa0930e08, 0xec130a85, 0x65163df8, 0xd1dc130a, 0x9ebfb0a4, 0xa08286a1, 0x0a519e1e, 0x01fb1b6b,
    0x77fb0a4f, 0xec1307d1, 0xc1b3aad3, 0x8086a1a6, 0xd19e1ea3, 0x676f9705, 0xfb1b6892, 0xfb455305, 0x4e421f04, 0xe669fc0a, 0x77f769f8, 0xa0680e07,
    0xd569f876, 0x0cf704f7, 0xf612d464, 0xf761f7e6, 0xe700fb0e, 0x16f6da13, 0xcaf70a75, 0xe71569fc, 0x062fb3f8, 0x7db9ec13, 0xd77e720a, 0x202c8461,
    0x08298455, 0x13e76f29, 0x7e96f8bc, 0x8e9aa315, 0x7f1f9890, 0x1d45f7d1, 0x4af91fa7, 0x0744fd2f, 0xcf5fa83e, 0xfc7c131e, 0x7415982b, 0x88aff70a,
    0xd4592262, 0x203a844d, 0x24678477, 0xd613e620, 0x21c58580, 0xc69780ce, 0xa480d621, 0xcbf721c7, 0xe62caa82, 0x0630b3f8, 0xb800e713, 0xb9f70a7d,
    0x8528ac82, 0xe670f70a, 0xd4f9b713, 0x3020a490, 0xa720a483, 0x6f20a483, 0x8121a483, 0x0f3d410a, 0x75a47720, 0x71f90e38, 0xf90123f7, 0xf903d0a2,
    0x42aaf83a, 0xbd97f80a, 0x01be5bf7, 0x068321f9, 0xf9036008, 0x15c3f9b7, 0x39474838, 0xde48ce38, 0xdececede, 0x38cf48dd, 0x048efb1f, 0xc3b75e54,
    0xc2b7b8c2, 0x545fb7c2, 0x545f5f53, 0x14f70e1f, 0xe7f72bf7, 0xf9012af7, 0x032bf71d, 0xfef868f9, 0xf7d00a56, 0x28f91219, 0x47f90a37, 0x0a51d0f7,
    0x010add78, 0x18f746f8, 0xf988f803, 0x0a9e159f, 0x8404e1fb, 0x33f72f04, 0xd404f71d, 0x88f80aa9, 0x0a4d4df7, 0x0a84d3f8, 0x15d3f83f, 0x33f757f7,
    0xf70cf7da, 0xc76c1f0e, 0xfb07fb05, 0x4428fb0b, 0xfb1b46fb, 0xd228fb46, 0x240e82f7, 0x054f6c1f, 0x081e82fb, 0x3c33f730, 0x0e1b57f7, 0x01f104f7,
    0x0338faad, 0x153555fa, 0xfec0f790, 0x90c0fb38, 0xe701f706, 0xf7e43af7, 0x5ff71b5f, 0xfb323af7, 0x0e1fe701, 0x2785b6f8, 0xb6f8ad2d, 0xf738fa15,
    0xfb0686c0, 0x82fb2f01, 0x1b5f241c, 0x82fb5ffb, 0x0137082c, 0x06861f2f, 0xf7ac350e, 0xace5ac36, 0xacc3f701, 0xefac64f8, 0xb4f903ac, 0xfb1501f7,
    0xf73af757, 0xfb2bfdf3, 0x0af90730, 0xfb150ff7, 0x57f727b1, 0x07e585fc, 0x8283f80e, 0x2132822d, 0x2c82ad01, 0x03243182, 0x1ff95cf7, 0xfb3dc382,
    0xf9f3fb3a, 0x0730f72b, 0x0ffb0afd, 0xefb1f715, 0x85f857fb, 0x8a0e0731, 0xc485f7c4, 0x270483bf, 0xf7d0d901, 0x46f7d157, 0x39080582, 0x89f703d0,
    0xef15bdf7, 0x28f7e0ce, 0xdf4827f7, 0x37492627, 0x28fb27fb, 0x1ff036cd, 0x635104c4, 0xf709f7c6, 0xc5c3b30a, 0xfb53b2c5, 0x6409fb0a, 0xf81f5150,
    0x15f7fb93, 0x3084cdf0, 0x26df4923, 0x20308727, 0x203083ef, 0x28308364, 0xc5c4b209, 0xfb52b2c6, 0x3b308309, 0x7efc1f50, 0x06c81552, 0x8ef92af8,
    0x0e064e05, 0x014cfa2b, 0x03d44bf9, 0x10f84bf9, 0xda2fdd82, 0x0cf733fb, 0xc71e0efb, 0x07fb05aa, 0x82440bf7, 0x1a462486, 0x82d246f7, 0x210e8207,
    0x16824f1e, 0x3c251e82, 0x57fb33fb, 0x253b841a, 0x03d47cf7, 0x3b82c5f7, 0x3c57f739, 0x0cfb33f7, 0x4f1e0ef7, 0x07f7056c, 0xfbd20bfb, 0x1a46fb28,
    0x824446fb, 0x210e8207, 0x1682c71e, 0xda231e82, 0x82f733f7, 0xe9f7353b, 0xf90aa0d0, 0x15e9f7f3, 0xf7ddfbd0, 0xddfb47dd, 0xf746ddfb, 0x22080482,
    0x07ddf7cf, 0x23f7e70e, 0xd099f701, 0x2031f703, 0xf78f0a42, 0x34f70131, 0xf70332f7, 0x0a2b8f83, 0x4138fa35, 0x200805e6, 0x15e2f93c, 0x1afe1afe,
    0x1afa6da9, 0x0e051afa, 0xf6f8d57f, 0x79f701d5, 0xe5fef7e5, 0x7f88f803, 0x2c338215, 0xf717f703, 0xfb8ff78f, 0xfb11f703, 0x08018234, 0x11fb0354,
    0x8ffb8ffb, 0x17fb03f7, 0xd51f34f7, 0xe63f2204, 0x6ef76df7, 0xf4f4dfd7, 0x6efb37d7, 0x303f6dfb, 0x8b0e1f22, 0xf7b8f8d7, 0x6af80103, 0x8bf703e6,
    0xd79ff816, 0x27f965fb, 0x6d5c0646, 0x7d38824d, 0x3ef75108, 0x73fbb8fc, 0xd98b0e07, 0x01d7e5f8, 0x258213f9, 0x25828720, 0xfbd94b08, 0x65650697,
    0x1f638888, 0x2ef750f7, 0x2af72bf7, 0xf71a28f7, 0xfbdf2a1f, 0x56372325, 0xc51e463c, 0xc5cc0557, 0x1bd8b6c7, 0x354cc3ee, 0x38fb14fb, 0x7cfb30fb,
    0x0e1f4dfb, 0xadf7d77f, 0xd794f7d1, 0xe316f912, 0xe813e447, 0xbc8285f8, 0xf71f9408, 0x15f7d907, 0x2fd046f0, 0x078f1f9d, 0xa3e2f013, 0x1ae3cac0,
    0xd73001f7, 0x372525fb, 0x1e45475f, 0xc80553bd, 0xd6aad1c5, 0x59c1ec1b, 0x49454446, 0x451f38fb, 0xf7e81307, 0x3352d34a, 0x2c574037, 0xcbb5412a,
    0x515b1f54, 0xe3c34705, 0x1b1bf753, 0xf776a00e, 0x0ff8d45e, 0xe4f801dc, 0xdaf703e1, 0xf715a7f7, 0xa592f74f, 0xa8b5a3b0, 0x068f19b9, 0x5e8a5a88,
    0x89fb1a63, 0x165bf707, 0x60f805fb, 0xfb0605fb, 0x056cfceb, 0xfb06f84e, 0x5ef7e15e, 0x830705f7, 0x74310842, 0xd600f8d3, 0xf931f701, 0x31f70338,
    0xde06ec16, 0xf70574f7, 0xfbde06cc, 0x06f00574, 0x73f9affb, 0x0605fb05, 0x154bfc3d, 0xa909f7b7, 0xa7dba9dd, 0x085b82e0, 0xa837a961, 0xb738a93b,
    0x0e1809fb, 0xa8f7d58b, 0xd484f7d3, 0xe784f712, 0x5de8ecf7, 0xf7f413e7, 0xa2f71684, 0xf060f706, 0xec2af7cc, 0x9c25c84d, 0x1307901f, 0xb1a3dbf8,
    0xf71ad3ca, 0xfbbe2416, 0x8dfb1e45, 0xcdfbe706, 0xf784f715, 0x18f7072a, 0x38336bc9, 0x20fb664d, 0xfb22fb1f, 0xa8f715f0, 0x820738f7, 0x33320845,
    0xfb3062cf, 0xfb674300, 0x7f0e1f2c, 0xdce8f8dd, 0xea60f701, 0x7fc9f803, 0xb0da1d74, 0x571fcfcf, 0x545705c7, 0x1b3a6c4a, 0xf72037fb, 0xf74bf708,
    0x0682f649, 0xd2395c08, 0xb7626ec9, 0x05c7c01f, 0xb63c59bb, 0x6dfb1b25, 0x27fb29fb, 0x7ffb7efb, 0x23fb2bf7, 0x0e1f66f7, 0xd9f8d88b, 0x73f701d8,
    0xea30f8e5, 0x1673f703, 0xf70664f7, 0xf71bf792, 0xf77df71e, 0xf71bfb7c, 0x1f97fb18, 0xe5065ffb, 0xf81526fd, 0xf707f6d9, 0xfb28f35d, 0x2351fb50,
    0x825dfb22, 0xda2a083c, 0xf7da9ff7, 0xf701da7b, 0xf703e7ab, 0x82f816ab, 0xf726fcda, 0xdacdf79f, 0x7bf7cdfb, 0xfcda19f8, 0xa00e0675, 0xdadcf776,
    0x24828df7, 0x2482be20, 0xe716be39, 0xd0f7dcf7, 0xf7d0fbda, 0xda1af88d, 0x0e0676fc, 0x7ef7dd7e, 0x82b2f7d8, 0x452408d1, 0xe056f8ea, 0x7ebcf803,
    0xdd0af715, 0x1fc2bbb0, 0xa4fbc8f7, 0xfb4ff73e, 0x69700753, 0x1b4e7b4a, 0x02fb48fb, 0x4c2dd682, 0x0af74af7, 0x3cf707f7, 0x656bc3e3, 0x32de83b6,
    0xba415ab7, 0xfb1b0bfb, 0xfb33fb70, 0xfb7ffb26, 0x822ef780, 0x1f7121df, 0xee2a7d83, 0x77c9f7db, 0xe85ef701, 0x80822ff8, 0xe8165e3d, 0x2ff8eef7,
    0xf9e7eefb, 0xc9fb2f73, 0xc9f72ffc, 0x8b0e062e, 0xdbd5f8d9, 0x825af801, 0x168d3b20, 0xfbd98cf8, 0xf7d5f863, 0x8cfcdb63, 0xfc61f73b, 0x0661fbd5,
    0x1d1cf70e, 0x1e8287f7, 0xc0828720, 0x067a2008, 0x32f72ef7, 0x18fc97f7, 0xfb06f405, 0xf75af8c7, 0x05adf79e, 0x02fc0620, 0x87050dfc, 0x822f0df8,
    0xf9da2250, 0x20748224, 0x283182c4, 0x6af816c4, 0xf90efcda, 0x08168224, 0xd576a05b, 0x48f806f7, 0xf70103f7, 0x9ef8df2e, 0x2ef703e1, 0x2af8df16,
    0xe485cb06, 0x8f1ecc87, 0x3dfbd006, 0x11fc3bf7, 0xf706c905, 0xd111f83a, 0x90053df7, 0x854a8606, 0xfc1a4b32, 0x73f9e12a, 0xfb0704fb, 0x761efc3d,
    0x75577859, 0x06871958, 0xbf76be76, 0x3ffbbd76, 0xfb181ef8, 0x08a38203, 0xf71d704a, 0x30f8e263, 0xf75c13e4, 0xf8e21663, 0x6c130615, 0x86da86d8,
    0x06901ed5, 0xf72ffbed, 0x0560fccc, 0x3273f9eb, 0x130611fc, 0x37903e9c, 0x861e4292, 0x30f72706, 0x5ff8ccfb, 0x0e062d05, 0xe9f8dc7f, 0x25f701dc,
    0xea9cf8ea, 0x2e056644, 0xf722f769, 0xf77ff727, 0xf726fb7f, 0x8265fb22, 0x265c0801, 0x7ffb22fb, 0x27f77ffb, 0x64f727fb, 0xfb04dc1f, 0x09f7222f,
    0x4bf74cf7, 0xf705f7f3, 0xf330f730, 0x4bfb05fb, 0xfb234cfb, 0x1f30fb09, 0xf776a00e, 0xb8f7d6b8, 0x91f701d7, 0xe7fdf7e7, 0x1691f703, 0xf7b8f7e7,
    0x4ef70627, 0xf7d40cf7, 0xfb33f72e, 0x53fbc40c, 0x067efb1f, 0x1504fce7, 0x152c1a82, 0xdb2cf707, 0x2000fb6b, 0x2bfb5e3f, 0xcb234084, 0x82a6f7d5,
    0x92430840, 0xe9fef7e3, 0x1692f703, 0x51cbf7e3, 0xfb66f71d, 0x06f405cb, 0xd9f772fb, 0xa00cf705, 0x06f7cfd8, 0xfb2df71a, 0x41fbc10b, 0x0690fb1e,
    0x15f2fbe3, 0x2af7a6f7, 0xd81bf707, 0x402a296a, 0x1f1dfb5d, 0x84dd7e0e, 0x925f08de, 0xe9f0f7e9, 0x7e91f803, 0xf741f715, 0x0bf7e300, 0xc23b02f7,
    0xfb1fad2b, 0x4805b50a, 0xd3a83aa2, 0xb2d2cf1a, 0x6ecddde9, 0xbe1ec05f, 0x4fc205c8, 0x1b23b134, 0x01fb2bfb, 0x210afb3b, 0x6fd856eb, 0x610bf71f,
    0xd06ddc05, 0x411a3f6f, 0x3120603d, 0x4ec3b12f, 0x054b531e, 0x5ff1d447, 0x821b0ef7, 0x25f936f4, 0x59f801d9, 0x59f803e8, 0x25f9e816, 0xfdd99cf7,
    0x9bf73d00, 0x28818206, 0x01772ef9, 0xf8e660f7, 0x201c8231, 0x08818288, 0x1bf73a2c, 0x1f7ff7dd, 0xfc2e43f8, 0x44fb0746, 0x04fb532b, 0xc32d03fb,
    0xf81e44f7, 0x43fc3046, 0xf780fb07, 0x38f73a18, 0xe98b0e1e, 0x3a8215f9, 0xf9445c08, 0x53f8031d, 0xf706f616, 0x0573f9a3, 0x21fb062d, 0x356c23fc,
    0x356c4574, 0x6a068619, 0x6dd175e1, 0xf822fbe1, 0x062a1823, 0xf8ef8b0e, 0x8b10f793, 0xfaa81277, 0xf7b01340, 0x1d2a166a, 0x4ef816f7, 0x9bd01305,
    0x9ac198c5, 0x068f08c4, 0x55985299, 0x18f7519b, 0x5c184efc, 0x8248f71d, 0x06322a51, 0x7b23fc2b, 0x793e7b3c, 0x2750823b, 0xd975db75, 0x0cfbd976,
    0x37395082, 0xfc0afb06, 0x763d7522, 0x193b763c, 0xdb780687, 0xda7ad978, 0x1822f82c, 0x051b432c, 0xf8593708, 0x59f703f3, 0xf706ef16, 0xa15af710,
    0xa7b0a1af, 0x068f19b8, 0x66a45ea7, 0x12f767a1, 0xf5185afb, 0xf88dfb06, 0xf77af70c, 0x062905fb, 0x51fb08fb, 0x6d796976, 0x4b826072, 0xb66f3108,
    0xad76a978, 0x51f70bfb, 0xf7062418, 0x05f9fb7b, 0x1d1cf70e, 0x03e75af8, 0xe7165af8, 0xf706b2f7, 0x0555f893, 0x06fb062b, 0x556f63fb, 0x546b576e,
    0x6c2b3482, 0x6ebe71c2, 0xf707fbc2, 0x82291863, 0xfc290820, 0x8b0e0555, 0xd9d6f8da, 0xf86cf701, 0x6cf703d5, 0xdad5f816, 0xf8065efc, 0x05edf852,
    0x3da7fcc2, 0xfc0730f8, 0x05edfc52, 0x0964470e, 0x1535e708, 0x1afea9a9, 0x6d6d1afa, 0xd47f0e05, 0x76f87663, 0x93f712d5, 0xe6c6f7e4, 0xb813da3c,
    0x21f71ef9, 0x4d4d5715, 0x4b1b4e6f, 0xd3caa352, 0x7ef7b9d3, 0xb4131f9d, 0x1566fb93, 0x41937413, 0xd6781305, 0xf706e2f7, 0xfbe1421c, 0x622f2c28,
    0xb01e5467, 0xbcab054c, 0x1bd2add1, 0x404cb0f5, 0xadfb1f8d, 0x4f06fb75, 0x131a0dfb, 0x53de2ab8, 0xb4131ef1, 0xb9b3d9d8, 0x7f0e1fc7, 0xf87660d7,
    0xf712d873, 0x4d00ff90, 0xffff0080, 0xe70080b2, 0x13eaf0f7, 0x7f9ef8ac, 0xf725f715, 0xf701f70c, 0x3936f74c, 0x36fb05f7, 0x5f6a4641, 0xed8f1f4f,
    0x2f6ff705, 0xfd6c1307, 0x741307b0, 0xb41306d4, 0x8f05c394, 0x5fac1306, 0xcc73ccc1, 0x15d77a1b, 0xb59c515b, 0xaef71f54, 0xc7c7bb07, 0xf71bc2a5,
    0xfb37be0e, 0x3919fb08, 0x70832239, 0x33f84708, 0x91f701d8, 0xbbf803ea, 0xd7dc157f, 0x1fc7c1a9, 0x6505c762, 0x476d525f, 0x3712fb1b, 0xf710f7de,
    0xf7e0e20f, 0x75bbc511, 0xb81fb765, 0x5eb505c6, 0x1b32af4b, 0x1ffb39fb, 0xfb49fb23, 0x2214f746, 0x0e1f3ef7, 0xb882d87e, 0x12d8742b, 0xf7e969f7,
    0xffffe6f1, 0x08bc82b1, 0x804e0083, 0xf8b81300, 0x13157e65, 0xaccddeb4, 0x8e1fbab6, 0x94741306, 0x7813054c, 0x30b0f9d5, 0x65fb8a06, 0xb2052e90,
    0x3ea35855, 0xfb20fb1b, 0xfb01fb11, 0xb8131f45, 0x21f246fb, 0xa21e29f7, 0x402115d8, 0xf714f7db, 0xf2dfe010, 0x627bbfc2, 0xb0fb1fc1, 0x55565a07,
    0x0e1b4e71, 0x50f7d47f, 0xd33df7cd, 0xe97cf701, 0x03df01f8, 0xcff7d9f7, 0xe09af515, 0xf61be9ca, 0x00fb4ecc, 0x60fba91f, 0x52576a15, 0x37c4827a,
    0xf7d43110, 0xf81f8707, 0x998d0651, 0x1a9e9f8d, 0xf12b2cf7, 0x26fb35fb, 0xd5087282, 0xfb45fb00, 0x211bf745, 0xd4e73af7, 0x1ec2afa5, 0xf876a00e,
    0x52f7d56a, 0x48f801d5, 0x48f803e4, 0x6af8e416, 0xfbd579f7, 0xe306bc79, 0xbbecc0b4, 0xb77885ad, 0x05cfa11e, 0x945857a1, 0x2afb1b55, 0x18fb3547,
    0xfb075d1f, 0x46058630, 0x0e0730f7, 0xf7ca8efb, 0x765ed647, 0xf7c83ff7, 0xcc56d185, 0xda7ff712, 0xd934e35c, 0x8adfabf7, 0x40d913e4, 0x1583dbf8,
    0xde20da13, 0x51597bb5, 0x12fb543c, 0xb24a10fb, 0xba131fc4, 0xaa9dab40, 0x131ea8be, 0xa38440d5, 0x1baa89a7, 0x1585f7a4, 0xd9be4e40, 0xd6bfc8d8,
    0x3e57c9d3, 0x4058503d, 0x3afb6a1f, 0xc0d81315, 0xb79e6244, 0xa69f9ba4, 0xac7c1f9d, 0x1bab85b0, 0xd2eb0ef7, 0x74bb09f7, 0x1fa56db3, 0xfbd123f7,
    0x46820672, 0x72942208, 0x1b6a8e6f, 0x40230cfb, 0xab4a0bfb, 0x1f6eb05d, 0xb8130786, 0x726e60c0, 0x5d1a6865, 0x7ca86fa6, 0x0810821e, 0x5220ba56,
    0x615e6b6a, 0x54eb2b1a, 0x4cf739f7, 0xf0e309f7, 0x20d9131e, 0xfbb049e6, 0xa00e1e20, 0xdb71f876, 0xe699f701, 0x03e7c5f7, 0xe61699f7, 0xc3061ef8,
    0xc9a6becb, 0x63b9dd1b, 0xe0fb1f22, 0x07ecf7e7, 0xd14823f7, 0x48330cfb, 0x1e515863, 0x0507f78e, 0x07306bf7, 0x23083983, 0x18f777b4, 0xf8121bf7,
    0xfb20f742, 0xe813e707, 0xe7165bf8, 0x062fb4f8, 0xf7b8f013, 0xfb0a2004, 0x5df9d587, 0x82202286, 0x2c082287, 0x1587fb11, 0xeac144f7, 0xf81f19f7,
    0xc9fc2fc3, 0x536d2f07, 0x5e6200fb, 0x1e649f96, 0x7605466e, 0xc37cc3b5, 0xf7f0131b, 0x2017fa4b, 0x089d820a, 0x0177b371, 0x03e5b5f7, 0xe516b5f7,
    0x0cf71d36, 0x54f70ef7, 0xf1059dfb, 0xf784fb06, 0xf766f7da, 0x0624056d, 0xb4fbaafb, 0xb1f88805, 0x7f0e0631, 0x4cf801d7, 0x00f903e7, 0xb1c6157f,
    0x1fbc9c99, 0x7b05d073, 0x6c836c62, 0xab614a1b, 0x00f91fdb, 0x07f8fc2f, 0x48cb15fb, 0x0e1e08f7, 0xffd80a22, 0x00804f00, 0x80b0ffff, 0xb5f7e600,
    0xe6b6f7e6, 0x41d8ce13, 0xc5390503, 0x1bbda6c4, 0x285db4de, 0xe6e0fb1f, 0xc3071ef8, 0xbfa6c1c7, 0x5eb3df1b, 0x08108327, 0x07ecf727, 0xd7511df7,
    0x473e12fb, 0x1e494e60, 0xb45970ca, 0xd6131b2e, 0x5762493d, 0x06881f53, 0xdc82b613, 0x40ae1305, 0x24638206, 0x00ff98f7, 0x2064834e, 0x256483b1,
    0xcc13eac4, 0x628498f7, 0xbbcbc229, 0xe01bcba7, 0x822560b6, 0x83ea2051, 0x4d1f2c51, 0x1e13fbd5, 0x4833d413, 0x834f5762, 0x83b42046, 0x41ac2146,
    0xf829d783, 0xf701d833, 0x0cf8ec6b, 0x059a47ec, 0x1af72b2c, 0xf746f7f4, 0xf31afb49, 0x01822bfb, 0xa8431a20, 0x1a880805, 0x1f2bf722, 0x04fb04d7,
    0x10f7de3f, 0xdfd710f7, 0x05f704f7, 0x10fb37d6, 0x384010fb, 0x0e1f05fb, 0x90f70a21, 0xf7e63cda, 0xe613eaf0, 0x79fb90f7, 0x63f7e615, 0x05d28906,
    0x75c7c463, 0x25f71bc9, 0x00f70df7, 0x3cf74df7, 0xfb01f738, 0xea131f34, 0x62674340, 0x06871f52, 0xcc83da13, 0x40d61305, 0xfc90f706, 0x4e601575,
    0x1f52b69b, 0xaff7e613, 0xc6c9bb07, 0xf71bc1a5, 0xfb3bbd0f, 0xd6131f0d, 0x3a3c1afb, 0x0e1e00fb, 0x6a246782, 0x5b01ffe9, 0x0020f982, 0x30240482,
    0xb4ffffe6, 0x4b260b83, 0xec130080, 0x788223f9, 0xda133e08, 0x069af9e7, 0x0644d913, 0x5582e913, 0xb5068605, 0x43a35454, 0xfb20fb1b, 0xfb01fb12,
    0xf14afb45, 0x1f2af725, 0xc8deec13, 0x1fbeb6ab, 0xfb052a86, 0x1d80ee3d, 0x17f7d845, 0xdfdf10f7, 0x099b82f1, 0x7bc3c00a, 0xfb1fc062, 0xec1307b0,
    0x73545658, 0xa00e1b4e, 0xdc6ff876, 0x77ab777f, 0xdbdcf712, 0xc413e63b, 0xe616dcf7, 0xf706d3f7, 0xb5d7cc06, 0xa2b51bdf, 0x1fae7e85, 0xd9a39413,
    0x9bc81305, 0x60916a68, 0x5635271b, 0x891f5234, 0x83a81306, 0x130514f7, 0x0e063fa4, 0x40f8d17f, 0xa8f701d1, 0xe7b7f7e8, 0x7f94f803, 0xe12ef715,
    0x46dfe2d4, 0xb028fbb5, 0x47a4291f, 0xb51ab8a6, 0xcef1afac, 0xbc6974c6, 0x05c5b71e, 0xaa3855b1, 0x2afb1b39, 0x3c36483d, 0x04f75bea, 0x1af71f6f,
    0x606bb66b, 0x645c5e1a, 0xa8482929, 0x5f1e4eb8, 0xcd5c054f, 0x1bf666e9, 0xf8d57f0e, 0xf812d52c, 0xffffe61f, 0xf70080ae, 0xe0131d07, 0x157ff1f8,
    0x9c99cac5, 0xce771fbc, 0x61657d05, 0x221b5881, 0x1fedbe6a, 0xa0f797f7, 0xf7a0fbd5, 0xd013072d, 0xfb80063f, 0x8632fb2d, 0x13074605, 0xfb2ef7e0,
    0x1bfb0695, 0x32f731bf, 0xdb7e0e1e, 0xb5f8765d, 0x7e08f082, 0xc1f7e792, 0x13da3ce6, 0x7e4bf8b8, 0xe3b41315, 0xc6c6b3cd, 0x13068e1f, 0x05359374,
    0xf8d67813, 0x130630b5, 0x0716fcb8, 0x6e574f4c, 0x5f391b4c, 0xf71ff2b5, 0xedfb2fe1, 0xcb1ffb07, 0x1e0df741, 0xf8d58b0e, 0xf701776b, 0x03bef873,
    0xf51655f8, 0xf872f706, 0x063205b5, 0xcbfb10fb, 0x54765678, 0x86195778, 0x77bf7806, 0xfbc076c2, 0x18cbf70f, 0x8b0e062d, 0xea08f8d9, 0xe6f9d501,
    0x8290f703, 0xf7e53930, 0x9bc09cb7, 0x19c29abe, 0x549c0690, 0x579b5999, 0x18b9fbe9, 0x3ff71d39, 0x342a4882, 0xd0fb2b06, 0x597e587c, 0x4782597d,
    0x7dbd7c32, 0x25bf7abc, 0x3218d0f7, 0xd2fb2706, 0x5b7c587c, 0x85281782, 0x7cbd7e06, 0x28bf7ebc, 0x2e231782, 0x83a00e06, 0x015008d8, 0x9ef883f7,
    0x1683f703, 0xf7e506eb, 0xa1aca013, 0x19aba1ac, 0x6ba3068f, 0x6aa16aa5, 0x1813fbea, 0x62fb06ef, 0x52f7a7f7, 0x2b05a2f7, 0x0cfb3906, 0x6c776d78,
    0x87196c78, 0x74aa7606, 0x34a877aa, 0x28180df7, 0xfb51f706, 0xfb0e0599, 0x54f9d67e, 0x713fe282, 0xf703c2f8, 0x157efbd2, 0xddcb0af7, 0xf71fb7f5,
    0x05e3f87f, 0x08fb0631, 0x5a7ac3fb, 0x83795477, 0x753d09a1, 0x76c275be, 0xf717fbbb, 0x062b18c3, 0xb6fc8ef7, 0x4805627c, 0x41596071, 0x9077791b,
    0x781f8090, 0x9e840542, 0x1ba786a5, 0xf8d58b0e, 0xf701d520, 0x0386f891, 0xf81691f7, 0x0afcd586, 0xf8fef706, 0xfcbc0539, 0xdaf74154, 0xfc00fc07,
    0xf70e0539, 0x73f81d0b, 0x9df803b5, 0x611504fa, 0x06b57cfe, 0xbdc2540e, 0xbab7bbb6, 0xb9b066bb, 0xba3ef7be, 0xba5ce95c, 0x75bc0df7, 0xd0e212a1,
    0x25f8d1d2, 0x13d3d5d3, 0xaef95ef6, 0x5e150ef9, 0x4c9d529d, 0x0013089b, 0xc4a6ce24, 0x08b5b4ad, 0x65440113, 0x058880a4, 0xf85aa8fc, 0x75670665,
    0x7b5a795e, 0x9c2f9e37, 0x666b9831, 0xd080d118, 0x327dcc7f, 0x307e2a77, 0x0c130884, 0x967f9492, 0xf77c9077, 0x0ff79708, 0xac01f79f, 0x75d176da,
    0xfd0875c1, 0x156dfb2e, 0xded01afb, 0xd33844f9, 0x075a1af7, 0x9d6ab1b9, 0x9e5a9e60, 0x1ef61319, 0xadb5a7bd, 0xa163b5a8, 0xe4fb1d22, 0x06b5f75c,
    0x796e7773, 0x9d597b6a, 0x98579b56, 0xb6186766, 0xb37eb580, 0x5278577d, 0x9782547e, 0x91779a81, 0xd099cf7d, 0xc1a6ca9e, 0xaf75ba76, 0x8dfd0876,
    0x390f8206, 0xbaa8c99f, 0xaa75b577, 0x18b1ba77, 0x9d659d6d, 0xa8ba9d60, 0xb6a6aeb3, 0x55829f64, 0x5cd1100a, 0x7606a3f7, 0x6d7a7077, 0x5b9c5f7b,
    0x67985d9b, 0x80b11867, 0x7eaf7eb1, 0x7c4f7656, 0x80978252, 0x7e927698, 0xfb5bf708, 0x25f815db, 0x0625fc59, 0x7cf725f8, 0x25fc5c15, 0x25f807ba,
    0xfc151ffb, 0x25f8bb25, 0x21fbd306, 0xfcacf715, 0xfbacfbb3, 0x05fa543a, 0x3f0e07c2, 0xd09af8cd, 0x53d01af7, 0xa8f812c3, 0xf7e813d0, 0x15d5f8ae,
    0x074df746, 0x46463a5a, 0x7d995d2e, 0x7b9570a0, 0xdbc606f7, 0x08f4c2e4, 0x28c21d34, 0x5ceb30e8, 0xa5a19d96, 0xaf38989a, 0xd757cf3a, 0xd05cf708,
    0x9d0605fc, 0x96b89ab6, 0xb6f708b9, 0x46e0fcd0, 0x81066ff7, 0x785e7c5d, 0x98130860, 0x27f767fb, 0x3d0a41f7, 0xb71569fc, 0x08f7bce4, 0xb450eeb0,
    0x52216218, 0x42630ffb, 0xf7edf708, 0x3f7415cb, 0x594d3561, 0xcc1862c2, 0xa5e8b2c4, 0xfbcd08dc, 0x8880159b, 0x7d1e7e87, 0x598b608a, 0x9378958c,
    0x08788e6f, 0x968bb6ce, 0xf80ad5a6, 0xf707461c, 0x1522fb01, 0x34a748a9, 0xa2c75194, 0x6ec38118, 0x08cd6ce2, 0xc31592ce, 0xa423c63f, 0x18abc747,
    0xf04ece73, 0x0e08d751, 0xf7d5f8e4, 0xc8ca010a, 0x0a221cf7, 0x24b53ff7, 0xa4adb70a, 0x6eaeb2a2, 0x88886da0, 0x1e888a8b, 0xc3b1a7ca, 0xe40e1eb1,
    0x43f78cf9, 0x21d7f81d, 0x19f7860a, 0x374ef712, 0x4f6df70a, 0x2af7870a, 0x2af7e8f7, 0xf743f701, 0x8ef7032b, 0xb3157af8, 0x0ad2a8af, 0xfc1fb36e,
    0xafb3047e, 0x0a45b8a9, 0xb36dae5e, 0xd47e0e1f, 0x72f7e5f8, 0xe122f71d, 0x83f719f7, 0xf73582f7, 0xfb22fb15, 0x14fb3422, 0x83fb83fb, 0xf719fbe2,
    0x04d41f22, 0xf7e55337, 0xc365f765, 0xc3dedfe0, 0xfb65fb36, 0x38315365, 0xd78b0e1f, 0x6cf7a2f8, 0x4511f91d, 0x5c736306, 0x08804a7a, 0xfc16f750,
    0x0737fba2, 0xf8da8b0e, 0xf801d5d1, 0xb703e410, 0xda61f816, 0x650663fb, 0x6588875f, 0xf73df71f, 0x820ef746, 0x1a1a3e6a, 0xde3912f7, 0x4c2e17fb,
    0x1e4f4a60, 0xba0558c0, 0xc7b1bfb3, 0x51b7e61b, 0xfb09fb3a, 0x227e820d, 0x826afb6b, 0xd7a0089e, 0xf7d1a4f7, 0x63f7d58b, 0x13f7d71d, 0x35ca46ed,
    0x078f1fa0, 0xa7d8f813, 0x1ae1c2c0, 0xcc3108f7, 0x4a360ffb, 0x1e545766, 0xb50552bc, 0xc6a9bfb4, 0x5fbbd71b, 0x50574046, 0x451f2bfb, 0xf7f41307,
    0x3653c63d, 0x34584d3b, 0xb8b25338, 0x4f5d1f60, 0xd3bb5705, 0x1b07f75b, 0xf776a00e, 0xedf7d459, 0xe8f701ed, 0x07f703e1, 0xf715a2f7, 0xa089f73b,
    0x9daa9fae, 0x068f19ad, 0x4e886589, 0x65fb1a66, 0x04a2fb07, 0xec59f7e1, 0x4ff82ad4, 0xc5fb0626, 0x4f055cfc, 0x0e07d4f7, 0xf77e77f8, 0x0bf70120,
    0x8420cb82, 0x853b0382, 0xf70318f7, 0xaf157e4e, 0xb4b4a7a9, 0x6667a96d, 0x62626d6d, 0x1fb06fa9, 0x9b1609f8, 0x85672013, 0x1faf2927, 0xc17e0e0e,
    0x91c196f7, 0x12260483, 0x05f7cb98, 0x048382cb, 0x82bd1321, 0xfb2f085c, 0xd0bdd215, 0x08f709f7, 0x4544cb59, 0x08fb4b59, 0x46bd09fb, 0x04c11fd1,
    0xe7b3736b, 0xabaea3e6, 0x3068a3ac, 0x6a63732f, 0xf7db131f, 0x843efc7c, 0xf708222e, 0x222e8609, 0x8808fb09, 0xe7e6212e, 0x2f212e85, 0x082e8330,
    0x85cdfb30, 0xf941f815, 0xfca3690e, 0x0510fd40, 0xfa58fb0e, 0x21f7018a, 0xfdf703dd, 0xbf1558fb, 0x1afb05b9, 0xf75313f7, 0x1a59f71d, 0xf7c358f7,
    0x0e82f71e, 0x1d60f725, 0x861e08fb, 0x82a9202a, 0x821f202a, 0x0822822a, 0xf7de0823, 0x1a75f73a, 0xf73873f7, 0xf71dfb3c, 0x5d571e08, 0xfb1af705,
    0x1efbc313, 0xfb1a58fb, 0x1dfb5359, 0x080e82fb, 0xf70e1e4d, 0xf701d1e2, 0xf703d469, 0x1508f769, 0xf76ef7d4, 0x50fbd150, 0xfb426ef7, 0x454ffb6e,
    0x0e064ff7, 0xfb16f788, 0xf7127600, 0x6013cf99, 0x52fb4cf7, 0xc3b1e415, 0x131aebd7, 0xb46ecda0, 0x746b675a, 0x60131e62, 0xf77f0a22, 0x820afb1f,
    0xf74b3025, 0x2460131a, 0x25a0130a, 0x6060130a, 0x82af71aa, 0x4732089b, 0xb20161fa, 0xb20339f8, 0xcd1547fb, 0xfaf7f706, 0x06490561, 0xf8d57f0e,
    0xc001d5e2, 0xe36ef7e3, 0x7f8ef703, 0xdb09f715, 0x8df710f7, 0xf73b8cf7, 0x0182fb09, 0x04823b20, 0xfb8c3609, 0x10fbdb8d, 0xd51f09f7, 0xdf5d4c04,
    0x6cf76bf7, 0xcacad6b9, 0x6cfb40b9, 0x375d6bfb, 0x8b0e1f4c, 0xf7a3f8d7, 0xf7eb1203, 0x13e6306b, 0xf716ccd0, 0xe0131d46, 0x795e7365, 0x5008814c,
    0xf7d01307, 0xfba3fc10, 0x8b0e062f, 0xd6d3f8d8, 0xe6ddf701, 0xf816ba03, 0x3cfbd829, 0x88676606, 0xf71f6489, 0xf247f725, 0x1af71bf7, 0x4411f71a,
    0x3807fbdd, 0x574d6152, 0x0558c21e, 0xafb7abb7, 0xacd41bbd, 0x11fb3d52, 0xfb16fb26, 0x1f65fb49, 0xf7d87f0e, 0x8af7d1a2, 0x38f712d6, 0xe3a025f7,
    0xf413e445, 0x917f81f7, 0xf7d6e41d, 0xcb4ff010, 0x8f1f9f47, 0xcbf81307, 0xe4c3b8a7, 0x4104f71a, 0x4401fbcc, 0x5b57664e, 0x0552be1e, 0xa7b5aeb6,
    0xb3c91bb8, 0x5d424562, 0x1f0cfb4d, 0x0745f413, 0x54be19f7, 0x5d553a33, 0xaf5a4c48, 0x5b1f68b9, 0xb3570550, 0x1bed5bce, 0xf776a00e, 0xfcf7d45a,
    0xbef701de, 0x08f703e1, 0xf715a3f7, 0x9c87f717, 0x9ab69eae, 0x068f19b2, 0x608a5b88, 0x7afb1a64, 0x1639f707, 0xfb4ff83c, 0x85fb0605, 0x4e055bfc,
    0x5afba0f7, 0xda5af7e1, 0x08408307, 0xf7d67324, 0xa001d8fc, 0xf7035ef8, 0xf7bef740, 0xd48b1d1e, 0xf7d0abf7, 0xd812d584, 0x131d1bf7, 0xf716d8f8,
    0xbf82062b, 0xd1e5222c, 0x02f724f7, 0x9b3cbd54, 0xbd82901f, 0xa2d33308, 0x1ad5caab, 0xbf3c14f7, 0xfb1e17fb, 0xfbe70623, 0x84f715ce, 0xb1e207b7,
    0x6a3d326d, 0x631f2b60, 0xf715f0fb, 0x1307c2ab, 0x60b9eef4, 0x5d582830, 0xbf521f27, 0xbd3e0806, 0xc0f703eb, 0xc3d1157f, 0x1fbac5ab, 0x6005c354,
    0x6075696b, 0xe5442f1b, 0x63f766f7, 0xb6dfe5d7, 0xa66974a9, 0x05c5c21f, 0xb15668b5, 0x1dfb1b45, 0x0dfb08fb, 0x99fb98fb, 0x09fb05f7, 0x13551df7,
    0xc92f0807, 0xeb67f7e8, 0x3b16c903, 0xf043f71d, 0x7ef71cf7, 0xf7267df7, 0x1f47fb18, 0xe8060cfb, 0xf81526fd, 0xf707b2d9, 0xfb26c506, 0x514efb4f,
    0x8206fb20, 0xda440837, 0xf7da9ff7, 0xe101db7a, 0x16e103e8, 0xfbdafcf7, 0xf79ff79f, 0x6bfbda6b, 0x96f77af7, 0x06f3fbdb, 0xf776a00e, 0x8bf7dadd,
    0xe8f001db, 0xf716f003, 0xdb7f1d65, 0xf7d97ff7, 0xb401dcb1, 0xe079f7eb, 0x1d4df703, 0x31082383, 0xc8f7dcee, 0xe8c60177, 0x03e759f7, 0x0e1d3ef7,
    0xd6f8d88b, 0xf7d212db, 0x13e92d76, 0xf716d2e0, 0x1306d8fb, 0xf819fbd0, 0xdb19f7d6, 0xfbe01306, 0x0f823bfb, 0xfc18f723, 0x2c0c83d6, 0xf70e0618,
    0xe7d11d1c, 0xf716d103, 0x313b8220, 0x7724f9da, 0x03e8ee01, 0xf5f716ee, 0xf998fbda, 0x87842e24, 0xf7632f08, 0xf7d8f701, 0xf70e1d3b, 0xd9c91d70,
    0x13d970f7, 0xd916c95c, 0x130615f8, 0xdc84d66c, 0x8f1ed587, 0x35fbbe06, 0x5afc33f7, 0x73f9ea05, 0x1882fc3d, 0x92409c32, 0x1e438f38, 0xf75a0687,
    0xf835fb33, 0x062c055c, 0x24067341, 0x80f7eab0, 0x053f43ea, 0xe2122508, 0x95f712f7, 0x95fb0a23, 0xf712fbe2, 0x04dc1f12, 0xf7dd5c44, 0xba6ff770,
    0xbad2d2d7, 0xfb6ffb3f, 0x44395c70, 0x080a1a54, 0xf7e8d32f, 0xd303e763, 0xb8f7e816, 0x6df706bb, 0x0621fb1d, 0xf704fce8, 0xa00e1d67, 0xd6cbf776,
    0x01d7a5f7, 0x58f7e9d1, 0x38f703e7, 0x51f716f8, 0x05a5541d, 0x55083582, 0xf703e957, 0xf7157f90, 0xf7e2d910, 0xbe56f503, 0x441fb748, 0xb84605b9,
    0x1ac9a86e, 0xc1b1b5c6, 0x616fb0be, 0xc7be1eb1, 0x505dc005, 0xfb1b42b1, 0x213c3e03, 0xce58be29, 0x5bd51f60, 0xb367c305, 0x4d1a4363, 0x554a6060,
    0x62c2ae57, 0x054c501e, 0x62d1c148, 0x75821bdd, 0xdb23f935, 0xe860f701, 0x1660f703, 0xf723f9e8, 0x50fcdb43, 0x8244f73b, 0xf9db29eb, 0xc701772f,
    0xe45df7e8, 0x7b08eb83, 0x8b1d53f7, 0x7719f9e5, 0x52f8a601, 0x1654f703, 0x8b1d56f7, 0xf3eaf7ee, 0x66f7778b, 0xf8921277, 0xddb81378, 0xc006eb16,
    0x1305c7f7, 0x1d39f7d8, 0xae1d1cf7, 0xae0342f8, 0xd206e816, 0xaf9753f7, 0xb79abb9d, 0x9c068f19, 0x985c995e, 0x53fbd567, 0xfb06ee18, 0xf708f830,
    0x05fff728, 0xfb48062f, 0x7c697f4a, 0x19617c64, 0xb57b0687, 0xac7fb37d, 0x184af745, 0x28f7062a, 0x0e05f4fb, 0xf7214b82, 0x35ff825f, 0xf7e9165f,
    0x47f7069a, 0x2c056df8, 0x6dfb4206, 0x57785079, 0x32825178, 0x7ac57a28, 0x41c678be, 0x32836ef7, 0x6dfc4723, 0x05444205, 0xf8ba013f, 0x16ba032a,
    0xfbd82af8, 0xb9f706bd, 0xc205eff8, 0xf73b0bfc, 0xbafb079f, 0x0e05edfc, 0x072445fb, 0xfb1ef827, 0x06cd1547, 0x062545fb, 0x63d57e3b, 0xd676f876,
    0xf7e4c412, 0xda3ce65a, 0x5af7b813, 0xb413157e, 0xbcaabfc3, 0x05624cb6, 0x05483208, 0x52f77813, 0x29b8131d, 0x1ede57c5, 0x5f15d5a6, 0xd3c9a268,
    0x29f7b6bc, 0x2efb1fa2, 0x64646007, 0x0e1b6271, 0x7660d97d, 0x12d774f8, 0x5af7e7d0, 0x084582ea, 0xf77d9f21, 0x78131d5a, 0x07d494fd, 0xc094b813,
    0x5c068e05, 0xb377b2ad, 0x1d3cf71b, 0x37f8d77e, 0x82c501d6, 0x7ebb24e3, 0x861d50f7, 0x35f72139, 0xf7316282, 0x13157d73, 0xabb1bfb4, 0x8d1faab9,
    0x93741306, 0x207c834b, 0x0819822e, 0xd251fb6e, 0xa01ef52b, 0x69f715d9, 0x07b6fb1d, 0x0e1d19f7, 0x52f7d37f, 0xd33bf7ce, 0x31e5bd12, 0xdb7cf7e6,
    0xadf7ec13, 0xbacb157f, 0x1fb3a59e, 0x7705c66a, 0x607f6b6b, 0xd551321b, 0x1f8708f7, 0x8d06c9f7, 0x9e9f8c98, 0x4830f71a, 0xfb0cfbed, 0x00fb2304,
    0x46fb45fb, 0x14f722f2, 0xfbf4131e, 0x15ddf721, 0xc8c492f5, 0xb2ce1bca, 0x1f01fb51, 0x08064952, 0x01d5375f, 0x03e751f7, 0x86f977f8, 0x5f6f9a15,
    0xfb1b6097, 0xfb44500c, 0x075b1f0a, 0x058505fb, 0x0e1d5bf7, 0xf7c986fb, 0xc7f5d644, 0x57d181f7, 0x12cb57bf, 0x1d32f7bd, 0xf720f213, 0xf786fb87,
    0xf0131d2f, 0x1d25f7c0, 0x131d26f7, 0x7a9340e5, 0x1b768f73, 0xfb4a3933, 0x5fa44511, 0x871f6eac, 0x201e8307, 0x222e8221, 0x8428f740, 0x1d272934,
    0x8740e913, 0x24f773f8, 0x2c330e84, 0x010a201d, 0x56f7e7ce, 0x16ce03e7, 0x0621f8e7, 0x511d54f7, 0x0d2c089d, 0xf74ef712, 0xe702fb14, 0x60f7e813,
    0x2d079d51, 0x2104f7b9, 0xd573fb0a, 0xf77749f9, 0x2282f718, 0x22876120, 0xfb186a08, 0x20f71573, 0x16f7e5b6, 0x2fb7f81f, 0x3407bdfc, 0x6f46566f,
    0x6e9d956d, 0x05466d1e, 0x7eb5ac77, 0xf0131bbb, 0x03fa1df7, 0x76a00a21, 0x0177b4f8, 0xd703e5d7, 0x1d13f716, 0x70f730f7, 0x1d17f705, 0xd87e0e06,
    0xe751f701, 0xf7e1f703, 0x76711d6f, 0xe91d42f7, 0x0a200e1e, 0x10f7777f, 0xf7ce131d, 0x11f71d1f, 0xf7d6131d, 0x82b58261, 0x1d403c13, 0x2df7cc13,
    0x6315f71d, 0x131e29ce, 0x655a4bd4, 0x871f615a, 0x84b41306, 0x501305d6, 0x450806f9, 0xb701d635, 0xe974f7e9, 0x7f8ef703, 0xe8ea1d91, 0x54f752f7,
    0x03fbe82c, 0x2e2c03fb, 0x52fb54fb, 0x03f72eea, 0x4904d71f, 0x1bf7d35d, 0xd5b91cf7, 0x41bacccd, 0x1bfb1cfb, 0x1f4a435c, 0x7652fb0e, 0xf8d959f7,
    0x6c82d734, 0xf71d303a, 0xe613ea5a, 0x1567fbd0, 0xf71d3ae7, 0xea131d14, 0x131d18f7, 0x05ca82da, 0x16259182, 0xf7e6131d, 0x219b8315, 0x368b1d1a,
    0x7c821220, 0x13e65b25, 0x82e5f7ec, 0xe64f0837, 0xf9dc1306, 0x13074287, 0x055682ec, 0x68b90688, 0x1b5a9e6d, 0xfb253627, 0xd151fb4b, 0xb5b9f62b,
    0x1faab6a8, 0x2b052888, 0x654a15f4, 0xf71df7d1, 0xc7d7be19, 0x5e7fa6ab, 0xb6fb1fa8, 0x6e6b5907, 0x0e1b6878, 0x6ff876a0, 0x12777fdc, 0x56ff02f7,
    0x5f080900, 0x02f7c813, 0xeaf7e716, 0xc3baeb06, 0xa81bc9b0, 0xa57f889c, 0x05daa01f, 0x91776f96, 0xd0131b65, 0x42584f41, 0x06871f5e, 0xf784b013,
    0xa8130504, 0x7e0e0641, 0xd241f8d1, 0xf7e3d701, 0xf703e453, 0xf7157e8d, 0xe3d4d012, 0x40ac33f2, 0x12f71fa9, 0xcec0601d, 0x0e1bda6b, 0x2df8d47f,
    0x34f712d5, 0x250a7050, 0xf77fdef7, 0x54501d57, 0x50082007, 0x043d0654, 0xfb06b0fb, 0xf73cb50b, 0x7f0e1e14, 0xf8765ed9, 0xc01277b4, 0xe753f7e7,
    0x80b2ffff, 0x08a98400, 0xf7b8138d, 0x13157f53, 0xb1b9cbb4, 0x8f1fb5bc, 0x92741306, 0x78130540, 0x2fb4f8d5, 0xfcb81306, 0x64550721, 0x1b61706b,
    0xe3b5794f, 0x2ff0f71f, 0xfb07fcfb, 0xed48b315, 0xd48b0e1e, 0x01776bf8, 0x0348f8ab, 0xf71658f7, 0xd88b1d55, 0xb2e2e9f7, 0xf88c0177, 0x16e40386,
    0xf7b506ed, 0x91c592a0, 0x19ba91b8, 0x5b92068f, 0x52925f90, 0x18a1fbb6, 0xf8e006ef, 0x063b05b4, 0x85cffb60, 0x845b8756, 0x06871958, 0xbb85be82,
    0xf75ec082, 0x824218a8, 0x83a82517, 0x835c8655, 0x832b1783, 0x84bb87be, 0xcff75fc0, 0x42063a18, 0x260805fd, 0x38f8b201, 0xea16b203, 0x66f7c806,
    0x0ffbcd1d, 0xfb06ec18, 0xf7a4f72e, 0x05a4f725, 0xfb54062d, 0x7a6c7f09, 0x826e7d69, 0xa67c3653, 0xa97dae79, 0x180bf74f, 0x24f70629, 0x0e059bfb,
    0xf9d66bfb, 0x25b08640, 0xf76bfb0a, 0xe44f1d4b, 0xf8c53b05, 0x16c50319, 0xfbd519f8, 0xa3f706ab, 0xbd0538f8, 0xf741f3fb, 0xa5fb0787, 0x35823afc,
    0xfaad4908, 0x6ef701f4, 0x6ef703cb, 0xcb15adfb, 0x064bf4fa, 0xf7c9f80e, 0x04f90115, 0xc41bf7c4, 0xf996f903, 0x0a5b15bd, 0x38808066, 0x1654f70a,
    0x4b05b176, 0x32464e6e, 0x63af541a, 0xada2b8b6, 0xa772afaa, 0x38818065, 0x5ef90e0a, 0xf7213482, 0x0a348413, 0xf87af7c1, 0x0a2915eb, 0x4c9696b0,
    0x1654fb0a, 0x96b10a29, 0x0e0a4c95, 0x00f7c97e, 0x32f754c2, 0xbc5aca4c, 0xf7c3b066, 0xbe51fb5f, 0xbfc5c1df, 0xc1f69383, 0xcf92f712, 0xd5cf9a88,
    0x98cfcec3, 0xd09cd4d6, 0x00082013, 0xb2f7d6f7, 0xc692ca15, 0x5097bb95, 0x743718b7, 0xfb7c37fb, 0x1308851c, 0x92000808, 0x8d75947e, 0x4413087d,
    0x8dc6408a, 0x90ca90cb, 0x66fb4908, 0x074ef754, 0x523a5156, 0x7c956d47, 0x7a907398, 0xc4d4aacf, 0xfb08c9c4, 0x47f7cf53, 0xc66cb907, 0xb375a461,
    0x9e6f18b7, 0xa066cd22, 0x49f79308, 0x0749fbc2, 0xfef78ef8, 0x553dfd15, 0x1dd093f7, 0x07d529fb, 0x40820113, 0xabf729f7, 0x7b1da947, 0x8a7c1e8a,
    0x8d4e8b58, 0x78977c96, 0xd6087a90, 0xa9958abb, 0x9394aa1f, 0x131aae9a, 0x9ca05590, 0xfb155dfb, 0xf78afb5f, 0xfb48075f, 0xbbce15cd, 0xd05f8af7,
    0x12fc08f8, 0xf85afb06, 0xadcc1505, 0xb0b3afc4, 0x67c764b8, 0xfb086bcd, 0x1535f764, 0x00240013, 0x3cfb3534, 0x6140fb3a, 0x72997b97, 0xa3e37b91,
    0xb1d9aee4, 0x54001308, 0xfdf75f80, 0x64df07b9, 0x78dc6be6, 0xa6999b94, 0x30fb9b99, 0xd145fbaa, 0x08ec07fb, 0x80cf390e, 0xd0bff0b7, 0x4cf7efc0,
    0x39f7c650, 0x08f712c4, 0xf7d245d1, 0xda79d56e, 0x09f8977f, 0xa07a13c4, 0x1ef861f8, 0x1306da15, 0x11f7a076, 0xfcc635f8, 0xf739f735, 0xb6fdc4fc,
    0xfbfff752, 0x5032fc39, 0xfb0732f8, 0x1554f7a3, 0x57af67af, 0x9ecf699a, 0x64af7b18, 0x08af67be, 0x24fb60f8, 0xb0acad15, 0x44b9adba, 0x6774189b,
    0x696a5360, 0xfc3bf708, 0x5c691519, 0x6554605b, 0xbe76b36f, 0xf708cb7c, 0x04fbc0db, 0x62abbc06, 0x53a641a2, 0x6d5b199a, 0x6fd379c4, 0x131976b0,
    0x70fb9076, 0x88a68706, 0x08a98aa7, 0x6d8d0645, 0x708f6f8d, 0xfb38fc08, 0x80470621, 0x1e4f3738, 0x9f407713, 0x9b7eae84, 0x9fc2d180, 0x08d48fdc,
    0x88066ff7, 0x8372874f, 0x85850882, 0x1b7a8a82, 0x8f8c5b7c, 0x7d931f5a, 0x7d8c7692, 0x8bbf87bf, 0x8ca58ca4, 0x9999919e, 0xb2919d9d, 0x0df7ec8f,
    0xa8b6131d, 0xf7d0b8fb, 0x3d9a06fa, 0x59ac4ba4, 0x6e47684d, 0x819c7546, 0x7f9774a5, 0xa8c9a2c7, 0x5308acc6, 0xdd6ed1c2, 0xa2a8cf1b, 0x791f96f6,
    0x7c977390, 0x813c8599, 0x088a6b7e, 0xb19d5953, 0xb7cb1f61, 0xc4b5bdc4, 0xc9510e08, 0xf1c50ef7, 0xcacdf7c8, 0x124df74c, 0xf7d55df7, 0xd646d94a,
    0x42faf513, 0xca1528f9, 0xfcf61307, 0xee13063d, 0xb491b093, 0x8208b78f, 0xf6a6080a, 0x63865e87, 0xfc086682, 0xfff74c12, 0x06fb5c06, 0x84fb4726,
    0x9b7d9867, 0xf7799170, 0x05f7b699, 0x1cf7bfdd, 0xf723fbda, 0x63f74124, 0x9ea2956d, 0xfb9c9ba9, 0x20fb9e5c, 0x06f743c7, 0x7cf51308, 0xf715aafc,
    0xd5fbc5d5, 0xc810f8f1, 0xf84ed7fd, 0xfbaefb10, 0x416af753, 0x33fb6afb, 0xc92afa4d, 0x0e0637fc, 0x31f7faf8, 0xf73ef901, 0x8df90332, 0x0a2bfaf8,
    0x01b5fbf7, 0x037cfa8b, 0x25f87cfa, 0x617cfe15, 0x0e067cfa, 0x01010a00, 0x2d22170c, 0x594e4338, 0x20f86f64, 0x1da9260c, 0xeeef0100, 0x0c21f812,
    0x0a82a226, 0x123cf027, 0x260c22f8, 0x260a83ab, 0x23f81253, 0x82a5260c, 0x84fc270a, 0x0c24f812, 0x0a83aa26, 0xf8129e26, 0xa0260c25, 0xfd240a82,
    0x26f81215, 0xfd2f4185, 0x27f8122a, 0x1dae260c, 0x7c160200, 0x8428f812, 0x1e02252b, 0x29f812ff, 0x4d082b84, 0x128f1f02, 0xb4f8987e, 0x9746f798,
    0xa08efb06, 0xe00ad907, 0x0cacd90b, 0x0c95e00c, 0x147cfa0d, 0x030013a9, 0x21140101, 0xa8b4152a, 0x6eb4b3a6, 0x6e6262a6, 0xa8636270, 0x0e1fb470,
    0xf77664fb, 0x34f8d86c, 0x12777fd8, 0xf876a00b, 0x0883db71, 0xf9997d31, 0x9793985e, 0xdc0ace06, 0x0c95ce0b, 0x8497dc0c, 0xe0fe3848, 0xb80b1c8b,
    0x0acd068b, 0x93ab0bd0, 0xab0c0ca5, 0x0d0ca596, 0x82110c8c, 0xf64a0a64, 0x0013ab15, 0x010002be, 0x1e000900, 0x2b002200, 0x3f002e00, 0x5e005900,
    0x7b006600, 0x95008200, 0xb1009f00, 0xcc00bb00, 0xe400d400, 0x0101f300, 0x1c010f01, 0x31012601, 0x47013c01, 0x57014d01, 0x6b016101, 0xa9018301,
    0xcd01c501, 0xfb01ef01, 0x0d020402, 0x18021102, 0x28022002, 0x38023002, 0x73024302, 0x80027c02, 0xbe029702, 0xce02c802, 0xfd02f802, 0x19031503,
    0x2d032503, 0x4a033503, 0x92036e03, 0xcc03b303, 0xf603d603, 0x28041604, 0x64044704, 0x87047e04, 0xa4048d04, 0xd204bb04, 0xeb04e504, 0x0f050005,
    0x27051a05, 0x37053105, 0x52053f05, 0x6a056505, 0x8e057c05, 0xb0059f05, 0xc005b705, 0xdd05d105, 0xfd05ed05, 0x1d060d06, 0x37062d06, 0x55064606,
    0x68066406, 0x73066d06, 0x8c068506, 0xc306ba06, 0xd106ca06, 0xe506d706, 0xfc06f206, 0x0b070207, 0x29071007, 0x3e073807, 0x4c074507, 0x6a075e07,
    0x7a077007, 0x94078307, 0xa3079c07, 0xaf07aa07, 0xcc07c607, 0xda07d007, 0xea07e507, 0xfa07f407, 0x14080508, 0x27081808, 0x45083608, 0x5f084f08,
    0xa608a108, 0x0c09e408, 0x28091a09, 0x44093609, 0x60095209, 0x72096409, 0x83097a09, 0x98099009, 0xb209a509, 0xcc09bf09, 0xe409d809, 0xfc09f009,
    0x140a080a, 0x2c0a200a, 0x3c0a320a, 0x4f0a440a, 0x650a5a0a, 0x7b0a700a, 0x910a860a, 0xf750f7d1, 0x0bd24503, 0x1db70a8f, 0x1de40aae, 0x1dbe0a94,
    0x130596bb, 0x8e500240, 0x0ab7150a, 0xf8da150e, 0x0ff70627, 0x0a5d0b1d, 0x630ad10e, 0xcc6a6f7a, 0x717c9d0a, 0x53757272, 0xf4fd0b1f, 0xb715e7f7,
    0xb0baa59d, 0x509cc01b, 0x460dfb3c, 0x08fb18fb, 0x0b1f65fb, 0x1d64f715, 0xf721f70b, 0x17f71a1a, 0x0565a00b, 0xcfc8a9cb, 0x67c21ae4, 0x745e60b3,
    0xa4676b6a, 0x17fe0b6f, 0x0a2f0ef8, 0xafb6150b, 0x67b8b9ac, 0x676060ac, 0xaf5d5e6a, 0x0e1fb66a, 0xf21d0ef7, 0x48da43d4, 0xb1150bd0, 0x98dda6bd,
    0x189457ce, 0x42704d7e, 0x0b086068, 0x73720a85, 0x80637a63, 0xe3150b08, 0xf9cceffc, 0x72065a5e, 0x10846473, 0xbc24a782, 0x0b0acf9c, 0x0808764b,
    0xd5654925, 0x0b1f19f7, 0xdbbf15f7, 0x80a6aac7, 0xfb1ea861, 0x290b07b6, 0x1eca57b2, 0x6b15d5a5, 0x1fc9a273, 0x82b6290b, 0xd5a2240d, 0x836f6c15,
    0x8a41340d, 0x1895c25f, 0x82d385b4, 0xd40b1ec5, 0x35f72ef7, 0x8225c248, 0x14510841, 0x00f70afb, 0x9013e12a, 0x8586880b, 0xbfaeb71e, 0x0b1ea6c1,
    0x0703fbd9, 0x88887377, 0x280b1f75, 0x31da5f0a, 0x1f53710b, 0xf8d220fc, 0xd30b072e, 0xa2ebb6ae, 0x0738fb1e, 0xf70cf70b, 0x5991f792, 0x8f0b05f7,
    0x4040130a, 0xca0aae00, 0xf70a941d, 0x05644105, 0x4009e108, 0xf7c70a8e, 0x16f706ea, 0x5639e05c, 0x6169695c, 0x054eae1e, 0xa4aaa8a8, 0x9cbf1bac,
    0xfb1f4349, 0x50417015, 0x0b1a0dfb, 0x06eef7c7, 0xd05e22f7, 0x6a5e5b3b, 0xaa1e6871, 0xa2a0054c, 0x1baba5a6, 0x0b0acabd, 0x791d5df7, 0x0a717f34,
    0xcfb0f415, 0x1a00f7dd, 0x54b86dd1, 0x5c726862, 0xb473ad5c, 0x8c8b9091, 0x47861e91, 0x6b3e5c5f, 0x0a7b0e08, 0x6b05626d, 0xbd77b7ad, 0xf7150e1b,
    0xfb8cf782, 0xb90b0782, 0x6363a867, 0x0b5d6e68, 0x0b7c0a4a, 0x74777365, 0x8b0e1b6f, 0xdca4f7d5, 0xb70bd5b6, 0xe3b4e8c0, 0xcc0b12c0, 0xfb03f7e7,
    0xf70bcc01, 0x58c35f00, 0x8f0b1e9a, 0x5f1e918f, 0x70555768, 0xfb150b1e, 0x3c33fb57, 0x0efb0cfb, 0x054faa1f, 0x0bf707f7, 0xf7d228f7, 0x46f71b46,
    0xfb4428f7, 0x1f240e82, 0xf705c7aa, 0xfb2d1e82, 0x57fbda33, 0x19f70e1b, 0x4bbbf71d, 0x08b68257, 0x0a518657, 0x32f735f7, 0x8f529315, 0x83c10a35,
    0x9b529d15, 0xbd5f9142, 0x150b0a7c, 0xf89f06cd, 0xa0130518, 0x050af78d, 0x8d0602fb, 0x13050afb, 0x0ffdc0c0, 0xa5a8ae15, 0x1d37f7b3, 0xaf71a763,
    0x06530e1f, 0x7cfc88f8, 0x0b0a5915, 0x5a7cfc4b, 0xbda50b0a, 0xc2a3c6aa, 0x080d5208, 0xd3077d3b, 0x271552f8, 0xfc89fb06, 0xf750055b, 0xd35cfba5,
    0xcfdf5cf7, 0xba0b0737, 0x28348216, 0xa8afb315, 0x5d0a45b9, 0x087456ae, 0x6d0ad226, 0x150e1fb3, 0xd2374a82, 0xf70627f8, 0xf8d21d58, 0xd20b072e,
    0xf7d20a5f, 0xda0b07f7, 0x83da0a5f, 0x13294907, 0xbd0be908, 0xe6bfb1a5, 0x5308f71a, 0x5f5a38cc, 0x1e6b5b68, 0xb20553b2, 0xaca6a9a0, 0x60a8b81b,
    0x4e6a4045, 0xc90b1f33, 0xc6b9c8b9, 0xb560c91a, 0x7061583f, 0xb31e6a64, 0x9fa60566, 0x1ba89da6, 0x67769eb3, 0x23634d5a, 0x150b1f44, 0x5afb0628,
    0x880592fb, 0xfd31aaf8, 0x1d29e594, 0xf700f7e3, 0x0578fb16, 0x3ffb06e9, 0x0b05b9f7, 0xbc06eff7, 0xa6a59f9c, 0x6e98a71b, 0xe8fb1f56, 0xf7eff7ce,
    0xe8fb1d6e, 0xadba120b, 0xddd2f30a, 0x150b0aad, 0xf7eef7d9, 0xd8eefb19, 0xfb3e73f9, 0xf719fbc8, 0xf7063dc8, 0x1573fde2, 0xfbd584f7, 0x460b0631,
    0x53b0ed07, 0x59643a35, 0xac6c5c5a, 0x651f74b3, 0xa65b0554, 0x1bce5dbb, 0xf7d8cde1, 0xfc0b1f15, 0xc2f71509, 0xa9cf07a0, 0x2000fb66, 0x1f47596d,
    0xb9a7ca0b, 0xf71ae4c3, 0x21cf4101, 0x0805be53, 0x0556ba42, 0xa9b9aeb5, 0xb8cd1bb8, 0xf70b4161, 0xe3d5cc00, 0x7077aab2, 0xc7b91ea6, 0x5d66ae05,
    0xfb1b47a5, 0x2d03fb14, 0x0b1f36fb, 0x157eb7f7, 0xb9a1c7c9, 0xc7641fb7, 0x636d6d05, 0x311b5f75, 0x01f7d34d, 0x35211982, 0x09dc821d, 0x0b1d0e96,
    0xd7c60acf, 0xf9b50b0a, 0x44fb5594, 0x05388f06, 0x99797cac, 0x64581b76, 0x1f58fb32, 0x15cccc0b, 0xf7e930fb, 0x56fbcc56, 0x8efb49e6, 0xb1fb25fb,
    0x0b0603f8, 0x2f94f9d8, 0x8e0674fb, 0x69b40524, 0x1b5e9d6c, 0xfb2f3527, 0x510b1f38, 0x5868685c, 0x83c41e78, 0x1b5ba876, 0x29f76a5a, 0xa4ba0b1d,
    0x0b0a76af, 0x0dfccd06, 0x92cef715, 0x66add407, 0x03fb08fb, 0x1f425969, 0xe2f8120b, 0x1ddf1db5, 0x5abcf3cb, 0x0bcaf3bf, 0x4b1d0ef7, 0xd1378ef7,
    0xc50bda47, 0x79d37e0a, 0x23f838e2, 0x0e062b18, 0xf7d74bcb, 0x5af71d30, 0x0a7d0bea, 0x0be756f7, 0xd60bf7d7, 0x0b0ab29b, 0xd53ed97d, 0xcb4ec84e,
    0x46d02ff8, 0x41d73fdc, 0xc20b12d6, 0x0af71ae5, 0x5b3ec956, 0x6e5c6965, 0x0552b11e, 0xf7d20bb1, 0x1f0b1d10, 0x8405d27c, 0x7f898680, 0x9e7b791b,
    0x15f91fb7, 0xa593ae0b, 0x8e19ae95, 0x8a5d8a06, 0xfb1a6464, 0xf90b0768, 0x15cbf7fa, 0x2ff747fb, 0xc50647f7, 0x0b1d7dcc, 0xa9cb0762, 0x726c6d79,
    0x6e63657d, 0x1f73a39b, 0xad0acb0b, 0x0b3baf4f, 0x12d949cd, 0x1d34f7ce, 0x28f7e90b, 0xe628fbcc, 0xfb8efb4c, 0xf7b2fb03, 0x0a280bb9, 0x4d38da61,
    0x6f4d5667, 0xb6120b1e, 0xf7d250c6, 0xc653c309, 0xf7d208f7, 0x06610b79, 0xc1fc91f7, 0xa39aab15, 0x8d1f9caf, 0x3ffb0b06, 0x1ef534d2, 0x4915d9a0,
    0x07f7cc65, 0x5efb0b1f, 0x1ec538aa, 0x6f15d196, 0x20f7d67a, 0x2a090f82, 0x38f7ca85, 0x56cd46d1, 0xf7c356c0, 0x150bca67, 0xcdeffce3, 0x065a5ef9,
    0xb358050b, 0x1bf059cb, 0xd8e301f7, 0x0b1f0df7, 0x4a49471b, 0xa04511fb, 0x1f6ea65f, 0xa40b0787, 0x9d95a6af, 0x801f9c9a, 0x9a859e99, 0x0a970b1b,
    0xf7d20aa8, 0x7a0bd182, 0x060a7e0a, 0xb75fba0b, 0xb899c35f, 0xca7bc45e, 0xc58eb997, 0xcd0bba8e, 0x871f780a, 0xb48d0b06, 0xc582d486, 0x1584b308,
    0x4198539a, 0x9db9608e, 0x7eb48718, 0x08c37ad1, 0xa41584b5, 0x923ba34e, 0x18a6ba59, 0xd972b985, 0x0e08c86f, 0x9fbeaa15, 0x08cb92df, 0xf7ae120b,
    0x0bc94296, 0xd43ef7e8, 0xac0b0a7f, 0x0a2e03f9, 0xdbf8cf0b, 0xa49eb815, 0xc01bb0b9, 0xf70b0ac2, 0x1534f714, 0x3f8f5292, 0x0b085e89, 0x7acdacca,
    0x96bda9cd, 0xf7560bcc, 0x0b0a3996, 0xf782f715, 0x0782fb46, 0xfd15d20b, 0x0a440b72, 0xfb04adf8, 0xf78cfb79, 0x98450779, 0xf7c2d10a, 0xf9d4588c,
    0xf90e076e, 0x15c4f7d4, 0x2ff783fb, 0x6a0683f7, 0xf7cd0b0a, 0x0b0a4a2f, 0xcc2ff7cc, 0xe70bcce9, 0x82d53ef7, 0x6e66357a, 0xa866666e, 0xa8b0b06e,
    0x6eb0b0a8, 0x0b1f66a8, 0x065b0ad6, 0x3507ae46, 0xcf66f801, 0xb0cd0b03, 0x1ea8e9b6, 0x0b0736fb, 0x5a655a4b, 0xf6821e61, 0xbd69ea37, 0x686b5d52,
    0xc01e7a58, 0x60ac7382, 0x77070b1b, 0x75888973, 0x2f99821f, 0x1d2dc68e, 0xfb05fb0b, 0x0b92fb91, 0xaa980ab9, 0x46209c86, 0x4d289c82, 0xc2c90a98,
    0xcb5846f7, 0x01319c83, 0x034cfaa3, 0xd5bd590b, 0x989f9f0a, 0x9d77afb0, 0x083d8277, 0xf706c228, 0x0561fa1d, 0xd40b0654, 0x0bcef40a, 0x4e84935c,
    0x5f6f4077, 0xf7d20b19, 0x0b0a2082, 0xc5adbed7, 0x61a672b2, 0xcc821f94, 0x069bbc32, 0xf7d2c8f1, 0x4b35f72c, 0xc4d10bc2, 0xc1fc0b0a, 0x290bbe4f,
    0xbf02f70b, 0xa6aac7d2, 0xbb82617f, 0x0b077e37, 0xdc9f1cf7, 0x7f9799a6, 0xfb1e976c, 0x2d0b07d9, 0x2840130a, 0x089f8350, 0xc006ebd8, 0xb892c7f7,
    0xb790b890, 0x1d4cf719, 0xaecb150b, 0xf71fd8cc, 0xa919fb34, 0xad1a02f7, 0xa0a9ab99, 0x9d777d9a, 0x05bda71e, 0xa07275a5, 0x67521b66, 0xfb1f4051,
    0x6419f721, 0x631a0efb, 0x6e6a6a7d, 0x74a8a178, 0x05576f1e, 0x70aca668, 0x2d0e1bb1, 0x0b0a500a, 0x15e1f8e9, 0xb3b8aaba, 0xb0d91bc2, 0x14fb3b50,
    0x24fb0cfb, 0x54fb3cfb, 0x19f8561f, 0x0712fbd5, 0x88895a57, 0x28f71f55, 0x01f746f7, 0x1ef71bf7, 0x4b13f71a, 0x390dfbdb, 0x594b5d53, 0xc5f70b1e,
    0xc8cc157e, 0x1fb9b7a2, 0x6b05c864, 0x5c775f6c, 0x6c7b0abd, 0x1bfb0ad0, 0xfb230afb, 0xf747fb4a, 0x1ff72200, 0xff120b1f, 0x00806900, 0x80c400ff,
    0x0bd44200, 0xde482a1b, 0x11f711f7, 0xb5eae1d0, 0x47540bad, 0x1f61080b, 0x57aa300b, 0xcd951ebb, 0xa27a7715, 0x770b1fc4, 0x1a5e6578, 0x9e6e9960,
    0x07861e7a, 0xfcbbf70b, 0xaab7150b, 0x1fa4b8a8, 0x9d0b068d, 0xf70b0ac9, 0xfbb0fc10, 0xf0f74824, 0x0617fbce, 0xd517f70b, 0x1ddb1df0, 0x3477430b,
    0x79068719, 0xbc070be2, 0xaaa59d9d, 0x719daa1b, 0xf80b1f53, 0xd949cd3a, 0x2f338249, 0xa3154876, 0x98b2a69e, 0x0b068e1f, 0x0cfb3c50, 0x08055849,
    0x0b1f6628, 0x1f35579b, 0x426914fb, 0x1a07fb51, 0x86189f0b, 0x78d279b5, 0x82c208c2, 0xa91e0b15, 0xa7a10563, 0x1ba695a5, 0x4b420baf, 0x595c0806,
    0x0b5b6c6f, 0x1fb79e7c, 0xfd3e15f9, 0x0b29070e, 0x1ba6a59e, 0x576d97a8, 0x0b20fc1f, 0xc6ba1fa7, 0x5a66af05, 0x0b1b45a6, 0xa49f99b1, 0x58c11aae,
    0x0b5b49ac, 0xa967b9b8, 0x6d686363, 0x0bae5e5d, 0x061ff7c7, 0xc809f7b8, 0x0b0594fb, 0x1deb1dd5, 0x18aa0bd2, 0xd966ba7e, 0x0e08c668, 0x08068049,
    0x27f80b46, 0x9c9bbc07, 0xa71ba7a5, 0xa560f70b, 0xa4babbe0, 0x0b5ffb35, 0x68393b4d, 0x6f5f5c59, 0xb00bb3af, 0xab93aac2, 0x851fa79e, 0x12d10b9f,
    0x21f739f7, 0xd752d7ac, 0xb6bcd30b, 0x1ea229f7, 0x0b072efb, 0x5df718f7, 0x0b300385, 0x1c8b8efb, 0x068b4605, 0x0bb30ab3, 0x0c0cdbb3, 0x2e4c0382,
    0x997d2106, 0x0807af4c, 0x07977373, 0x0bdc0acd, 0x0c9b93cd, 0x0c96dc0c, 0x1488f80d, 0x060013aa, 0x1a070101, 0x4f453b2c, 0x72f876a0, 0xb0150bd9,
    0xafafa3a6, 0x6666a470, 0x67677270, 0x1fb073a6, 0x72ab620e, 0x8b8f8eaf, 0x8a1e8e8c, 0x4d5d644f, 0xf70e086f, 0x0df73493, 0x12fb12fb, 0xfb0dfb34,
    0x8ef70b93, 0xaaaf157f, 0x0b1fb6a5, 0x67a86cb4, 0x626e6c67, 0x977f0b1e, 0x06985ef9, 0x216f82cf, 0x6e8896cf, 0xc52ba587, 0xc50bca0a, 0x0c0c9e92,
    0x4c9b95ca, 0x220c07d6, 0xe30113a9, 0x00010002, 0x000b0005, 0x00180011, 0x0025001f, 0x002f002a, 0x0043003c, 0x004b0047, 0x00580050, 0x0065005e,
    0x0074006c, 0x0080007a, 0x00880084, 0x0095008f, 0x00a5009d, 0x00b200ac, 0x00c000ba, 0x00ca00c6, 0x00d600d2, 0x00e400dd, 0x00f200eb, 0x010201fb,
    0x010f0109, 0x011c0116, 0x01260120, 0x0132012c, 0x013d0136, 0x01490141, 0x01560151, 0x0161015a, 0x0173016d, 0x0182017c, 0x018a0186, 0x01a30191,
    0x01b601ae, 0x01c901c0, 0x01d801cf, 0x01e701e0, 0x01f401ed, 0x020402fa, 0x0212020a, 0x0222021a, 0x0232022a, 0x023d0237, 0x024a0243, 0x02580251,
    0x0264025e, 0x026e0269, 0x02780273, 0x0282027d, 0x028c0287, 0x02960291, 0x02a1029b, 0x02ad02a7, 0x02b602b1, 0x02bf02bb, 0x02c902c4, 0x02d302ce,
    0x02e302db, 0x02f102e9, 0x03fd02f8, 0x03070302, 0x0311030c, 0x031c0316, 0x03260321, 0x0331032c, 0x033c0336, 0x03480343, 0x0351034c, 0x035b0356,
    0x03690363, 0x0373036f, 0x037e0378, 0x038d0385, 0x03970391, 0x03a1039c, 0x03b003a9, 0x03bb03b7, 0x03c903c1, 0x03d303cf, 0x03e403db, 0x03f703ed,
    0x040604fd, 0x0414040d, 0x041f0418, 0x042c0426, 0x043e0437, 0x04510449, 0x0463045a, 0x0471046a, 0x047f0478, 0x048d0486, 0x049c0494, 0x04ab04a4,
    0x04c004af, 0x04d204c7, 0x04e504d7, 0x05fe04ef, 0x050e0508, 0x051e0518, 0x0537052c, 0x054a0540, 0x055c0554, 0x056d0565, 0x057d0575, 0x058b0584,
    0x059b0593, 0x05a905a2, 0x05b705b0, 0x05c905be, 0x05d705d2, 0x05e805e1, 0x06f905f0, 0x060b0602, 0x061c0612, 0x062c0624, 0x063c0634, 0x064d0644,
    0x065d0656, 0x066b0664, 0x06790672, 0x06870680, 0x069e068f, 0x06b706a4, 0x06d006c1, 0x06ea06e2, 0x07fd06ef, 0x07130708, 0x072a0720, 0x073c0734,
    0x07520747, 0x07610758, 0x0773076a, 0x0784077c, 0x0796078c, 0x07a4079d, 0x07b407ac, 0x07c407bc, 0x07d407cd, 0x07e607dd, 0x07f707ef, 0x081c08fe,
    0x083d0834, 0x0860084f, 0x087b086b, 0x08910889, 0x08ad089c, 0x08c108ba, 0x08d908d0, 0x09f308e6, 0x090a0900, 0x09220916, 0x0937092c, 0x094d0942,
    0x09630958, 0x0976096d, 0x098a0980, 0x09a00998, 0x09b009a8, 0x09c009b8, 0x09d109c8, 0x09e309da, 0x09f509ec, 0x0a070afe, 0x0a190a10, 0x0a6c0a22,
    0x0a9b0a76, 0x0bec0aa6, 0x0b240b16, 0x0b9b0b62, 0x0baf0ba5, 0x0ced0be2, 0x0c340c1e, 0x0c6e0c60, 0x0c7e0c78, 0x0c9c0c8f, 0x0cc00ca2, 0x0cd10cca,
    0x0deb0cde, 0x0d0f0d04, 0x0d3e0d25, 0x0d690d5e, 0x0da20d83, 0x0dd90dbe, 0x0e080ef3, 0x0e2d0e24, 0x0e4e0e35, 0x0e6e0e67, 0x0e9f0e86, 0x0ed10eb8,
    0x0ef10ee0, 0x0f100ff8, 0x0f400f28, 0x0f650f4d, 0x0f910f7b, 0x0fbb0fa8, 0x0fd80fc1, 0x10fb0fed, 0x10271011, 0x1053103d, 0x107f1069, 0x10aa1095,
    0x10c910bd, 0x10df10ce, 0x110111f4, 0x111c1108, 0x11441130, 0x115e114b, 0x11811171, 0x11a0118d, 0x11af11a7, 0x11d511c2, 0x11f211e3, 0x12ff11fa,
    0x12231211, 0x1241122f, 0x12591253, 0x127a126a, 0x129c128b, 0x12bd12ad, 0x12dd12cd, 0x13f812ed, 0x13151305, 0x13351325, 0x13551345, 0x13751365,
    0x13951385, 0x13b413a5, 0x13d213c3, 0x13f013e1, 0x140e14ff, 0x142c141d, 0x144a143b, 0x14681459, 0x14861477, 0x149d1493, 0x14b914ab, 0x14d514c7,
    0x14f114e3, 0x150d15ff, 0x1529151b, 0x15451537, 0x15611553, 0x1d90a86a, 0x8013060b, 0xff0b8000, 0x00803d00, 0x7c87870b, 0x0b8a7d1e, 0x24fad015,
    0xf70b0646, 0x5cfb445c, 0xdbf9fb0b, 0x0aae0b0a, 0x070b25f7, 0x7f87867c, 0x8c8b6380, 0x0b0ac860, 0x59f7c412, 0x070bd343, 0xaa0b1de1, 0x7e0b1d6a,
    0x0b1d0cf7, 0x8a7c8887, 0x828a7e1e, 0x82452038, 0x877e2a38, 0x1e8a7b87, 0xf7c6120b, 0x08288256, 0x958c082d, 0x1a8ba28c, 0x0413070b, 0xf70b0001,
    0x07fbd107, 0xc30a540b, 0x070a4f0b, 0x8bb48d0b, 0x0b1aaeb2, 0x897f1896, 0x81070b05, 0x827e8888, 0x8d082437, 0x829f8c94, 0xd3152530, 0x064325fa,
    0x04373783, 0x5cfb0b00, 0xf7460dfb, 0x03f70b0d, 0x0b7bfc08, 0x88888007, 0x82ab0b80, 0x8c0824c4, 0x82a48b94, 0x7507292c, 0xfb700b0a, 0x21fb5d2c,
    0x2520c483, 0x122dc482, 0x0df7d0d8, 0x10f70bd0, 0x0808f792, 0x302f820b, 0x6a8a811e, 0xa0d50b8b, 0x08de9bdc, 0x8989820b, 0x226b8282, 0x82a51df2,
    0xa8f72e3c, 0xce1bf7cf, 0x4554f70b, 0x070b54fb, 0x29f582c4, 0x05877c18, 0xd10ef70b, 0xd3820efb, 0xd3824720, 0x1dda7c2b, 0x7f87870b, 0x0b8a801e,
    0x24f582ab, 0x8c968d08, 0x223982a1, 0x84b38d15, 0x735608c1, 0x0b54f70a, 0x0b1dcc08, 0x5f0aa3f7, 0x070b0ac8, 0x7e87867c, 0x8c8b6480, 0xf40b1e60,
    0x194a710a, 0xf7ce710b, 0x05f7ce72, 0x1afb0bcf, 0x0b1af74b, 0x0b1d20d4, 0x0b1dc708, 0x4c1cfb6d, 0xf70b32fb, 0x08780ad7, 0x968db3cd, 0x97a51fa4,
    0x1ab49f95, 0xd081150b, 0x0182806a, 0x0b198122, 0x2a08e383, 0x0e1a8ba8, 0x28f803f8, 0x6a04fb15, 0x12cc0b05, 0xcc4ccae4, 0x490bc94b, 0x07cd1bfa,
    0x851e800e, 0x7f888083, 0x7e060b1b, 0x827f8786, 0x082508d6, 0x8ba48c95, 0xb37c0b1e, 0x0b8a7b1d, 0x1fa9978d, 0xf70b97a7, 0x085b0ae0, 0x3e85920b,
    0x7502fb7a, 0xf20b1947, 0x2453831d, 0x8c958d08, 0x2cc882a3, 0xd34bf712, 0x0b4af743, 0xfbd108f7, 0x32cb8208, 0x9d799838, 0x0b75936b, 0x96789487,
    0x0b7c8f68, 0x82cf7a07, 0xd1032edc, 0x080b03fb, 0x00400813, 0x8888820b, 0x82698280, 0x1e8a3ee6, 0xb18a0b7f, 0x0897a28e, 0xcf40f70b, 0xf70b40fb,
    0x7ffbcd7f, 0x8880150b, 0x7e150b05, 0x20048289, 0x2209827d, 0x82878018, 0x83802009, 0x847f200e, 0x20048309, 0x2004837e, 0x271d8281, 0x1de38c08,
    0x798e720b, 0x5c274282, 0x0b5cfb46, 0x827c8786, 0x8487205c, 0x259b2405, 0x82070b1d, 0x23048273, 0x990b4004, 0x20210d84, 0x250d8340, 0x13060b20,
    0x09828010, 0x0b00092f, 0xd03ef712, 0x0b44f746, 0x8c948c08, 0x24d082a0, 0xf815fefb, 0x200d8340, 0x250d838b, 0xfb457bf7, 0x2982067b, 0x0b200226,
    0x0a3a66fc, 0x80200983, 0x08213d82, 0x20098210, 0x28478240, 0x0b0467fb, 0xfc1535f9, 0x21148235, 0x04831004, 0x13221482, 0x24830001, 0x0a822020,
    0x0437f72f, 0x8a7f1e0b, 0xf70b8b64, 0x5ffb0720, 0x23368204, 0x980b0012, 0x0a218c84, 0x202f8300, 0x20048308, 0x207f8480, 0x227f829e, 0x82435cf7,
    0x868422c7, 0x25c7827a, 0x0e0815f7, 0x7a821306, 0x465cf732, 0xf70b0ab4, 0xbefc071f, 0x0a580b04, 0xc9947695, 0xd6258a82, 0x5cf70b1d, 0x262d8242,
    0x040df706, 0x8213080b, 0x5cfb2894, 0xf74610fb, 0x43800b10, 0x80230512, 0x82808887, 0x48d22647, 0x1df20b1d, 0x245d82a3, 0x8c958c08, 0x2907829d,
    0x80d1ffff, 0xf1070b00, 0x31820b1d, 0xf7460f2c, 0x08970b0f, 0x9e9497a4, 0xe6821ab4, 0xd4154608, 0x064225fa, 0x1ac8da0b, 0x4ffbc3db, 0x740b5b07,
    0x0895749f, 0xfb53150e, 0x29fb2e2c, 0x07200b29, 0x2104aaf7, 0x6f95770b, 0x0b08768e, 0x0b1db37d, 0x8a7d1e8a, 0x960b8b59, 0x91669c7d, 0x6c930b76,
    0x0b08798e, 0x2aa5821e, 0xca798e6d, 0x6d0b0ada, 0x82cb798d, 0xa48b3806, 0xa18da28e, 0x08979c92, 0xfb54fb0b, 0x20f74528, 0x90761f0b, 0x827a966d,
    0x8a2a0810, 0x5e8a7e1e, 0x0b8d598b, 0xa38c9508, 0x960b1e8b, 0x9ca4a09d, 0x9e960b98, 0x9a9ba7a0, 0xa7fb070b, 0x0b00f704, 0xbafc4515, 0x6d8206d1,
    0x8a658023, 0x0822838d, 0x989ba58d, 0x97a61f0b, 0x1ab19f92, 0x7904fb0b, 0x71957b93, 0x8880150b, 0x0b77fb05, 0x0b1ddd81, 0x441efb68, 0x38462ffb,
    0x06f87997, 0xd172fc0a, 0x8eb18a0b, 0x0b0abda2, 0x8626fb06, 0xfb4c5cfb, 0xf70b1e20, 0x0bd80abe, 0xcd184bbb, 0xacc6bdbd, 0x6aada21b, 0x84920b72,
    0x01fb793b, 0x0b194a71, 0x8328fb26, 0xfb1b06fb, 0xb4933802, 0x060b1f49, 0xfb7e3483, 0x08277f0d, 0x857d070b, 0xf70b0af3, 0xfb430772, 0xc1d315eb,
    0x877e060b, 0x410b7d0a, 0x8708051e, 0xa07a992b, 0x0b799265, 0x43077dfc, 0x7f9e7b93, 0xf80b7f1e, 0xfc441555, 0x0b06d2fa, 0x888f831f, 0xf81aa69c,
    0xd0440b4b, 0xf6cb23f7, 0x0bd1f5cc, 0x22fb1bfb, 0x0b22f747, 0xf743a57a, 0x08b07003, 0x958c080b, 0x1a8ba58c, 0xc5d1120b, 0xc4d8cbd3, 0x9479940b,
    0x08798e6e, 0xa17d9b0b, 0x0b7a9672, 0x45f9d415, 0x180b0642, 0x470cfb67, 0x9d0b16fb, 0x9b94a895, 0x060b8a08, 0xa596a497, 0x7d860b95, 0x8d8a607f,
    0x3a84930b, 0xb308c382, 0xa09f960b, 0x0b9a9ca6, 0x7aaa839d, 0xf70b8299, 0x75940a51, 0xf6b8ceb9, 0xcff70bad, 0x9677940a, 0xba0b1d9e, 0x0b1dc80a,
    0x8dd78e07, 0x08f08de4, 0x7f870bb4, 0x1f600ad3, 0x2dfb040b, 0x1d3113f7, 0xa68e060b, 0xa48da68e, 0x8e8b0b08, 0x7b951f66, 0xf70b7291, 0x761f9511,
    0x0b966d90, 0x0dfb35fc, 0x890b1d82, 0x1e8a8489, 0x8c8b7983, 0x7b5d060b, 0x80687c62, 0xa38c060b, 0x1aa2a38b, 0x8381080b, 0x1b7b8a82, 0x79984a0b,
    0x7a92659f, 0x10f7cc0b, 0xcd0cf7c9, 0x8a7e060b, 0xf71f988c, 0xb9500b4f, 0xc6186352, 0x410bce5b, 0x045ef707, 0x97770b41, 0x08778f71, 0x80218282,
    0x2f4e8264, 0x9a8b9b8c, 0x950b1a9a, 0x9aa59e9e, 0x9e960b99, 0x6908c882, 0x96fb0b99, 0x87867c07, 0xf9cef70b, 0x0a89f765, 0x0a80f70b, 0xb4cab578,
    0x08f4abf1, 0x0bcf5dfc, 0x44f798fb, 0x6b150b0a, 0x55c945b4, 0x185e5ab6, 0x4acf5ec1, 0x910861ab, 0x0a47f70b, 0x9aa69d7b, 0x820b9aa8, 0xf75606f7,
    0xbab41e00, 0xbea8beb1, 0x63150b08, 0x4cb53bac, 0x185362a4, 0x5ed970cc, 0x0b0869b2, 0x8c78897b, 0x5a822ef7, 0x0aed2508, 0x7d070b79, 0x1e7e8786,
    0x8b648a80, 0x0b958d60, 0x08fb8106, 0x8103fb7f, 0x180b0839, 0x3e05fb51, 0x405518fb, 0x88084282, 0x9a0ff79c, 0xf29328f7, 0x0b189157, 0xa70767f8,
    0x994dad59, 0x18800b6b, 0x4498569d, 0x0b085f8c, 0x8b968c08, 0x0e1a8ba8, 0x8c8b6380, 0x76951e60, 0xf70b6d94, 0x15c8f9bf, 0x636f6477, 0x08f70b6b,
    0x0b0a3af7, 0x617e6215, 0x0880637f, 0xdaad1e0b, 0xdca9edaf, 0x8d740b08, 0x6f927896, 0x880b788c, 0x7f1e8a7d, 0x0b8c8b5e, 0x85847806, 0x0b1e8a77,
    0xd01844c2, 0x0bcab9bb, 0x2bfb5615, 0x2e29fb33, 0x1dc20b2a, 0x8b5e8a7f, 0x0827820b, 0x8d8a6294, 0x8b7e060b, 0x1e7d8a7f, 0xfb086b0b, 0x8c900629,
    0x948bb10b, 0x94a41fa2, 0x07a0fb0b, 0x7f87877e, 0x3f65060b, 0x26fb5644, 0x1d7f0b6a, 0x1d3fbbf7, 0x7895180b, 0x75937496, 0x978e0b08, 0x97a31fa2,
    0x920b9e93, 0x4cfb0894, 0x0b04fb07, 0x060a50f7, 0x0b0a81f7, 0xf70a8ef7, 0x060b07b4, 0x9fc19bbe, 0xbc56a3b6, 0x4a726618, 0x0878516f, 0x70f7e9fb,
    0x4c7dfb2a, 0x888407b7, 0xae69150b, 0xa553b545, 0xc4185660, 0xac5dd06f, 0xfb8d0869, 0x0ad1f75c, 0x4382cb0b, 0x0a002708, 0x060b0a3d, 0x675d7761,
    0x7bf7615f, 0x74a65c0a, 0x088f70a3, 0x857d070e, 0x8d0ad3f7, 0xa51fa597, 0xb59f9596, 0x10820b1a, 0x7d864508, 0xa6f7607f, 0x1d6c0b0a, 0x0ae297fb,
    0xd55897f7, 0x29fc2bf8, 0xfb770b06, 0x34fb663c, 0x7a96214a, 0x0b90689d, 0x820605fc, 0x0b0a0af7, 0xa2afaea0, 0xa0f7a1f3, 0x160e0a31, 0xf7db25fb,
    0x6afb0625, 0xdc25fb04, 0x2a080882, 0x1cfb6c0b, 0x4b32fb4c, 0x9e799838, 0xee480b6b, 0x59fb0ae9, 0xaa989e0b, 0xc361f795, 0x8a9b8808, 0x0b1aa1a9,
    0xb30a26f7, 0x82ea18c2, 0xf92e37e1, 0x54f7156d, 0x54fb42fb, 0x5cf70b06, 0xfb5cfb46, 0x11f74711, 0x684761fb, 0x4a300806, 0x9d799938, 0xd2080b6b,
    0xa8978cbb, 0x0b97a71f, 0x05887f15, 0xfbfd79fb, 0x0bb7f9cd, 0x1cf7d086, 0xcf14f7ce, 0x0bcf12f7, 0xc6e9bf06, 0xf6b61bf7, 0x6208dc82, 0x7d87867c,
    0x618a7f1e, 0xaa5f0b8b, 0x18b6ae6c, 0xb54aaa6d, 0x1b07fb0b, 0x923601fb, 0x0b1f4aae, 0xaa7c9167, 0xa6b2a9ac, 0xb90b08b8, 0xf7a603f7, 0x49f79722,
    0x1d560b08, 0x44fb65f7, 0x0b7cf715, 0xae18439e, 0xb498b296, 0x849e1e0b, 0x7f9979ac, 0x8e0beb08, 0xb7ce0878, 0x1fa6968b, 0x2b80080b, 0x868429fb,
    0x0b53084d, 0x8c958d08, 0x0e1a8ba5, 0x6f866d1a, 0x0b1e807b, 0x9696a51f, 0x0b1ab59f, 0x9879976f, 0x0b07fb08, 0x2b2929fb, 0x0ba07a98, 0xf74761fb,
    0x0b99fb61, 0x91dd9106, 0x08d790e0, 0x7bf7150b, 0x7bfb57fb, 0x6c150b06, 0x50ce46bb, 0x150b52b9, 0x29fb23fb, 0x820723f7, 0x1e42081a, 0x1efb17fb,
    0x97180b06, 0x95749877, 0x1b0b0874, 0x6f68ada1, 0x0b5f1fb4, 0x1fa1978c, 0x9f9296a2, 0x869e9a0b, 0x06b71b9f, 0x19f70b9d, 0xa657f7b3, 0x130b2df7,
    0xfb002528, 0x74f75374, 0x13078efb, 0x0b822450, 0x87f77308, 0x4d9afb40, 0x46076df7, 0x4b01fb41, 0x7e9a6b24, 0x7a9670a0, 0x22401308, 0xf5aff000,
    0x08ddd3cf, 0xf7d166fb, 0x3eca076c, 0x66e045e7, 0xab330ad4, 0xd04fc82b, 0x61800e08, 0x1980637e, 0x0b0a72f7, 0x0a4e56f7, 0x23fb0aa9, 0xfb23f745,
    0x7b51076a, 0x81607c55, 0xb31843a1, 0xbb97b897, 0x1bf7089a, 0x07aef70a, 0xbacbc60b, 0x076a08ce, 0x0b0a76f7, 0x1482f77e, 0xf7c9ca09, 0x7af7af4f,
    0xfbd2f708, 0x367b1515, 0x4f69326f, 0x7ea6869a, 0xcaad8296, 0xe59eeaaa, 0x90e5fb08, 0x76377f15, 0x9a516736, 0x957ca384, 0xa5c9af82, 0x08e89ae8,
    0x1504f7c5, 0x61d7fb7e, 0xf70b5afb, 0x96f70a92, 0xfb15dffb, 0xf71cf750, 0x2bfbce2b, 0x29f714f7, 0xf729fbcf, 0xcf42f712, 0xa40616fc, 0x9cbfa1bf,
    0x189f44bd, 0x0a82f70b, 0x25f71af7, 0xf709f71a, 0x150b0a1e, 0x7f88877f, 0x648a7e1e, 0x958c5d8b, 0x8e719279, 0xb2c6087a, 0x1fa4968c, 0x9d9295a3,
    0x6ff81aaf, 0x6746074f, 0xfbfb5115, 0xb1fb06c5, 0xc3158cf8, 0xb8bbbfb3, 0xc353bdbf, 0x0864c85e, 0x8db78e0b, 0x45bb8cb9, 0xfb881890, 0x33fb8045,
    0x839b2752, 0x819779ac, 0xd09ec3a8, 0xfb08da97, 0x0af7d41d, 0x1b68f76a, 0x900611f8, 0x96ad99a1, 0xfb884f9d, 0x8c5b8bc4, 0x2af70b08, 0xb46f630a,
    0x0b0a87f7, 0xbf0a7ef7, 0xd479c91a, 0x4cbc0b43, 0xc1c3c918, 0xa11bb0bd, 0xb2736fa9, 0xdccd651f, 0x1b08f780, 0x913cf7ec, 0x8c1fd890, 0x94af97a0,
    0x2880089f, 0xfb842afb, 0x39211b06, 0x1f4db091, 0x7b62060b, 0x635f675d, 0x0b0ac2f7, 0x04f7d518, 0xc225f7d3, 0xa54b1ff7, 0x7a627e18, 0x22637a61,
    0xcaaf1882, 0xd5a4d9ad, 0x7818a74a, 0x7e2c5f33, 0x7f737f72, 0x94887d79, 0x8f69957a, 0x55469d0b, 0x97f76d1a, 0x9f8e9e0a, 0x99919e8d, 0x9ea60896,
    0x7c0bb797, 0x7794719e, 0xd3be14f7, 0x0ef7b5de, 0xcd05fbb5, 0x965be733, 0x9ba49f9d, 0xbc04fb98, 0x6704f743, 0xdf9c1df7, 0xf78fee93, 0xf70e0806,
    0x6cfb476c, 0x334619fb, 0x0ab0f71d, 0x5b7b570b, 0xf781657c, 0x08d2828a, 0xc30a8544, 0x96bc0b96, 0x0acdf7b9, 0x91b67b8f, 0x0a05f8b9, 0x180b07fb,
    0x97b296af, 0xfb0899b4, 0x0b0a2895, 0x88f717fb, 0x77060b0a, 0x6e316d47, 0x3dd20843, 0x1a55489e, 0x7b70866e, 0x83851e80, 0x1b7e8881, 0x478220f7,
    0x0af36108, 0xf7615f60, 0x810b0ab3, 0x8bf70cfb, 0x0adc0b0a, 0x0868b05b, 0xf75dfb85, 0x9e0b0a1f, 0x0bf71843, 0xabfb05b2, 0x0b0a95f7, 0x821e6a73,
    0x700af6f7, 0x89b4738c, 0x92ae8bb3, 0x979f8fa3, 0xb4089b98, 0xf8971f0b, 0x939d0a04, 0x0a49f79f, 0x9044f77a, 0xf79b6cf7, 0xfb08a91b, 0x1548fb7b,
    0xf5f7ac86, 0x73086482, 0x8c5e0a56, 0x6d957895, 0x8ace788e, 0x97a48db3, 0x9597a508, 0x0b1ab59f, 0x7d7a0876, 0x1b78897b, 0x8e8c7579, 0x79961f71,
    0x798c6f91, 0xa1a18908, 0xb01b9c8b, 0x0ba692a4, 0x5a786106, 0xf7565b60, 0xa90b0aa7, 0x6d81801d, 0x1e6a8c8b, 0x0ac77795, 0x978dadbf, 0x97a11fa1,
    0x1ab29e93, 0x34f7150b, 0x34fb1cfb, 0xf834f706, 0x34fb1523, 0x34f712f7, 0x04d6fb06, 0x14200982, 0x71080982, 0x5265150b, 0x674a5e55, 0xb954b04a,
    0xf808c265, 0x0a81ce08, 0xf7ec3efb, 0x0603f87b, 0xb4f7d50b, 0xfb0a12f7, 0xf707d5b4, 0xfc15c4fa, 0xd26efc41, 0xb4f736f7, 0x0b800635, 0x88867c07,
    0x600aa17f, 0x9477958c, 0xc97a8e6c, 0xa38eb18a, 0x97a40896, 0x92760b94, 0xa7778c6d, 0x0acaab8a, 0xbc98a0ab, 0x75d11ac4, 0x850b32d8, 0x1e807c6f,
    0x89808583, 0xd0828a7f, 0xac468c20, 0xa0180907, 0x0b8ba58a, 0xf715c4f7, 0x0aacf70e, 0x0acaf70b, 0xb90ac64a, 0x42f71b0b, 0x949e8e06, 0x089b95aa,
    0x1bfb698a, 0x6a1b738b, 0x6e8f8d6b, 0xf5b30e1f, 0xe701fbbd, 0x6814f741, 0xa7a09e95, 0x05fb999b, 0x5ac236a3, 0xf70e08db, 0xa07a0abf, 0x86770b65,
    0x6a967a93, 0x9b087e8f, 0xf793a893, 0x7092a953, 0x758e7291, 0xcf150e08, 0x920714fc, 0x90bc90ba, 0x189145be, 0x58865686, 0xfb085a84, 0x480b4720,
    0x85065df7, 0x82648468, 0x22fb0865, 0x0613f74a, 0x5c805a80, 0x0b086380, 0x598b5b8a, 0x9478948d, 0xd2798e70, 0xa88cb78a, 0x96a60896, 0x1ab19e93,
    0xf74b900b, 0x189c0aff, 0xed6fcc82, 0x0b08d66d, 0x1d4c56fb, 0x5bf72bfb, 0xfb9ffb0a, 0x07b8c5a9, 0x857c070b, 0x0b0a14f7, 0x91ac9206, 0x3ca991ad,
    0x6d881890, 0x67866786, 0x4a93fb08, 0x0b0688f7, 0xc09cb706, 0x60a3b5a0, 0x746218bc, 0x795b6645, 0xf8f9fb08, 0x0ba50723, 0x1e5c8d8a, 0x6d967794,
    0xcf08788e, 0xa4978db5, 0x09078f45, 0xb30add9c, 0xded0611f, 0x1b0cf77e, 0x08f70bf5, 0x743e8606, 0x9b523230, 0x9373a17f, 0xa8d3f37d, 0xe99201f7,
    0x8e700b08, 0xbad60876, 0x1fa9968c, 0x9e9497a8, 0x54f71ab3, 0x0e0729f7, 0x9e95197d, 0x9a9ca39f, 0xc32db824, 0x9692e03f, 0x95929693, 0xf9030e08,
    0x15bdf9f0, 0x3b5d5173, 0x70cb5867, 0xb6bcaf18, 0x08ccadd4, 0x0a42060b, 0x78972d45, 0x7990619c, 0xa69ca39e, 0x0b08a89b, 0xbbf77a90, 0x7a940b0a,
    0xb9ccaed0, 0xc608c6c4, 0xd95dcf51, 0xa29e966b, 0x3c999ca7, 0x9b9ba80b, 0xfb9b20fb, 0x00fba814, 0xc6f108b8, 0xedc4d7e1, 0xfb6f0e08, 0x30fb501c,
    0x7a97384f, 0x0b946e9d, 0xc05fb915, 0xc463a34e, 0xb27118b3, 0xb45dc654, 0xdc79f808, 0x645c0b15, 0x4eb95c5c, 0xbebec818, 0xa21baec0, 0xb4736eaa,
    0x0bd2641f, 0x7f9b6b5e, 0x7c9777a2, 0xadb1a8b1, 0x5f9daeae, 0x5b915d96, 0x667d0b5c, 0x707d667b, 0xa51876c4, 0xa3d0a6b7, 0x189b5bc9, 0x0b058881,
    0x3bf97cf9, 0x6cb57e15, 0x49bc6ccc, 0x59a81874, 0x629647a9, 0x88f90b08, 0xfb150ff9, 0x79f7f479, 0x15c3d006, 0x6dfb00fc, 0x0b0600f8, 0x4bfb58fb,
    0x7bb88815, 0x55c077cf, 0x569d1880, 0x5e8d449a, 0x44150b08, 0x31fb57fb, 0x8bfb05fb, 0x9c7a9b58, 0xf775936f, 0x150bcb99, 0x10fbcaf7, 0xf706cafb,
    0x4cc6f7ca, 0x56cafb1d, 0xf74e0b1d, 0xf7ab0a31, 0xdfd30a6c, 0xf79f0b7f, 0xf70b0ac1, 0x52f70a09, 0x97fb15d0, 0xead01efd, 0x5f8252f7, 0x44684008,
    0xedfb20f7, 0x65675707, 0x991e7a77, 0x9571a281, 0x65150b7d, 0x4cb73caf, 0x185563a6, 0xf90b6eca, 0x2b0ac1d5, 0x89820b99, 0x1e8a8188, 0x8c8b7081,
    0x7d921f6a, 0x7b8e7993, 0xa9980b08, 0x4862f795, 0x58080759, 0x056044fb, 0xba0bddf7, 0xbcc3184a, 0x1bacbbbd, 0x7571a89f, 0xcb671fb0, 0x7e0b82de,
    0x5d0a34f7, 0x49070b1f, 0x1ecf79a6, 0x96e106e6, 0x9431f7b2, 0x748f781f, 0xb86a150b, 0xbd55d046, 0xc2186352, 0xaa42cd57, 0x0b97085d, 0x06f71d94,
    0x44f71d40, 0xfb1cf716, 0x0b1d2606, 0x5c63182f, 0x0b960809, 0x877f0630, 0x1e8a7d87, 0x8d8b5c7e, 0x79941f59, 0xf70b7294, 0x8b5f0ae6, 0xf4f70b91,
    0xfb0cfb0a, 0x778d0b02, 0x8eb0c508, 0xa31fa297, 0xb39f9498, 0x07b7f71a, 0x8db3930b, 0xf71ab1b2, 0x0afb450b, 0x64896507, 0x0b1e6281, 0x5e9ab199,
    0x6a4018c6, 0xd66e17fb, 0x965a0b0a, 0x9aa5a09e, 0xb50bfb99, 0xad52e425, 0x867d071d, 0x1e5b0af3, 0x58f7840b, 0x67150b0a, 0x50b243aa, 0x185561a3,
    0x61d370c7, 0x0b086bae, 0x80991e4d, 0x7c946fa5, 0xd126f708, 0xe902f7ab, 0x2d830b1a, 0x77952208, 0xd01d9e95, 0x81870bb4, 0x6c8a801e, 0x938c668b,
    0x8d6e9479, 0x0b8ac17a, 0xa3cdb3c6, 0x849284c8, 0x2b0382d1, 0xb1d0a8c6, 0xf4f90bc9, 0x0b0ae1f7, 0x86276682, 0x8b617f7d, 0x821e5e8c, 0x6ef5083c,
    0x1d820b8e, 0x15d04bf7, 0x1efd8dfb, 0x4bf7eacd, 0x4d5f0b06, 0x6bba756b, 0x92af60b7, 0x92939393, 0xa90b0894, 0xa5c9acbd, 0x18a441c3, 0x3c655075,
    0x0b085469, 0xf727d0ef, 0xd107f76d, 0xf745cafb, 0x076dfb10, 0x701d330b, 0xfb5d2cfb, 0x972c4520, 0x905f9b78, 0xfb6a070b, 0x30fb461d, 0x79973849,
    0x77936e9e, 0xfb6d070b, 0x32fb501c, 0x7a98374e, 0x76936a9d, 0xfb59150b, 0x29fb3a2b, 0x7a982a33, 0x7a9364a1, 0x0a68f70b, 0x5bc61863, 0x0ba844ce,
    0xa3151ef8, 0xa0d6a4ba, 0x0aa45ccd, 0xca3ff70b, 0x08f7ca67, 0xf7ca4fca, 0xcb4ccb5a, 0xbecf180b, 0x1bacc6bb, 0x716aaca1, 0xd05f1fb4, 0xd41a5d0b,
    0x80b78a96, 0x19c57ed7, 0x15861df7, 0x706e600b, 0x981e8079, 0x916e9b7c, 0xa69c9b79, 0x6ffb780b, 0x72713376, 0x80818108, 0x791b7a89, 0x8d6e950b,
    0xb0c80879, 0x077e4b8c, 0xfb5cfb26, 0x1af7451a, 0x542ec282, 0x627e597c, 0x44eef70b, 0xf706eefb, 0x08850457, 0xcc0b2e08, 0xbb40f74a, 0x53f7b3cf,
    0x4ef74efb, 0xf90bce48, 0xfb5615d5, 0x29fb352b, 0x7a972a2f, 0x060b65a1, 0x346d4876, 0xd208446f, 0x55479d3c, 0x09274c1a, 0x060bd682, 0x150b9265,
    0x0762fbd2, 0xac99ab9b, 0x9e4bac95, 0x30f80b18, 0x5cd47815, 0xe05903f7, 0xba18764d, 0x977d2a0b, 0x906f9a7c, 0x9d03f779, 0x0be9a9f5, 0x63f7cf3d,
    0xcecbe0cb, 0xdbc1dcc4, 0x670b12c3, 0xfb086773, 0x84f7061d, 0x791582f7, 0xb3670b6f, 0x6357b25e, 0xb060bd18, 0x615ca75e, 0x05887d0b, 0xf747c2fb,
    0xfb4b069b, 0x0b08fb10, 0xb67ec37e, 0x96188150, 0x8f51975f, 0x800b0869, 0x897c8682, 0x8a658974, 0x76978f5c, 0xd59f0b93, 0x08b7cba8, 0x6cda5fce,
    0x9e9578e3, 0x8f8ca00b, 0x9c881f98, 0x9e8aa789, 0x0b7e8808, 0xcdf9f8f9, 0x6b0cfb15, 0xfb746dfb, 0xf70b7f47, 0x1ff7c822, 0x7c18a54d, 0x79637a64,
    0x91350b64, 0x681f4ead, 0x779d789f, 0x760e0893, 0x6c9b7b99, 0xa6f47692, 0x877f060b, 0x7e1e7c87, 0x588b5d8a, 0x080b958c, 0x978da2ad, 0x979d1f9c,
    0x1aa79f8f, 0x7dfb080b, 0xa91567f7, 0x9429a53f, 0x150bc849, 0xec78ca86, 0x8350d779, 0x9c3f9d18, 0x59b7590b, 0x5dbb1860, 0x62a74ac7, 0x680b9008,
    0x1e638c8b, 0x6d947695, 0xc508788d, 0x737a690b, 0x78948779, 0x7b8f6897, 0x780b9299, 0x768d6e92, 0x8ab889bb, 0x8ca98ea5, 0x94b9930b, 0xfb2bfb08,
    0x30f7453a, 0x9e0b6407, 0xc176936e, 0x03f7bfcf, 0x0807f7b2, 0x987ba60b, 0x9ee9b480, 0xf79310f7, 0xad0b0808, 0x9749ad93, 0x81648318, 0x08687e65,
    0xbba7c10b, 0x7618a245, 0x6a466559, 0xdd0b085a, 0x07391df7, 0x3d046df7, 0x07d91dfb, 0x6f62070b, 0x1e807974, 0x987e0b98, 0xf799b3f8, 0xfb069944,
    0xd007a08e, 0xd00be00a, 0x0c0c9495, 0x0c9b95e0, 0x14f3f80d, 0xae150ff9, 0x026a0013, 0x05000100, 0x23000b00, 0x40003700, 0x59004600, 0x63005d00,
    0x71006c00, 0x80007700, 0x92008900, 0xaf00ab00, 0xbe00b500, 0xce00c400, 0xe700df00, 0x17011301, 0x21011b01, 0x2c012701, 0x50014601, 0x6f015601,
    0x92018601, 0xb4019a01, 0xd701cd01, 0xe701dc01, 0xf901f001, 0x0b020302, 0x1b021402, 0x29022202, 0x37023002, 0x47023f02, 0xae02ab02, 0x0703ba02,
    0x2e032b03, 0x4a033303, 0x8e038603, 0xce03a903, 0xd903d103, 0xff03f303, 0x14040a04, 0x25041c04, 0x33042c04, 0x96043b04, 0x3805e904, 0x6f055405,
    0xbf059605, 0xf105ee05, 0x2c060206, 0x66065006, 0x9e068206, 0xce06b606, 0xe806e306, 0x1107fe06, 0x2d071c07, 0x4d073e07, 0x6a075d07, 0x7d077207,
    0x677e8807, 0xdc7e0b0a, 0x0bdceaf8, 0xf7d54424, 0xf81f8508, 0x988d0602, 0x1a9f9e8d, 0xef3d2ff7, 0x0b1e1efb, 0x157ecbf7, 0xaaa4c5d5, 0xc76a1fbb,
    0x60637005, 0x0b1b567b, 0xbde00a7a, 0x1f01fb50, 0xf8d77e0b, 0x860bd736, 0xb8c9d10a, 0x1fa14bf7, 0x5c072cfb, 0x56726056, 0x527e0b1b, 0x76a00b0a,
    0x827772f9, 0x74f72a05, 0xd7fcf7d5, 0x7e6df70b, 0x086b8215, 0x772ef946, 0xfb0a790b, 0x7bbefb50, 0xc8ce0b0a, 0x1fbfb6ae, 0x8b0b068e, 0xda9ff7da,
    0x0bda7af7, 0x7064574a, 0x6d431b53, 0xf71ff0b6, 0xecfb30e1, 0xbe1efb07, 0x1e06f741, 0x0a6a7e0b, 0xf70a3b0b, 0xd60bdbb6, 0xbec6b2c1, 0x4d083483,
    0x717e07f8, 0xc5010b0a, 0xea48f8ea, 0x0b0a3303, 0x157efcf7, 0xf81f0a6b, 0x46fc3243, 0x1e0a4007, 0xe816ef0b, 0x062e72f9, 0x166ff70b, 0x06b1f7e8,
    0x55f870f7, 0x2c062b05, 0x557564fb, 0x54715872, 0x71068719, 0x73be75c2, 0x64f72dc1, 0x1e822818, 0x0555fc3a, 0x0a41030b, 0x0a4ae60b, 0xb3f8d70b,
    0x120b0630, 0xe631e5be, 0x3d03e90b, 0xc3365d82, 0x0a54157e, 0x0bfb49f7, 0x5319fbf4, 0xf748fb0a, 0x19f7230b, 0x8182471f, 0xe8ec2608, 0x03e4edf7,
    0x120b0a35, 0xe63cdae7, 0x3e45fb0b, 0x402c2954, 0x1e45f7c2, 0xfc2e46f8, 0x80fb0743, 0xf73b06f7, 0x088f8229, 0xda46f823, 0x9ff7e9fb, 0xfbdaaaf7,
    0xf77af7aa, 0x3bfcdade, 0xf78b0b06, 0xf876280c, 0x8b0cf7fa, 0x16e70b77, 0x087884e6, 0x4d0a273a, 0x2ab8130a, 0x2db4130a, 0x9374130a, 0x7813054a,
    0xb8131df4, 0x420b0a26, 0xe3ef120a, 0x13e3eef7, 0xe316ef5c, 0x130615f8, 0x130a7c6c, 0x0b0a809c, 0xbe010a25, 0x3ccff7ea, 0x2908bb82, 0x0b0a7f04,
    0x4bfb0a87, 0xfb0afb34, 0x280b1f17, 0xe8ef010a, 0x0b0a3603, 0x80b0ffff, 0x1d02f700, 0x7664fb0b, 0xf8d76cf7, 0x4669d835, 0x7d9e0805, 0xc5120b77,
    0xe689f7e4, 0x070bda3c, 0x46058641, 0x46590bd5, 0x341f02fb, 0x20f77e0b, 0x0b760bfb, 0x729605d0, 0xd40b926a, 0x75f87664, 0x19fb0bd7, 0xfb220bfb,
    0x19f70b49, 0xf7f30bf7, 0xd58b0b48, 0xf7d1a9f7, 0xef12d583, 0xe6b2f7e8, 0xf413e65a, 0x7ef716ef, 0xf738f706, 0x24f7d206, 0x34c54def, 0x07901f9c,
    0xa1cff813, 0x1ad4cbb2, 0xbe2415f7, 0xfb1e29fb, 0xfbe8066e, 0x83f715cd, 0xf70705f7, 0x356bc606, 0xfb5c5841, 0x01fb1f12, 0xf715effb, 0x0714f7a9,
    0x14f7f413, 0x283061d3, 0x16825e41, 0x0a570e2e, 0xd576a00e, 0x46f806f7, 0x0a6d04f7, 0x6408d283, 0x03aff89c, 0x06ec169c, 0x9e5af7f5, 0xa0b09eb0,
    0x068f19b7, 0x669f5fa3, 0x00f7669e, 0xf1185afb, 0xf86afb06, 0xf75cf70a, 0x062a05fc, 0x7950fb29, 0x776c7d69, 0x06871961, 0xaa7cb573, 0xf727ad78,
    0x06251850, 0xf7fb5cf7, 0x0a300e05, 0xf7e6e012, 0x130a398d, 0x7e8ef7b8, 0x32b41315, 0x9274130a, 0x78130536, 0x0812823a, 0x0715fc82, 0x5b0b0a2f,
    0x0a290e0a, 0x7e0b0a5e, 0xe690f70a, 0x0a78cc13, 0x0a68d413, 0xd983b413, 0x40ac1305, 0x76a00b06, 0xf7d6b7f7, 0xef01d7b8, 0xe7bff7e8, 0xe816ef03,
    0x1d27b7f7, 0x01f735f7, 0xf72ff7d3, 0xc302fb34, 0xfb1f38fb, 0xfce80666, 0xb8f71504, 0x15f707f4, 0x222169cc, 0x15fb5c4e, 0x8e010e1f, 0x2c03edf8,
    0x2b150b0a, 0x17f7d955, 0xdfd010f7, 0x7bb4b8e3, 0xfb1fba62, 0x5d5907b1, 0x1b59725f, 0xf725fa82, 0xc8f7dbee, 0x205e8377, 0x365e85ea, 0xfbeaf7ee,
    0x72f9e7ee, 0xfbc8fb2f, 0x2ec8f7ea, 0x0a620e06, 0x820a2e0e, 0x0a382121, 0xf93b8e82, 0xf701da23, 0xf703e891, 0xf9e81691, 0xda72f723, 0xf73cadfc,
    0x600e0672, 0x82fb1f25, 0xec2a08ec, 0x0b1ff707, 0xf769f8e6, 0x07fbd507, 0x670b06e1, 0x66687372, 0x1faf73a4, 0x52f7d40b, 0xd43cf7cd, 0x6253410b,
    0x881f5758, 0x51820b06, 0x3908cf82, 0x765eda0b, 0x0b77b3f8, 0x06f72af7, 0x0b80f7db, 0x777d0a4b, 0xb5f70a3f, 0xe7e613ea, 0xe61579fb, 0x89064cf7,
    0xbc6305ea, 0x89bc74bf, 0x02f73f0a, 0x131f20fb, 0x674e4cea, 0x43825a63, 0xda133308, 0x1305c983, 0xf70640d6, 0x1574fc74, 0xb59a5b67, 0xe6131f5a,
    0xbc07b1f7, 0xb9a5bac0, 0x3ab3f21b, 0x131f0cfb, 0x491bfbd6, 0x0e1e313a, 0xf8dfef01, 0x7382e24d, 0xf8df3d08, 0x84ca062a, 0x1ecb87e4, 0xfbc5068f,
    0xfc1ff73b, 0x06c90511, 0x11f81ff7, 0x053bf7c5, 0x4b86068f, 0x1a4c3284, 0xf9e22afc, 0x0704fb72, 0x1dfc20fb, 0x587b587a, 0x8619587a, 0x7abe7906,
    0xfb290182, 0x181df821, 0x0b0604fb, 0x09bb83a0, 0xf89a0135, 0x169a0368, 0xf7d406eb, 0x9dac9e13, 0x19aa9eac, 0x6c9f0690, 0x6a9d6a9f, 0x1813fbdb,
    0x47fb06ef, 0x39f7a6f7, 0x2c05a1f7, 0x0bfb4806, 0x6d7b6c7b, 0x87196d7a, 0x78a97906, 0x42aa7aa9, 0x29180bf7, 0xfb39f706, 0x210e0598, 0xeac5010a,
    0x7e0df803, 0xb1d3ea15, 0x731fc5ce, 0xf782fb0a, 0xf721fb1d, 0x250e1f4a, 0xeabe010a, 0x7ec6f703, 0xa4c9cc15, 0x761fbcb7, 0xf748fb0a, 0x24f72303,
    0xf7150e1f, 0xf715f74c, 0x837ff727, 0xf77ffb0a, 0xf727fb15, 0x04dc1f4c, 0xf73518fb, 0xf74bf70a, 0x05f7e14c, 0x0a4818f7, 0x690a280b, 0x7cf7e80a,
    0xf712f706, 0xfc70f72a, 0x06f20512, 0x5af89dfb, 0xacf779f7, 0xfb062305, 0x0505fcc6, 0x2e05f888, 0xc5580e06, 0x565c5805, 0xfb1b456c, 0x08f73320,
    0x4bf74df7, 0xf706f7e7, 0x6ebcca1f, 0xbd1fb162, 0x61ba05c7, 0x1b32b745, 0x1ffb4efb, 0x81fb24fb, 0x0e0a750b, 0x1e9f0a81, 0x6a0a519f, 0x4f00fb1b,
    0x070a4e0a, 0x05c8630b, 0x745f696c, 0x47271b59, 0xf711f7de, 0xeee0d311, 0x6f77acb6, 0xc7ba1fab, 0x5a64ad05, 0x821b44a9, 0x0fb2083c, 0x0b49fb22,
    0xd4f8da8b, 0xf8bd01da, 0x16bd038d, 0xfcda8df8, 0x17f8061b, 0xc205ecf8, 0xf73c66fc, 0x17fc07f4, 0x0e05ecfc, 0xf8e616e7, 0xc2c2061e, 0x1bc3a7b1,
    0x0a64aad3, 0x06fbd557, 0x77f70b1e, 0xa5152ef8, 0xa2daa3de, 0x068f08e1, 0x3ba236a3, 0xfbae38a6, 0x72fb1804, 0x12fb0b06, 0x02fb0bfb, 0x47fb44fb,
    0xf72208f7, 0x3efb1f24, 0xf515ddf7, 0xd8c9cf96, 0xe9150b1b, 0x74f7d206, 0x06a0f705, 0x0574fbd1, 0x8dfb06ed, 0x240572f9, 0x84d80b06, 0x1ed587d9,
    0xfbda068f, 0xfc9ff72b, 0xf9ea0563, 0x12fc3372, 0x04f70b06, 0xa3a5af15, 0xa371aeb0, 0xce426867, 0x1fae2905, 0x3f0a4c0e, 0x4c2d0b0a, 0x2308dc84,
    0xe9e9e0ca, 0x11fb36cb, 0x384b11fb, 0x3f0b1f2d, 0x41903992, 0x3d06861e, 0x9ffb2bf7, 0x2b0563f8, 0x0a650b06, 0x07e15518, 0xab610b39, 0x8e8fae75,
    0x1e8f8c8b, 0x4c5a6650, 0xf70e1e6f, 0xf715fb7f, 0x824cfb23, 0xfb152501, 0x0b7ffb23, 0x2d07b942, 0x3a491bfb, 0x760e1f31, 0xf7d569f8, 0x5618d44a,
    0x2b08073b, 0x53cf290b, 0xd4a51ee6, 0xa4615515, 0x17f70bc9, 0xfb05fbe2, 0xc8150b4c, 0xf929f806, 0x064d058c, 0x11f71b0b, 0xf7f603f7, 0x0b3bf74e,
    0x0807d461, 0x0a13f729, 0xd1c40bd6, 0xd60c0c97, 0x0d0cb699, 0xf814abf7, 0x13aa1516, 0x01010500, 0x5e523418, 0x680a2369, 0x67647473, 0x83aa77a7,
    0x1e8e3199, 0x53656e4b, 0x200b1e66, 0x6072f70a, 0x72690a23, 0xa8221b82, 0x1b86a977, 0x1b836f20, 0xc80e5e08, 0xf94af703, 0xb80a24ff, 0xb2a2a4ad,
    0x6ea06dae, 0x8a8b8887, 0xa7c91e88, 0x1eb1c3b2, 0xb8d8150b, 0x1ae5cbb5, 0x5faf71cb, 0x5e3e150b, 0x1a314c61, 0x0b67a54b, 0x5df9987e, 0x0ad10698,
    0x94d10bdd, 0x93dd0c0c, 0xbff80d0c, 0x00010014, 0x00020000, 0x05533f83, 0x3c0f5f98, 0x030300f5, 0x241182e8, 0x77c7db00, 0x2707879b, 0xe8fb16fc,
    0x1007700b, 0x03200f82, 0x06822b82, 0x03000027, 0x006400e8, 0x260782e0, 0x01270099, 0x825c0052, 0x022b2803, 0x0126002b, 0x82350016, 0x01492403,
    0x820b0088, 0x8231200f, 0x82582003, 0x82282003, 0x821d2003, 0x02142e03, 0x0203005f, 0x02640091, 0x023a007e, 0x200782af, 0x2003824c, 0x20038228,
    0x240f82b1, 0x016400d8, 0x200b8225, 0x24038286, 0x0364001f, 0x2007822c, 0x200382d2, 0x201b82e6, 0x20078278, 0x3e03827c, 0x022f0055, 0x021f0057,
    0x026100d1, 0x0301003f, 0x021a006e, 0x0211003d, 0x02ffff13, 0x8232005b, 0x020f2277, 0x202f8234, 0x3093826a, 0x023300fd, 0x0235006c, 0x0133002a,
    0x02210045, 0x200f8233, 0x2817825f, 0x014d0013, 0x02d4ff14, 0x280b8228, 0x035c001d, 0x025c009e, 0x20038263, 0x202f845e, 0x2133835c, 0x1b828401,
    0x1f00d426, 0x1b007901, 0x552cb382, 0x0d000902, 0x1b002203, 0x0f00f201, 0x012b0b83, 0x012300da, 0x0367000d, 0x826500e8, 0x823c2003, 0x82002003,
    0x032a2403, 0x829a02e8, 0x82222007, 0x821d2003, 0x821c2003, 0x823b2003, 0x821e2003, 0x82322003, 0x82632003, 0x82182003, 0x82372003, 0x82572003,
    0x822c2003, 0x86202003, 0x861c2003, 0x87378327, 0x821b2003, 0x20038f13, 0x2013822d, 0x2003822e, 0x20038215, 0x20438629, 0x83138645, 0x20038317,
    0x200f8247, 0x206b8623, 0x20078245, 0x20038243, 0x20038227, 0x2003824c, 0x837f8646, 0x2003833b, 0x8f0f821f, 0x83b38323, 0x83a7832b, 0x839b8323,
    0x2047830f, 0x202f822f, 0x874b863a, 0x9680200b, 0x822b200f, 0x20038317, 0x20078248, 0x051f4130, 0x4b830020, 0x0b824720, 0x0f863120, 0x878f7b8b,
    0x13937f83, 0x3b820f20, 0x87864d20, 0x18208b83, 0x83065f41, 0x862920fb, 0x825c20ef, 0x86992007, 0x83f383ef, 0x82a620bf, 0x82ac200f, 0x82752003,
    0x41b42003, 0x63830613, 0x03412720, 0x822d2006, 0x82132007, 0x20af8303, 0x06534132, 0x13860720, 0x07820b20, 0xb3415520, 0x8221200e, 0x20038f0f,
    0x8357861f, 0x20038b07, 0x060b4220, 0x7f413020, 0x413b2006, 0x3d200613, 0x36200782, 0x64200382, 0x6c200382, 0x3c20d386, 0x26200782, 0x20064742,
    0x831b8640, 0x20eb8313, 0x42eb8a38, 0x19200763, 0x67207386, 0x24208f86, 0x13830782, 0x2b423320, 0x822a200a, 0x821a200b, 0x42282003, 0x2a20061b,
    0x17200b86, 0x2f830782, 0x0f861e20, 0x0f832383, 0x27861820, 0x0f83df83, 0x0f822220, 0xab421620, 0x200b8306, 0x200b8225, 0x20a78634, 0x2007822f,
    0x06bf422d, 0x5b831383, 0x0f826620, 0x53865220, 0x07822b20, 0xdf838b83, 0x0b825c20, 0x03822f20, 0x1b861f20, 0x26200783, 0x24200f86, 0x42200782,
    0x39204b86, 0x35206b86, 0x0f83d386, 0xcf863020, 0x13416220, 0x83138306, 0x8626208b, 0x8227204b, 0x863b2007, 0x207383b7, 0x200f8637, 0x83e38669,
    0x201783cb, 0x0643415b, 0x07822420, 0x4f20a783, 0x20063f41, 0x20cf8641, 0x065f421d, 0x07824d20, 0x03825620, 0xaf435a20, 0x42542006, 0x378306b3,
    0x03836b83, 0x3b862620, 0x83863820, 0x1b87e783, 0x1b862d20, 0x57862320, 0x50207b83, 0x1b83c386, 0x87863d20, 0x07822c20, 0xb7864720, 0x4f20e383,
    0x4b204b86, 0x40200782, 0x29200382, 0xcb830382, 0x07823120, 0x4f83a383, 0xd3862a20, 0xef427c20, 0x86252006, 0x8624203f, 0x202f8317, 0x20af8621,
    0x837f8660, 0x43592057, 0x23200613, 0xb3830782, 0x22200383, 0x28206386, 0x07834386, 0x3b201b87, 0x5b201382, 0x5b418f86, 0x42202007, 0xab83065f,
    0x07422120, 0x83138306, 0x20a383d3, 0x06e3411f, 0x07822a20, 0x9783b387, 0xcb832383, 0x2b83c383, 0x3520b383, 0x20062341, 0x8307822b, 0x8f33830f,
    0x07234507, 0x27422720, 0x43232006, 0x6783061b, 0x28201b83, 0x0b830f86, 0x21206787, 0x5783d386, 0x29201f83, 0x2f20c386, 0x83830786, 0xa7453e20,
    0x82262006, 0x862b2007, 0x202b8303, 0x0697412d, 0x17835f83, 0x0f82b420, 0xff437620, 0x82532006, 0x864f2007, 0x432c2043, 0x322006c3, 0x0783ef86,
    0x2a202f83, 0x83066f41, 0x20938307, 0x06c34217, 0xa3412320, 0x8628200a, 0x862a2043, 0x20db83a7, 0x06ef4525, 0x2007cb41, 0x431b861e, 0x3f83077f,
    0x13822e20, 0xbb413520, 0x45302006, 0xb3830acb, 0xc3865c20, 0x83079742, 0x20038313, 0x87178229, 0x876f8307, 0x87278303, 0x871f837f, 0x410b83b7,
    0x53410763, 0x86252007, 0x4138206b, 0x2f2006a7, 0x2006b741, 0x066f4239, 0x0b417520, 0x43502006, 0x3220062f, 0x2006fb41, 0x20078230, 0x064f41a1,
    0x17412120, 0x824d2006, 0x864b2007, 0x44272037, 0x0b830ab3, 0x1f20f383, 0xff875b86, 0xdf414420, 0x86252006, 0x824f2033, 0x82362007, 0x207b8303,
    0x832b8632, 0x4130201b, 0x34200653, 0xa3831386, 0x5f8a3120, 0x87864a20, 0x7b8a4120, 0x0b862e20, 0x3b862320, 0x4f8a2220, 0x7f412820, 0x442a2006,
    0x3d200a53, 0x24202786, 0x3a201b86, 0x3e200782, 0xaf836386, 0x8341a620, 0x07534206, 0x20075341, 0x20fb8632, 0x0673422d, 0x33862020, 0xc7837f83,
    0x23452920, 0x86272006, 0x2067833f, 0x830b8224, 0x8626205f, 0x834383b7, 0x42302003, 0x35200a6f, 0x83060b41, 0x83178747, 0x206783f3, 0x2027862c,
    0x06074437, 0x83861f20, 0x2007b344, 0x830f822b, 0x203b877b, 0x20d3861d, 0x202f8629, 0x0a9b4325, 0x5783c783, 0x34200383, 0x42064f42, 0x282007ef,
    0x20061b42, 0x060b4919, 0x2007a346, 0x0abf4223, 0x45076b48, 0x602007a3, 0x5d201b82, 0x07830382, 0x5b435f20, 0x455d2006, 0x5920066f, 0x51200782,
    0x5f200382, 0x52200786, 0x54200782, 0x2006f342, 0x20638644, 0x20f7863e, 0x061b4220, 0xd7835f83, 0x9f423f20, 0x82782006, 0x02222607, 0x02210083,
    0x24038258, 0x03210062, 0x20038296, 0x260382a0, 0x039002e8, 0x828d02e8, 0x82892003, 0x03942403, 0x49b201e8, 0x1820062b, 0x22204b86, 0x2f201382,
    0x4e200b86, 0xb7202382, 0x8206b345, 0x8700212f, 0xa0200b82, 0xe5201b86, 0xf7200782, 0xe7200382, 0xda200382, 0xde200382, 0x9d200382, 0xf0200382,
    0xcc200382, 0xdf200382, 0x17204782, 0x2a200382, 0xb1200b82, 0xca200382, 0xf9200382, 0xf3200382, 0x30201382, 0x9a200782, 0xcf200382, 0x91200382,
    0xfd200382, 0xfe200382, 0xd4200382, 0xbe200382, 0xb0203f86, 0x20062b42, 0x200782c5, 0x200382c7, 0x207786d8, 0x200782ff, 0x203386fc, 0x200782d5,
    0x834f82e8, 0x82eb20bb, 0x82052007, 0x82ae2003, 0x82e32013, 0x82212007, 0x46b82003, 0x012105cb, 0x20078204, 0x203786d7, 0x201782d6, 0x200b8248,
    0x200382f5, 0x827786f1, 0x4a0021ab, 0xef200b82, 0xdd200382, 0x01215b85, 0x200782df, 0x2403823d, 0x00db0129, 0x2003823f, 0x200b8246, 0x200382ba,
    0x13db4baf, 0x005e042b, 0x00f40177, 0x00f40100, 0x2003820d, 0x2003828d, 0x20038257, 0x2003821a, 0x2003829f, 0x200382b7, 0x20038227, 0x20038235,
    0x20038241, 0x2003822a, 0x20038220, 0x2003821e, 0x20038215, 0x2003824d, 0x20038232, 0x2003823e, 0x20038256, 0x20038265, 0x20038229, 0x2003823b,
    0x20038247, 0x20038246, 0x20038263, 0x20238637, 0x20078225, 0x20178648, 0x2007822e, 0x2003821c, 0x2003823c, 0x2003821b, 0x20038207, 0x20038223,
    0x20038218, 0x2077862f, 0x20078239, 0x20038245, 0x8303823a, 0x206b832f, 0x2073864c, 0x20078243, 0x200382ba, 0x83038209, 0x86bd2013, 0x20178333,
    0x8337862c, 0x866e2007, 0x8630202f, 0x20bf83c7, 0x832b8601, 0x085b830b, 0xe803da22, 0x25007002, 0x15001c00, 0xaa022000, 0x01000000, 0x88040000,
    0x0000e0fe, 0x16fcb80b, 0x700bd9fd, 0x17821183, 0x032f0288, 0x03030048, 0x009001dd, 0x02000005, 0x8258028a, 0x854b2018, 0x5e012507, 0x45013200,
    0x0b201582, 0x16821a82, 0x01210284, 0x82518208, 0x82102009, 0x47002f03, 0x00474f4f, 0xff200040, 0xff70031a, 0x69820088, 0x82200121, 0x23218417,
    0xdd021f02, 0x20220b82, 0x05820600, 0xba000f28, 0x01000300, 0x0b820904, 0x03825420, 0x01240b85, 0x54001800, 0x02241786, 0x6c000e00, 0x03240b86,
    0x7a004600, 0x04200b86, 0x0524238a, 0xc0006400, 0x06241786, 0x24012400, 0x07240b86, 0x48014400, 0x08240b86, 0x8c010a00, 0x09240b86, 0x96019401,
    0x0a240b86, 0x2a030a01, 0x0b240b86, 0x34043e00, 0x0c240b86, 0x72043400, 0x0d240b86, 0xa6049602, 0x0e320b86, 0x3c073400, 0x2000a900, 0x30003200,
    0x34003100, 0x09842d00, 0x20220d83, 0x89824100, 0x62006f24, 0x1f826500, 0x68002824, 0x01827400, 0x3a007024, 0x01822f00, 0x83007721, 0x002e2201,
    0x26238861, 0x0063002e, 0x826d006f, 0x0029241b, 0x824e002e, 0x8274200b, 0x00202203, 0x22238253, 0x8273006e, 0x00532443, 0x82520043, 0x0067244d,
    0x826c0075, 0x82722015, 0x002e226b, 0x26018230, 0x003b0032, 0x824f0047, 0x82472001, 0x873b8709, 0x20378339, 0x20398e2d, 0x209d823b, 0x242f8244,
    0x00450042, 0x20538256, 0x20618272, 0x206f8269, 0x2067826e, 0x877f8232, 0x84682055, 0x22998387, 0x8276006e, 0x8431201b, 0x822e201b, 0x003122eb,
    0x206b8236, 0x2087826d, 0x203f826b, 0x20db826f, 0x20078266, 0x83ed8478, 0x82352041, 0x00362229, 0x20258235, 0xa32d8230, 0x20f38993, 0x20ef8469,
    0x226f8261, 0x82720074, 0x82642061, 0x22698355, 0x826b0072, 0x006f2213, 0x20058266, 0x24998247, 0x0067006f, 0x2471846c, 0x006e0049, 0x41718263,
    0x52220973, 0x21827900, 0x03826b20, 0x4e002028, 0x53004900, 0x05824800, 0x55005a24, 0xfb824b00, 0x7f892028, 0xbc6d5a58, 0x4982505b, 0x55822820,
    0x3f826120, 0x2c006122, 0x62200d82, 0x70203182, 0x6d200382, 0x66200382, 0x26203d84, 0x69221582, 0xe5846400, 0x8f846720, 0x68007022, 0x2920a182,
    0x2022ff82, 0x9f825000, 0x85827520, 0x44002022, 0x20207f82, 0x75206582, 0x74204b82, 0x4c205784, 0x74221b82, 0x0f826900, 0x47205983, 0x65203b82,
    0xc3834582, 0x43205383, 0x7220a182, 0x6c201d82, 0x69203d82, 0x4f85bd82, 0x2005b541, 0x83798264, 0x00202217, 0x218b8443, 0x5583006d, 0x61212583,
    0x20518300, 0x3253826f, 0xc0200073, 0xceccb3b0, 0xb2a4bbe4, 0xc700cfc8, 0x8458c174, 0x825320c1, 0x006f2231, 0x205d822d, 0x2035846f, 0x208b8267,
    0x2af3824a, 0x0047004e, 0xc2a5c720, 0x8201c618, 0x20818311, 0x2029884a, 0x06fb4165, 0x27874b20, 0xc815ac25, 0x84f0c5fc, 0x826820c5, 0x006e21c5,
    0x20057542, 0x20bf8220, 0x2003826c, 0x2003826d, 0x2089826e, 0x83718473, 0x82742011, 0x8265200d, 0x209582e1, 0x205b8300, 0x837f8273, 0x006122c1,
    0x26df8262, 0x00730065, 0x82440029, 0x822e201f, 0x844b2053, 0x0020223d, 0x209f844c, 0x240d8264, 0x00280020, 0x221d8270, 0x826a006f, 0x8263200d,
    0x8220204b, 0x00722675, 0x00680063, 0x20598469, 0x20058263, 0x203b822c, 0x204d8267, 0x202b8279, 0x200b8268, 0x202b8273, 0x83078274, 0x82662041,
    0x846e2027, 0x07c7422b, 0x6f228583, 0x23827600, 0x4b827220, 0x85054d41, 0x82642063, 0x854f8377, 0x05774129, 0x23824d20, 0x03827320, 0x03827420,
    0x03826b20, 0x48002026, 0x54004100, 0x4f2e0182, 0x49005200, 0x0d672000, 0x636be890, 0x6f82b48c, 0x478dab87, 0xf7842020, 0x41112942, 0x29201133,
    0x20160d44, 0x0ad34267, 0x20090f44, 0x22e58467, 0x826e002f, 0x8274201d, 0x962f2003, 0x134b443d, 0x79007424, 0x3f827000, 0xc7822f20, 0x69006824,
    0xbd827300, 0x43824620, 0x74006e22, 0x53200982, 0x66200982, 0x77200982, 0x7220ef82, 0x20202582, 0x6c202186, 0x63200782, 0x6e200f82, 0x65222f82,
    0x29826400, 0x7d827520, 0x11826420, 0x0b827220, 0x7f827420, 0x3d846520, 0x4c004922, 0x4f200782, 0x6e206184, 0x4c20598c, 0x2c20418c, 0x65441b82,
    0x0031230f, 0x0383002e, 0x99ac2020, 0xa1846420, 0x72007422, 0x62220782, 0xbb827500, 0x6f209f85, 0x20209f82, 0x8583c582, 0x41002224, 0x71825300,
    0x05824920, 0x07822220, 0x0f844220, 0x87830d83, 0x49005722, 0x48247182, 0x55004f00, 0x20220782, 0x1d825700, 0x52005222, 0x4e200582, 0x49220f82,
    0x3b844500, 0x11824f20, 0x43002022, 0x4e222582, 0x31844400, 0x0b844920, 0x4f225783, 0x55824600, 0x4e004124, 0x07825900, 0x49004b22, 0x44210982,
    0x205b8300, 0x41958265, 0x7220051d, 0x65241982, 0x70007800, 0x6522a982, 0x01827300, 0x6f002022, 0x20200b82, 0x6d202182, 0x6c201582, 0xb9830782,
    0x27822e20, 0x65005322, 0x20200182, 0x6820cb82, 0x53200784, 0x57415182, 0x00202225, 0x85558666, 0x82202075, 0x82702067, 0x82632043, 0x8266205d,
    0x82632003, 0x436c205d, 0x612208bd, 0x1b826700, 0x13822c20, 0x72222383, 0x21826d00, 0xf7457320, 0x82732008, 0x00612417, 0x8464006e, 0x84692033,
    0x8274201d, 0x0a6d443b, 0x4f433f82, 0x006e2207, 0x202b8269, 0x202b8267, 0x20818279, 0x20d98475, 0x204b8275, 0x089f4565, 0x6f429183, 0x422e201f,
    0x73220ec9, 0x49826300, 0x70006924, 0x4b827400, 0x9b842e20, 0x2e006c22, 0x6729e384, 0x4f002f00, 0x4c004600, 0x24008300, 0x00000002, 0x24038203,
    0x00030014, 0x22078401, 0x82800e04, 0x029c2612, 0x01080000, 0x0b85829c, 0x290025be, 0x34002b00, 0x50004900, 0x5c005a00, 0x7c007a00, 0x26201d20,
    0x11300230, 0x0b4e004e, 0x164e0e4e, 0x324e2d4e, 0x454e3b4e, 0x664e5f4e, 0x8c4e864e, 0x924e8e4e, 0xba4ea44e, 0xcd4ec54e, 0xf04ee54e, 0xfb4ef64e,
    0x1a4f174f, 0x4f4f204f, 0x554f534f, 0x7f4f5c4f, 0xa74f8b4f, 0xdd4fbf4f, 0xef4fe14f, 0x3c500d50, 0x5a504f50, 0xcf507f50, 0x43514151, 0x4b514951,
    0x68516551, 0x7c517351, 0x99518551, 0xbb51b251, 0xfa51c651, 0x0752fd51, 0x1b521252, 0x29521d52, 0x30522b52, 0x4d523652, 0x6a525452, 0xa852a052,
    0x1653bf52, 0x55533a53, 0x9f537853, 0xcd53ca53, 0xd653d153, 0xe053d853, 0xf353f053, 0x08540454, 0x11540e54, 0x2f542c54, 0x7d544a54, 0xc8548c54,
    0x6856cd54, 0xfe56de56, 0x28570657, 0x3a573057, 0x40573e57, 0x83574757, 0xfa578b57, 0x9e589958, 0x07590459, 0x16590d59, 0x27591a59, 0x34593159,
    0xcb598259, 0x8c5b585b, 0x9a5b985b, 0xb65b9e5b, 0xf95bb95b, 0x045cfc5b, 0x0f5c065c, 0x1d5c1a5c, 0x425c3a5c, 0x5e5c4f5c, 0xee5de65d, 0x0c5ef25d,
    0x385e275e, 0x555e455e, 0x7b5e735e, 0x945e8f5e, 0xf65ea65e, 0x005ffa5e, 0x0f5f025f, 0x625f155f, 0x805f715f, 0x975f855f, 0xc65fc35f, 0xeb5fd75f,
    0x0160fd5f, 0x3b602760, 0x6f606260, 0x62610f61, 0x16621062, 0x3f623462, 0x4d624b62, 0x58625362, 0x7f626b62, 0xa4629562, 0xdf62c762, 0x0163e962,
    0x09630763, 0x55632163, 0x6e636263, 0xa7637763, 0xd263d063, 0x47641c64, 0xce649e64, 0x36652f65, 0x3e653965, 0x70654865, 0x87657465, 0xb965b065,
    0xe065cb65, 0xe765e565, 0x0e66f665, 0x2f662066, 0x6f663e66, 0x0067f466, 0x1f670967, 0x2c672a67, 0x43673a67, 0x81674667, 0x90678467, 0xb6679c67,
    0xd367c467, 0xf167e567, 0x0f680768, 0x46683768, 0xc0684c68, 0x216afd69, 0x656b216b, 0xc16b7b6b, 0x346cd46b, 0xa16c386c, 0xe86cd56c, 0x3b6d1b6d,
    0x4b6d456d, 0xf16d886d, 0x056efb6d, 0x386e326e, 0xda6ed16e, 0xb970c06f, 0x48722671, 0xb6726972, 0x8773ec72, 0xa9738b73, 0x0674b073, 0x28751f75,
    0x4c753175, 0x84766575, 0xd676d176, 0xee76d876, 0xf876f476, 0x3c770b77, 0xe5778477, 0x0178e977, 0x6e786c78, 0xc178b078, 0x3e793a79, 0xbb798179,
    0xf079d279, 0x7a7afb79, 0xcb7a7f7a, 0x267bd97a, 0x5b7b497b, 0x807b7e7b, 0xa17b977b, 0xbe7c7b7c, 0xfb7cca7c, 0x227d207d, 0xb97ea77e, 0xc67ec47e,
    0xd17ec87e, 0xd97ed37e, 0xe77edf7e, 0xf47eed7e, 0x297f137f, 0xfb7f6e7f, 0x54800580, 0xfd80cc80, 0x55811a81, 0xf481ea81, 0x72822a82, 0xdc83b783,
    0xcf85dd84, 0x4c885a86, 0xab886588, 0x8189c188, 0xc2898689, 0xd289c689, 0x008ae389, 0xa18b668b, 0xb08ba48b, 0xbf8bb88b, 0xd58bc18b, 0xed8be28b,
    0xf48bef8b, 0xfb8bf78b, 0x618c038c, 0x778d258d, 0xdf8ddd8d, 0x6c8ff38d, 0x938f7d8f, 0xb98fa88f, 0xd18fc78f, 0xd98fd48f, 0x0290df8f, 0x0f900990,
    0x20901290, 0x6e904790, 0xfd90e890, 0xcd914d91, 0x8894cf91, 0x19950195, 0x5c952e95, 0xe8957f95, 0xf495ee95, 0x35963296, 0x4d964596, 0x64965096,
    0xb6969096, 0x5e970097, 0x75986297, 0x84987a98, 0xd89a9898, 0x209fd89e, 0x09ff01ff, 0x1aff0cff, 0x0000ffff, 0x25002000, 0x2b002800, 0x41002e00,
    0x52004b00, 0x61005c00, 0x1c207c00, 0x02302620, 0x004e1030, 0x0d4e0a4e, 0x20069d43, 0x169d433a, 0x9d43e320, 0x434d200c, 0xee20129d, 0x202a9d43,
    0x1c9d4306, 0x9d433920, 0x43cc2008, 0xef20089d, 0x20069d43, 0x149d430c, 0x9d43fd20, 0x4382200e, 0x57201c9d, 0x200c9d43, 0x149d43f8, 0x9d43e520,
    0x430f2046, 0x7e20109d, 0x201c9d43, 0x089d43cf, 0x9d43cd20, 0xff662129, 0x20329d43, 0xe69d4362, 0x9d43c120, 0x43be2012, 0xd0202a9d, 0x200e9d43,
    0x109d431f, 0x9d430020, 0x43ed200a, 0x4420069d, 0x20069d43, 0x0a9d438f, 0x9d437920, 0x4308200c, 0x9c0b059d, 0xddffe1ff, 0xdaffdbff, 0xcdffd9ff,
    0xcbffccff, 0xc6ffcaff, 0x2be3c5ff, 0x43d01ce0, 0xceb236d0, 0xc4b2c5b2, 0xa7b2bdb2, 0x9cb2a3b2, 0x7ab293b2, 0x55b274b2, 0x4fb250b2, 0x3bb24cb2,
    0x1cb226b2, 0x00b215b2, 0xf1b1f6b1, 0xd2b1edb1, 0xcbb1d0b1, 0x9cb19fb1, 0x95b19bb1, 0x68b173b1, 0x36b14db1, 0x16b119b1, 0xedb00ab1, 0xadb0bfb0,
    0x7fb0a3b0, 0xbfaf30b0, 0xb9afbeaf, 0x9fafb8af, 0x93af9daf, 0x83af8baf, 0x58af70af, 0x46af50af, 0x11af13af, 0xffae09af, 0xf6aef7ae, 0xeaaeebae,
    0xe1aee6ae, 0xc5aecbae, 0x7baeb0ae, 0x5eae74ae, 0xe6ad08ae, 0xaaadccad, 0x5aad84ad, 0x56ad59ad, 0x51ad52ad, 0x3bad1aaf, 0x29ad39ad, 0x23ad26ad,
    0x07ad21ad, 0xebac05ad, 0xabacb9ac, 0x6cac70ac, 0x5caa41ac, 0x37aa3eaa, 0x0faa16aa, 0x03aa06aa, 0xfca902aa, 0xbba9c2a9, 0xafa84da9, 0x46a8aba8,
    0x3fa844a8, 0x34a837a8, 0x1fa828a8, 0xd0a71da8, 0xfda588a7, 0xbfa5caa5, 0xbba5bea5, 0xa2a5a4a5, 0x62a564a5, 0x5aa55ba5, 0x48a552a5, 0x2aa546a5,
    0x17a523a5, 0x83a309a5, 0x79a37ca3, 0x46a360a3, 0x2aa336a3, 0xfea21ba3, 0xe4a2f7a2, 0xcfa2e0a2, 0x7da280a2, 0x77a278a2, 0x66a26ba2, 0x0ca21aa2,
    0xfaa1fea1, 0xbea1e9a1, 0xaca1bca1, 0x88a199a1, 0x60a185a1, 0x27a14da1, 0x7ca01ba1, 0x7e9f2aa0, 0x5c9f799f, 0x479f529f, 0x419f469f, 0x2b9f3d9f,
    0x049f199f, 0xd49ef69e, 0xb49ebd9e, 0x989e9d9e, 0x809e979e, 0x419e4d9e, 0x2e9e369e, 0xd89dff9d, 0x8e9dd79d, 0x0e9d649d, 0x809ce09c, 0x789c7a9c,
    0x6b9c749c, 0x419c449c, 0x079c2f9c, 0xee9bff9b, 0xd69bda9b, 0xc79bd59b, 0x9f9bb09b, 0x839b919b, 0xcf9a539b, 0xbd9ac59a, 0x9e9aa89a, 0x909a9d9a,
    0x869a889a, 0x4a9a4c9a, 0x349a3f9a, 0x0e9a1b9a, 0xef99009a, 0xcf99e499, 0xa199c899, 0x8e999399, 0xdf971b99, 0xbd96bc97, 0x68967d96, 0x11962396,
    0xaf95b295, 0x14954795, 0xd0940295, 0xa894b194, 0x6794a394, 0x0095ff93, 0xc093ec93, 0x2393bb93, 0x36921b93, 0xd2903e91, 0x918fb18f, 0x108f458f,
    0x738e768e, 0x508e568e, 0xe38cfb8d, 0xd38cdb8c, 0xa18cb98c, 0x378b838b, 0x328b338b, 0x188b1d8b, 0x038b158b, 0x8c8ad38a, 0x298a2c8a, 0xa889128a,
    0x6689a789, 0xde885689, 0x9988db88, 0x4a886088, 0x23882d88, 0xa187a587, 0x49875687, 0xdb86fd86, 0xa886ca86, 0x9186a786, 0xaf858886, 0x62856d85,
    0x0e853285, 0x89830d85, 0x6e837883, 0x6c836d83, 0x63836483, 0x59835e83, 0x4d835283, 0x29834783, 0xd0821483, 0x3b824482, 0x7681ed81, 0x2a814681,
    0x5c80f080, 0x1e805380, 0x937ed77f, 0x6f7d6f7e, 0xf47b7e7c, 0xeb79037a, 0x9179a679, 0xce78d278, 0x91789478, 0x76788678, 0xf5765a78, 0xb976bb76,
    0xa776ae76, 0xa176a276, 0x82768e76, 0x77767876, 0x71767376, 0x67766e76, 0x47750a76, 0x9174f674, 0x7d749074, 0xf5720573, 0xcc72e072, 0xaf72bc72,
    0xa572a772, 0x9c72a172, 0x74727a72, 0x6d726f72, 0x3b726172, 0x9c711572, 0x39718871, 0xb970ba70, 0x8a6d016e, 0x5f6d736d, 0x106d326d, 0xa46ca86c,
    0x626c9f6c, 0x526c606c, 0x496c4b6c, 0x0c6c366c, 0x9e6be76b, 0x3e6b416b, 0x296a2c6a, 0x0d6a206a, 0xcf63ce67, 0xfd038863, 0xb203b303, 0x0100e503,
    0x00001000, 0x03209b03, 0x23059c43, 0x320083ff, 0x058e0985, 0x0f820120, 0x000a2c08, 0x00820044, 0x4c464406, 0x63260054, 0x006c7279, 0x65726726,
    0x6826006b, 0x00696e61, 0x6e616b26, 0x6c260061, 0x006e7461, 0x82040026, 0xff00242f, 0x820500ff, 0x00012407, 0x82030002, 0x68052911, 0x00746c61,
    0x72656b20, 0x70202182, 0x2c210b83, 0x22128276, 0x82763200, 0x3800210c, 0x04822984, 0x82010021, 0x82002001, 0x00022103, 0x03200583, 0x04200584,
    0x0c284982, 0x660c5800, 0x260ede0d, 0x03261f84, 0x20000c00, 0x0b823000, 0x05000a26, 0x0cfe0cfe, 0x03260982, 0xbb024600, 0x13854703, 0x8406ff21,
    0x02012213, 0x220f82f9, 0x84040008, 0x0008300d, 0x02470045, 0x02be02bc, 0x02fe02bf, 0x824803ff, 0x8200209b, 0x000a2203, 0x20258222, 0x83a5820c,
    0x84122073, 0x823e2083, 0x00062605, 0x09020008, 0x351783ac, 0x0a0bec09, 0x1e002900, 0xe5ff0000, 0xf5ffd3ff, 0x1d001d00, 0x0782ddff, 0xeaff0a22,
    0x02aba382, 0x2c822520, 0x03825120, 0xff2f0284, 0xffdfffa0, 0xffc5ffea, 0x00dffff5, 0x84afff0e, 0x2204a214, 0x8200f1ff, 0x25288389, 0x0000eeff,
    0x0d87fcff, 0x03921183, 0xf9ff1a22, 0x69821587, 0xf9fff12a, 0xefffc3ff, 0xf1fff8ff, 0x07823984, 0x43830020, 0x11820420, 0xd3fff522, 0x1a202986,
    0x068c0786, 0x7784f182, 0xfa203982, 0xfc204982, 0xf1200782, 0xf5230382, 0x82fffcff, 0x822a8c83, 0x202d840c, 0x240882f5, 0x00e8ff00, 0x200d8400,
    0x200d82ea, 0x20bd8207, 0x20078407, 0x200582e5, 0x96038209, 0x075b4102, 0xffe0ff23, 0x206d82e2, 0x206d84ec, 0x217786fc, 0x3d82fff8, 0x5f847782,
    0xff21408d, 0x856d85f0, 0x82778415, 0x0500232b, 0x0382eeff, 0x0382f520, 0xeaffe324, 0x1d86f8ff, 0x8818bf41, 0x83288237, 0x8406820b, 0x000023c3,
    0x0b83deff, 0xff200391, 0x7b854b82, 0x00212f87, 0x22258234, 0x824a000e, 0x20098305, 0x223b8242, 0x822500fc, 0x0000240d, 0x82c8ff46, 0x8237202b,
    0x83f120c1, 0xdaff230f, 0xd183d6ff, 0xff000023, 0x20e182f1, 0x82ab82f5, 0x20518216, 0x83098204, 0x82002003, 0xffe322b3, 0x237b85e5, 0xb2ffafff,
    0xea222982, 0x7384dfff, 0x2a82ee20, 0x29210283, 0x824b84ff, 0x84e32019, 0xff002269, 0x201682fc, 0x82158711, 0x2202850b, 0x82100035, 0x412b871f,
    0x75410eb9, 0x82ff2005, 0x13d3411d, 0x05854085, 0x00f5ff23, 0x21038500, 0x0982ecff, 0xb982e920, 0x1985d920, 0xff230585, 0x410000f3, 0x11820767,
    0x03820e20, 0x79410282, 0x823d8208, 0xfff52a1f, 0xffeafff8, 0xfff0ffdb, 0x263f82ed, 0xfff2ffea, 0x82f5ffee, 0xffee2211, 0x050341f6, 0x02883282,
    0x3b42c98e, 0x9132881a, 0x85032008, 0xf3ff23d7, 0x6782e3ff, 0x7afff52c, 0xd8ffe0ff, 0xdaffabff, 0x0784c1ff, 0x3285e720, 0xfff1ff23, 0x990985a7,
    0x06b14105, 0x0021c984, 0x89af9100, 0xf0ff2139, 0x00230b89, 0x82edff00, 0x82c02003, 0xfffc2203, 0x238d83eb, 0xccfffcff, 0xed200d82, 0xe3209986,
    0x20086f42, 0x873585fa, 0x430d850f, 0x778208fb, 0x82f9ff21, 0x82ea200d, 0xfff12203, 0x082f43ed, 0x2783ec20, 0x23056741, 0xc8ffd0ff, 0x20063342,
    0x441583e5, 0xff210f29, 0x240182f5, 0xffe5fff1, 0x271d83a9, 0xabff83ff, 0xf5ff0000, 0x15824985, 0x7985f120, 0x1d207f8c, 0x15202982, 0x07830382,
    0x2f830682, 0x0e240682, 0xdaffc1ff, 0x09440b82, 0x82ff2006, 0x41cd8607, 0xf120071d, 0x00222582, 0x05820600, 0x03820720, 0xf1ff0024, 0xbf43f8ff,
    0x0a2d420f, 0x03842283, 0x67418b83, 0x18b3430e, 0x048a3084, 0xa1453783, 0x8575820d, 0x87258a87, 0x07a5440a, 0x9b820020, 0x65820382, 0x830d6f42,
    0x0ae341cf, 0x0b000722, 0x4082fb86, 0xffafff23, 0x05bf45d3, 0xffb6ff27, 0xffecffe5, 0x261482cc, 0x00dbff00, 0x82daff00, 0x82db2003, 0xffd42877,
    0xffeaffd4, 0x82ecffc4, 0xff89220f, 0x2205829c, 0x85acffbe, 0x8b2b8327, 0x09834303, 0x6f441583, 0x221b8417, 0x41eefffc, 0x14830c9d, 0x7b410382,
    0x44002005, 0xf820054d, 0x22084f42, 0x82ddffee, 0x06f14313, 0xf3208d82, 0x00222a82, 0x2d88f5ff, 0x0023f382, 0x83f6ff00, 0x41078215, 0x3d850629,
    0x86daff21, 0x83e52095, 0xe7ff251d, 0xe8fff1ff, 0xef200984, 0xa3831f83, 0xf6224782, 0x3d830b00, 0xf5260384, 0x0000efff, 0x2384ebff, 0xe783b720,
    0xfff2ff23, 0x874383e4, 0x85778a6f, 0x85778753, 0x207d870d, 0x051542d3, 0x84edff21, 0x00ee2449, 0x83f2ff00, 0x46078209, 0x0f8508d5, 0xeb460585,
    0x22058605, 0x83dfffda, 0x0fc54215, 0x82edff21, 0x2165827b, 0x1d84dbff, 0x0583ef20, 0xff000025, 0x41fcffda, 0xf8200ad1, 0x05851585, 0x00f5ff22,
    0x20072749, 0x443d82f8, 0xf52105a3, 0x228d83ff, 0x850000f1, 0x45658607, 0x3882078d, 0x43053f42, 0x67410897, 0x0787410f, 0x8b476982, 0x83328205,
    0x84f02085, 0x239f8207, 0xb5ff0000, 0xbd201982, 0xd2200f84, 0xe1200982, 0xf120a382, 0xff47bb82, 0x235f8306, 0xdaffeeff, 0x8205f145, 0xff9b2205,
    0x240582b5, 0xffcbffd2, 0x200782d3, 0x200382e6, 0x203b84f9, 0x200585f5, 0x061746ff, 0xfc200d84, 0x83051b41, 0x8203910b, 0x44f92055, 0xff2305b3,
    0x82eaffe8, 0x824b8379, 0xf9ff21ef, 0xee201984, 0xde211182, 0x82a182ff, 0x198d430d, 0x57915920, 0x1d2611a8, 0x0000f3ff, 0x0382cdff, 0x7f829220,
    0xb7ffda24, 0xfb82e7ff, 0x99ffea22, 0x02244198, 0x03000a00, 0x3a080182, 0x00060000, 0x00010008, 0x0014000e, 0x00170004, 0x000b0018, 0x0029001b,
    0x002b000d, 0x001c002e, 0x00400031, 0x02aa0220, 0x023000aa, 0x00ac02ac, 0x03050331, 0x00320005, 0x842f0002, 0x8227203f, 0x0007223f, 0x203f8228,
    0x220f820e, 0x820f000f, 0x00102245, 0x26158210, 0x00110011, 0x82120013, 0x82082001, 0x00132207, 0x2461820a, 0x000c0014, 0x22018217, 0x8218000e,
    0x82102001, 0x821b2069, 0x821c201b, 0x00142267, 0x2201821d, 0x821e0016, 0x00182201, 0x2201821f, 0x8220001a, 0x001c2201, 0x22018221, 0x8222001e,
    0x00202201, 0x22018223, 0x84240022, 0x00252401, 0x84260025, 0x00012201, 0x22018227, 0x82280002, 0x82122001, 0x002922bb, 0x24bd8205, 0x0007002b,
    0x2201822c, 0x822d0009, 0x820b2001, 0x822e20cd, 0x82312091, 0x000d22d1, 0x24018232, 0x0033000f, 0x22118234, 0x82360035, 0x003726a3, 0x001b0037,
    0x22018238, 0x82390015, 0x00172201, 0x2201823a, 0x823b0019, 0x001b2201, 0x2201823c, 0x823d001d, 0x001f2201, 0x2201823e, 0x823f0021, 0x00232201,
    0x30018240, 0x02aa0225, 0x020900aa, 0x00ac02ac, 0x0305030f, 0x20858205, 0x269b8202, 0x00040004, 0x8206001a, 0x00182285, 0x22018208, 0x820e0019,
    0x00022201, 0x22018210, 0x82140007, 0x00072201, 0x2001821b, 0x20f38407, 0x20f38412, 0x22f1820a, 0x840b0020, 0x840d20f3, 0x840f20f3, 0x841420f3,
    0x821120f1, 0x00252255, 0x20f38415, 0x20f38417, 0x20ed8201, 0x8363822b, 0x841620e7, 0x000322e7, 0x2201822f, 0x82300004, 0x84052001, 0x001d22e1,
    0x20018235, 0x22e58206, 0x821d0036, 0x823720e5, 0x20e7832f, 0x20e7841d, 0x20e7841b, 0x20e78408, 0x20e78409, 0x20e7840c, 0x20e7840e, 0x20e78413,
    0x20e78410, 0x22e7821c, 0x841600ac, 0x001826e1, 0x00000001, 0x36cf8204, 0x015a004a, 0x00020060, 0x00050028, 0xfe24fe08, 0xfee8ff0c, 0x8230fe0c,
    0x82dc2007, 0x82c02003, 0x82b02003, 0x8219200f, 0x4cf32007, 0x46240657, 0xbb024700, 0x2305594c, 0x48034703, 0x240a734c, 0x02fe0202, 0x204b82ff,
    0x224b82d8, 0x820b0034, 0xff882433, 0x828bff10, 0x20078303, 0x20078294, 0x2e038279, 0xff20ff95, 0xff4bffbc, 0xff22ff89, 0x825fffb9, 0xff0c2e1f,
    0xffd4fe78, 0xff6dffb3, 0xff88ffc4, 0x2a238287, 0xff41ffaf, 0xffaffe5e, 0x84a8ffd3, 0xffa52a13, 0xffa4ff08, 0xff81ff39, 0x26218204, 0xffbbff10,
    0x82a0ff7b, 0xffa92423, 0x8284ff53, 0xff96221b, 0x08178235, 0xaeff1124, 0x53ff33ff, 0x85ffa8fe, 0x72ff32ff, 0x38ffe1fe, 0xa1ff8afe, 0x9cff2dff,
    0x21ff38ff, 0x59ff49fe, 0x77828dfe, 0x1fff0024, 0x2f828efe, 0x79ff1a24, 0x3382f2fe, 0x43823220, 0x44ff312c, 0x5dff70fe, 0x4bffb3fe, 0x2f84c4fe,
    0xbafe5d2e, 0xd6fe6bff, 0xdcfe7dff, 0xd2fe67ff, 0x0722d782, 0x01824500, 0x02002408, 0x00d002c1, 0x02d20201, 0x021100d9, 0x00dd02db, 0x02df0219,
    0x021c00ea, 0x00f402ec, 0x02f60228, 0x823100f8, 0x0010222d, 0x2e058205, 0x00500029, 0x0084003f, 0x02020001, 0x4deb02da, 0x242208d1, 0x0b823400,
    0x08000824, 0x07820cfe, 0xaf02062c, 0xb502b002, 0xb902b702, 0x0f824c03, 0x0a000a24, 0x1984fa00, 0x4d030122, 0x01210f85, 0x260f84f4, 0x02b40203,
    0x84b802b6, 0x00052a47, 0x01220010, 0x015e013a, 0x204b8a76, 0x824b8303, 0x00022245, 0x224582e4, 0x82d00137, 0xfe242437, 0x82dc010c, 0x82182007,
    0x82e12007, 0x82132007, 0xff282403, 0x861b00b0, 0x8a212003, 0xff2a220b, 0x221784a1, 0x889bff32, 0xff1b241f, 0x822f00a6, 0x832f8703, 0x8a302007,
    0xff2b220f, 0x202b82a9, 0x202f8ca6, 0x8d538415, 0x28378313, 0x004cff4f, 0x00afff34, 0x2107843a, 0x0f8300b0, 0xbaff3e24, 0x2f823800, 0x03823a20,
    0x17824020, 0x5a200383, 0x14200784, 0x17221f84, 0x3382a7ff, 0x33824c20, 0x37844220, 0x03833383, 0x00023e08, 0x02b40208, 0x020000ba, 0x00dd02c1,
    0x02df0207, 0x022400e3, 0x00e702e6, 0x02e90229, 0x022b00e9, 0x00ed02eb, 0x02f0022c, 0x022f00f6, 0x00f802f8, 0x00020036, 0x000a0018, 0xffedff04,
    0x200382e5, 0x2e0384da, 0x00d5ffda, 0x02040001, 0x02ee02e4, 0x82f702ef, 0x82102023, 0xff022823, 0xfff2fffd, 0x82f6fff6, 0x0202241b, 0x41ea02e5,
    0xff230589, 0x828400be, 0x02012609, 0x000000e8, 0x24038201, 0x006c000a, 0x0c2f50de, 0x72672a26, 0x2a006b65, 0x22102f50, 0x8426002a, 0x5a012c2f,
    0x00205348, 0xff000022, 0x500900ff, 0x00250b39, 0x00070006, 0x82178408, 0x50002005, 0x15850751, 0x61610933, 0x3800746c, 0x67696c64, 0x77664000,
    0x46006469, 0x20058368, 0x2910824c, 0x6c520061, 0x006c636f, 0x11837058, 0x65765e2a, 0x64007472, 0x32747276, 0x00249b82, 0x00000200, 0x0122a984,
    0x09840300, 0x05840420, 0x05840520, 0x07201b85, 0x06200b84, 0x02200582, 0x93857f82, 0x0a000836, 0x40001600, 0xd6069206, 0xc80d900c, 0x3410000f,
    0xa8105e10, 0x08324986, 0x12000200, 0x05030600, 0x48034703, 0xfc024200, 0x1982fd02, 0x09850620, 0x6d851586, 0x00080a09, 0x00280601, 0x019601c8,
    0x01a2019c, 0x01ae01a8, 0x01ba01b4, 0x048404c0, 0x0490048a, 0x019c0496, 0x01cc01c6, 0x01d801d2, 0x01e401de, 0x01f001ea, 0x02fc01f6, 0x02080202,
    0x0214020e, 0x0220021a, 0x022c0226, 0x02380232, 0x0244023e, 0x0250024a, 0x025c0256, 0x02680262, 0x0274026e, 0x0280027a, 0x028c0286, 0x02980292,
    0x02a4029e, 0x02b002aa, 0x02bc02b6, 0x02c802c2, 0x02d402ce, 0x02e002da, 0x02ec02e6, 0x02f802f2, 0x030403fe, 0x0310030a, 0x031c0316, 0x03280322,
    0x0334032e, 0x0340033a, 0x034c0346, 0x03580352, 0x0364035e, 0x0370036a, 0x037c0376, 0x03880382, 0x0394038e, 0x03a0039a, 0x03ac03a6, 0x03b803b2,
    0x03c403be, 0x03d003ca, 0x03dc03d6, 0x03e803e2, 0x03f403ee, 0x040004fa, 0x040c0406, 0x04180412, 0x0424041e, 0x0430042a, 0x043c0436, 0x04480442,
    0x0454044e, 0x0460045a, 0x046c0466, 0x04780472, 0x08f3897e, 0x04a2048d, 0x04ae04a8, 0x04ba04b4, 0x04c604c0, 0x04d204cc, 0x04de04d8, 0x04ea04e4,
    0x04f604f0, 0x050205fc, 0x050e0508, 0x051a0514, 0x05260520, 0x0532052c, 0x053e0538, 0x054a0544, 0x05560550, 0x0562055c, 0x056e0568, 0x057a0574,
    0x05860580, 0x0592058c, 0x059e0598, 0x05aa05a4, 0x05b605b0, 0x05c205bc, 0x05ce05c8, 0x05da05d4, 0x05e605e0, 0x05f205ec, 0x06fe05f8, 0x060a0604,
    0x06160610, 0x0022061c, 0x03440002, 0x02020006, 0x820703ba, 0x03bb2205, 0x22058208, 0x820903bc, 0x03bd2205, 0x2205820a, 0x820b03be, 0x03bf2205,
    0x2205820c, 0x820d03c0, 0x03c62205, 0x22058213, 0x821403c7, 0x03c82205, 0x22058215, 0x821603c9, 0x03ca2205, 0x22058217, 0x821803cb, 0x03cc2205,
    0x22058219, 0x821a03cd, 0x03ce2205, 0x2205821b, 0x821c03cf, 0x03d02205, 0x2205821d, 0x821e03d1, 0x03d22205, 0x2205821f, 0x822003d3, 0x03d42205,
    0x22058221, 0x822203d5, 0x03d62205, 0x22058223, 0x822403d7, 0x03d82205, 0x22058225, 0x822603d9, 0x03da2205, 0x22058227, 0x822803db, 0x03dc2205,
    0x22058229, 0x822a03dd, 0x03de2205, 0x2205822b, 0x822c03df, 0x03e02205, 0x2205822d, 0x822e03e1, 0x03e22205, 0x2205822f, 0x823003e3, 0x03e42205,
    0x22058231, 0x823203e5, 0x03e62205, 0x22058233, 0x823403e7, 0x03e82205, 0x22058235, 0x823603e9, 0x03ea2205, 0x22058237, 0x823803eb, 0x03ec2205,
    0x22058239, 0x823a03ed, 0x03ee2205, 0x2205823b, 0x823c03ef, 0x03f02205, 0x2205823d, 0x823e03f1, 0x03f22205, 0x2205823f, 0x824003f3, 0x03f42205,
    0x22058241, 0x824203f5, 0x03f62205, 0x22058243, 0x824403f7, 0x03f82205, 0x28058245, 0x004603f9, 0x00060302, 0x22058201, 0x82020007, 0x00082205,
    0x22058203, 0x82040009, 0x000a2205, 0x22058205, 0x8206000b, 0x000c2205, 0x22058207, 0x8208000d, 0x000e2205, 0x22058209, 0x820a000f, 0x00102205,
    0x2205820b, 0x820c0011, 0x00122205, 0x2205820d, 0x820e0013, 0x00142205, 0x2205820f, 0x82100015, 0x00162205, 0x22058211, 0x82120017, 0x00182205,
    0x22058213, 0x82140019, 0x001a2205, 0x22058215, 0x8216001b, 0x001c2205, 0x22058217, 0x8218001d, 0x001e2205, 0x22058219, 0x821a001f, 0x00202205,
    0x2205821b, 0x821c0021, 0x00222205, 0x2205821d, 0x821e0023, 0x00242205, 0x2205821f, 0x82200025, 0x00262205, 0x22058221, 0x82220027, 0x00282205,
    0x22058223, 0x82240029, 0x002a2205, 0x22058225, 0x8226002b, 0x002c2205, 0x22058227, 0x8228002d, 0x002e2205, 0x22058229, 0x822a002f, 0x00302205,
    0x2205822b, 0x822c0031, 0x00322205, 0x2205822d, 0x822e0033, 0x00342205, 0x2205822f, 0x82300035, 0x00362205, 0x22058231, 0x82320037, 0x00382205,
    0x22058233, 0x82340039, 0x003a2205, 0x22058235, 0x8236003b, 0x003c2205, 0x22058237, 0x8238003d, 0x003e2205, 0x22058239, 0x823a003f, 0x00402205,
    0x2205823b, 0x823c0041, 0x00422205, 0x2205823d, 0x823e0043, 0x00442205, 0x2205823f, 0x82400045, 0x00462805, 0x02020041, 0x820e03c1, 0x03c22205,
    0x2205820f, 0x821003c3, 0x03c42205, 0x28058211, 0x001203c5, 0x00440002, 0x200b8201, 0x240982ba, 0x00bb0202, 0x220b8203, 0x820400bc, 0x00bd2205,
    0x22058205, 0x820600be, 0x00bf2205, 0x22058207, 0x820800c0, 0x00c12205, 0x22058209, 0x820a00c2, 0x00c32205, 0x2205820b, 0x820c00c4, 0x00c52205,
    0x2205820d, 0x820e00c6, 0x00c72205, 0x2205820f, 0x821000c8, 0x00c92105, 0xca226b83, 0x0b821200, 0x1300cb22, 0xcc220582, 0x05821400, 0x1500cd22,
    0xce220582, 0x05821600, 0x1700cf22, 0xd0220582, 0x05821800, 0x1900d122, 0xd2220582, 0x05821a00, 0x1b00d322, 0xd4220582, 0x05821c00, 0x1d00d522,
    0xd6220582, 0x05821e00, 0x1f00d722, 0xd8220582, 0x05822000, 0x2100d922, 0xda220582, 0x05822200, 0x2300db22, 0xdc220582, 0x05822400, 0x2500dd22,
    0xde220582, 0x05822600, 0x2700df22, 0xe0220582, 0x05822800, 0x2900e122, 0xe2220582, 0x05822a00, 0x2b00e322, 0xe4220582, 0x05822c00, 0x2d00e522,
    0xe6220582, 0x05822e00, 0x2f00e722, 0xe8220582, 0x05823000, 0x3100e922, 0xea220582, 0x05823200, 0x3300eb22, 0xec220582, 0x05823400, 0x3500ed22,
    0xee220582, 0x05823600, 0x3700ef22, 0xf0220582, 0x05823800, 0x3900f122, 0xf2220582, 0x05823a00, 0x3b00f322, 0xf4220582, 0x05823c00, 0x3d00f522,
    0xf6220582, 0x05823e00, 0x3f00f722, 0xf8220582, 0x05824000, 0x4100f928, 0x05000200, 0x07820100, 0x44000022, 0x413a0182, 0xf902ba02, 0x00034200,
    0x82000403, 0x46030603, 0x04008700, 0x01000000, 0x03820800, 0x07843620, 0x0c000526, 0x1c001400, 0x2824f582, 0x0300ad02, 0x2f22c182, 0x0784ae02,
    0xaa023222, 0x2c224f82, 0x0582ab02, 0xac022f22, 0x32200582, 0x01203182, 0x43882182, 0x6c055308, 0x56002800, 0xd6006000, 0x72014c01, 0x98018401,
    0xba01a201, 0xec01c601, 0x10020602, 0x3e023202, 0x9a026c02, 0xb002a402, 0xc602bc02, 0xe002d402, 0x46031803, 0x64035a03, 0x84037003, 0xf4038e03,
    0xa0041804, 0xdc04d204, 0x44051a05, 0x58054e05, 0x63826205, 0x4f000426, 0xf7010200, 0x1a209982, 0x2a349782, 0x3a003200, 0x4a004200, 0x5a005200,
    0x6a006200, 0xc1007000, 0x0924a182, 0x5400bb01, 0xf7220784, 0x0782c200, 0x0f820a20, 0x07845520, 0xc300f722, 0x0b200782, 0x56200f82, 0xf7220784,
    0x0782c400, 0x0f820c20, 0x07845720, 0xc500f722, 0x0d200782, 0x58200f82, 0xf7220784, 0x6f82bd00, 0x5000bb22, 0xc620759e, 0xbb226d84, 0x07845900,
    0xc700f722, 0xbb206d84, 0x03229582, 0xaf820a00, 0x6d84c820, 0x5b00bb22, 0xf7220784, 0x6d84c900, 0x5c00bb22, 0xf7220784, 0x6d84ca00, 0x5d00bb22,
    0xf7220784, 0x7584be00, 0x75845120, 0x0a00042a, 0x1a001200, 0xcb002000, 0xbb225d84, 0x5d86cc00, 0x2584bf20, 0x25845220, 0x06000226, 0xc0000c00,
    0x53201184, 0x0e221188, 0x2b82bc00, 0x33000826, 0x02006000, 0x01244182, 0xa0000400, 0x37200982, 0x06240382, 0xa3001000, 0x08260f82, 0x2d003100,
    0x2782a400, 0x07003523, 0x20218300, 0x220b8243, 0x8223000e, 0x2079871b, 0x2411827a, 0x00400015, 0x2407828e, 0x0027001c, 0x223f8270, 0x82a6000f,
    0x843f2005, 0x000e245f, 0x82a80014, 0x001c220d, 0x2205824a, 0x8277002d, 0x84402005, 0x8467204b, 0x26c38377, 0x00160010, 0x846e001c, 0x82aa2039,
    0x00172205, 0x220582ab, 0x82490019, 0x841e2005, 0x824d202b, 0x001f234b, 0x79420011, 0x7900210a, 0x8d207986, 0x6f207986, 0x99203f84, 0x21220582,
    0x05829e00, 0x2d8c2220, 0x2584b620, 0x48001922, 0x12224984, 0x2182b400, 0xb7001522, 0x1d220582, 0x05828b00, 0x67842720, 0x0982b920, 0x09843c20,
    0x5d867b20, 0xbb20f583, 0x3320c984, 0xba201784, 0x28202182, 0x9f260984, 0x07000400, 0x19413300, 0x82612006, 0x00272623, 0x00060038, 0x28cd820e,
    0x0026001e, 0x0032002c, 0x22158471, 0x82820032, 0x00332407, 0x8486000b, 0x000c2207, 0x224582a1, 0x82a20029, 0x002a2205, 0x2005827f, 0x20ab8c33,
    0x22258465, 0x8466000b, 0x000c2207, 0x222182a5, 0x845f000f, 0x846420a5, 0x8402202d, 0x824b2067, 0x0038241f, 0x844c002d, 0x20a983f3, 0x831d847c,
    0x86cd2009, 0x20298579, 0x22fd845e, 0x88a70027, 0x82a920e9, 0x82342009, 0x43182091, 0x482a0a2d, 0x54004e00, 0x60005a00, 0xdb827200, 0x27002922,
    0x7820c182, 0x20060741, 0x2041868c, 0x22938484, 0x8488000b, 0x000c2207, 0x2247826d, 0x8498000e, 0x829d2081, 0x00222205, 0x22058276, 0x8480002d,
    0x82ac2089, 0x823a2005, 0x000a284b, 0x00180012, 0x82af001e, 0x82352035, 0x84ad20b1, 0x84ae201d, 0x82b02083, 0x003e2505, 0x0020000f, 0x280bb543,
    0x005e0058, 0x006a0064, 0x244f8270, 0x0082007c, 0x2645828a, 0x00390008, 0x8289000b, 0x20098343, 0x240782b2, 0x0032002f, 0x22898481, 0x8485000b,
    0x000c2207, 0x226384b3, 0x82830032, 0x000b2257, 0x22058287, 0x846c000c, 0x849720a5, 0x849c20a5, 0x82b120a5, 0x00282205, 0x20ab8475, 0x208d847e,
    0x28058294, 0x00060039, 0x0014000e, 0x248d821a, 0x002c0026, 0x2037846b, 0x22058274, 0x84960013, 0x849b203d, 0x847d203d, 0x84932031, 0x82012031,
    0x84622099, 0x0007221b, 0x24398810, 0x00380032, 0x082142b5, 0x47846a20, 0x47847320, 0x2b849520, 0x47849a20, 0x05826320, 0x92002922, 0x03284784,
    0x16000800, 0x91002200, 0x27228382, 0x0d822a00, 0x9023ed83, 0x87000500, 0x828f200d, 0x830b83d9, 0x82b82071, 0x00382133, 0x4e240983, 0x37010200,
    0x69200984, 0xe0200982, 0x68200984, 0x8e200982, 0x0920ff84, 0x00249382, 0x19001300, 0x1c284f82, 0x0f001c00, 0x1f001e00, 0x21201382, 0x12206982,
    0x2f205982, 0x3124ed82, 0x1d003600, 0x3924af82, 0xe4002300, 0x252a0182, 0x4f014f01, 0x71012600, 0x21827101, 0xfd450120, 0x028a0806, 0x8a001a01,
    0xba024400, 0xbc02bb02, 0xbe02bd02, 0xc002bf02, 0xc202c102, 0xc402c302, 0xc602c502, 0xc802c702, 0xca02c902, 0xcc02cb02, 0xce02cd02, 0xd002cf02,
    0xd202d102, 0xd402d302, 0xd602d502, 0xd802d702, 0xda02d902, 0xdc02db02, 0xde02dd02, 0xe002df02, 0xe202e102, 0xe402e302, 0xe602e502, 0xe802e702,
    0xea02e902, 0xec02eb02, 0xee02ed02, 0xf002ef02, 0xf202f102, 0xf402f302, 0xf602f502, 0xf802f702, 0x4703f902, 0x75894803, 0x40420021, 0x00358191,
    0x00030002, 0x00410001, 0x02fc0200, 0x034100fd, 0x00460300, 0x20118243, 0x08038200, 0x02000888, 0x87001401, 0x07030603, 0x09030803, 0x0b030a03,
    0x0d030c03, 0x0f030e03, 0x11031003, 0x13031203, 0x15031403, 0x17031603, 0x19031803, 0x1b031a03, 0x1d031c03, 0x1f031e03, 0x21032003, 0x23032203,
    0x25032403, 0x27032603, 0x29032803, 0x2b032a03, 0x2d032c03, 0x2f032e03, 0x31033003, 0x33033203, 0x35033403, 0x37033603, 0x39033803, 0x3b033a03,
    0x3d033c03, 0x3f033e03, 0x41034003, 0x43034203, 0x45034403, 0x81404603, 0x23f38882, 0x04000200, 0x41177348, 0x10240a37, 0x05038500, 0x20088f4f,
    0x06a74f05, 0x00097008, 0x000b000a, 0x000d000c, 0x000f000e, 0x00110010, 0x00130012, 0x00150014, 0x00170016, 0x00190018, 0x001b001a, 0x001d001c,
    0x001f001e, 0x00210020, 0x00230022, 0x00250024, 0x00270026, 0x00290028, 0x002b002a, 0x002d002c, 0x002f002e, 0x00310030, 0x00330032, 0x00350034,
    0x00370036, 0x00390038, 0x003b003a, 0x003d003c, 0x003f003e, 0x40410040, 0x02298181, 0x00fd02fc, 0x00040002, 0x22018242, 0x82440000, 0x02012a01,
    0x00f902ba, 0x03060302, 0x43138248, 0x002f08a3, 0x03060012, 0x03010300, 0x03030302, 0x82050304, 0x000621bb, 0x20093141, 0x095d4142, 0x0022003f,
    0x02b3020e, 0x02b602b0, 0x034903b7, 0x024b034a, 0x02b502b4, 0x034c03af, 0x02b2024d, 0x202982b1, 0x2c59820e, 0x00460045, 0x004e0047, 0x02690068,
    0x058154bb, 0x02f90225, 0x88ff02fe, 0x00012449, 0x8271ff06, 0x0302210d, 0x36059954, 0x00700300, 0x03430082, 0x024a0063, 0x024b00ea, 0x034c0091,
    0x824d005d, 0x8260200f, 0x82622007, 0x02632803, 0x036500a1, 0x826600a1, 0x82672003, 0x026a240f, 0x826b00fa, 0x826c201f, 0x826e2003, 0x826f2003,
    0x82702003, 0x82732003, 0x82742017, 0x82752007, 0x02762443, 0x827700fb, 0x8279200b, 0x827a2003, 0x827b2003, 0x037c2803, 0x037d007b, 0x827e000a,
    0x037f2c03, 0x03810004, 0x038200a8, 0x828300a2, 0x82842007, 0x82852003, 0x82862003, 0x8287200f, 0x82882007, 0x03892803, 0x038a0027, 0x828b004e,
    0x828d2073, 0x828e2003, 0x03902443, 0x82910008, 0x82922003, 0x03932493, 0x82940004, 0x82952003, 0x82962077, 0x8297201b, 0x82992003, 0x829a2003,
    0x829b200f, 0x829c2007, 0x829e2003, 0x039f2403, 0x82a00003, 0x82a12013, 0x82a3202b, 0x82a4203b, 0x02a62413, 0x82a800fe, 0x03a92407, 0x82aa0079,
    0x82ab2007, 0x02af2403, 0x82b400fb, 0x02b52427, 0x82b600a0, 0x82b7200f, 0x82b82003, 0x82b92033, 0x82bb2007, 0x82bc208b, 0x02cd2803, 0x03c102fb,
    0x82c20263, 0x03c32403, 0x82c40269, 0x82c52007, 0x82c62003, 0x82c72003, 0x82c82003, 0x82c92003, 0x82ca2003, 0x82cb2003, 0x82cc2003, 0x82cd2003,
    0x82ce2003, 0x82cf2003, 0x82d02003, 0x82d12003, 0x82d22003, 0x82d32003, 0x82d42003, 0x82d52003, 0x82d62003, 0x82d72003, 0x03d82403, 0x82d9025d,
    0x82da2007, 0x82db2003, 0x82dc2003, 0x82dd2003, 0x03df2803, 0x03e00204, 0x82e1027c, 0x82e22007, 0x82e32007, 0x03e43407, 0x02e50288, 0x03e6028d,
    0x03e70282, 0x03e80280, 0x82e90206, 0x82ea200b, 0x03eb241f, 0x82ec020a, 0x82ed2003, 0x02ee2427, 0x82ef0298, 0x82f02003, 0x82f1200f, 0x03f2280f,
    0x02f3024a, 0x82f402fe, 0x82f5200b, 0x82f62003, 0x02f73a03, 0x03f8028f, 0x00e80304, 0x00700300, 0x003e0085, 0x0202013e, 0x00f102f1, 0x200d8256,
    0x22038292, 0x84920085, 0x8b078f01, 0x851b8715, 0x00922613, 0x00430156, 0x20038654, 0x21078347, 0x01826900, 0x13835420, 0x89430121, 0xb8002301,
    0x01895101, 0x012a002b, 0x038400b2, 0x007c0270, 0x2e018222, 0x001a0086, 0x0065000b, 0x0084007e, 0x886a0028, 0x00632101, 0x70220191, 0x27827000,
    0x74200383, 0x39220982, 0x0d823900, 0x31002c24, 0x3b821b00, 0x11828420, 0x07828420, 0x07827820, 0x11847020, 0xfbff6522, 0x70200f82, 0x84241384,
    0xde006e00, 0xd7200182, 0x40241d82, 0x40003a00, 0x07850184, 0xe6ff0d22, 0x3b825586, 0xffeeff27, 0x007400ee, 0x890182d7, 0x20098955, 0x825982d7,
    0x82238243, 0x1300212b, 0x61837384, 0x75848420, 0x71827020, 0x6720a383, 0x1b200d82, 0x8f834582, 0x8300d721, 0x000d2829, 0x0091000d, 0x82860085,
    0x82832005, 0x22198303, 0x82830091, 0x2003839b, 0x30098284, 0x01fbff85, 0x003b00c2, 0x00720075, 0x00300041, 0x0611452b, 0x07822c20, 0x4b822f20,
    0x7300bb2a, 0x22006500, 0x32002f00, 0x3724f182, 0x53002800, 0x2f242382, 0x26002c00, 0x2f260382, 0x2e002400, 0x1d822700, 0x03822c20, 0x33822920,
    0x2e200783, 0x2b202182, 0x23241982, 0x29002c00, 0x25220386, 0x15847a00, 0x21004122, 0x2b222984, 0x19826200, 0x55822520, 0x52002c24, 0x55823d00,
    0x3d822d20, 0x31002b26, 0x3c003f00, 0x27222182, 0x6b823a00, 0x0b823920, 0x27822b20, 0x2d826c20, 0x0f823020, 0x61006326, 0x34007600, 0x5a200982,
    0x72209382, 0x2b220782, 0x63822300, 0x09825f20, 0x07823420, 0x2a003122, 0x20226582, 0x4b823500, 0x55002928, 0x57005900, 0x77845400, 0x37003722,
    0x2b226b82, 0xb7823600, 0x51823220, 0x2d822b20, 0x03822d20, 0x1d822b20, 0x2d822a20, 0x36002c22, 0x2a201582, 0x5183b582, 0x25002622, 0x24200184,
    0x2b201382, 0x2b209b82, 0x3a200782, 0x5c224784, 0x01825b00, 0x9c005722, 0x6a202d84, 0x2d204182, 0x2c201782, 0x6f240d82, 0x27002e00, 0x26223f82,
    0x0d823000, 0x5a006d22, 0x36200782, 0x4020bf82, 0x2e241582, 0x4e002f00, 0x6f833f84, 0x09822820, 0xa9822d20, 0x6d842120, 0x7d823220, 0x67842e20,
    0x2d204983, 0x0d830982, 0x07825220, 0x038a2c20, 0x21842820, 0x05882a20, 0x2c202783, 0x28203982, 0x29201182, 0x2b201584, 0x2a205182, 0x26226384,
    0xe5822800, 0x6f002b24, 0xfd827000, 0x56003124, 0x07823000, 0x50005c24, 0x1f826100, 0x03824c20, 0x59843720, 0x91882b20, 0xd3822b20, 0x0d842d20,
    0xcd842c20, 0xd7822b20, 0x23822920, 0x13862420, 0x75002f22, 0x2d240d82, 0x36006a00, 0x2e204b82, 0x39207782, 0x27201982, 0x2f200382, 0x3620f582,
    0x29205186, 0x39208182, 0x2b20ed82, 0x27202b82, 0x2b200b82, 0x2e200382, 0x6f26e382, 0x5c007100, 0x15825900, 0x39827220, 0x9d824c20, 0x07822720,
    0x22002b22, 0xb1834f82, 0x57003324, 0x43823800, 0x60002d22, 0x28200982, 0x76203984, 0x24200584, 0x2e203382, 0x26201982, 0x2720cf82, 0x28200782,
    0x03835d82, 0x43822920, 0x1b822920, 0x47822d20, 0xa3843320, 0x3b83f985, 0xc1842d20, 0x05842820, 0x23822d20, 0x51002824, 0x07823200, 0x11823c20,
    0x31002922, 0x2a207582, 0x22200982, 0x5f414182, 0x822b2009, 0x200d8347, 0x202b8257, 0x20ab8263, 0x20ff822e, 0x2081842b, 0x2039822f, 0x20038245,
    0x20e7823e, 0x22fb8246, 0x8246002b, 0x20398501, 0x20438242, 0x22398234, 0x84560056, 0x842c206d, 0x003a2453, 0x8462002f, 0x0026246f, 0x8234003d,
    0x823c200d, 0x822d204d, 0x00492227, 0x22bf8224, 0x82520034, 0x824b2085, 0x822a204f, 0x822b20d5, 0x8226201b, 0x002a249f, 0x82390037, 0x20bd8501,
    0x223f8253, 0x82250051, 0x82352055, 0x00532a09, 0x006e0030, 0x00580062, 0x2003824d, 0x20658255, 0x2241822d, 0x88470058, 0x00043201, 0x00700041,
    0x0265003a, 0x022e00b7, 0x0222009a, 0x22e78267, 0x82180077, 0x028d2401, 0x82cf0285, 0x0079260d, 0x007e0084, 0x20058278, 0x069b4484, 0x0b83078b,
    0x1d868420, 0x7e202383, 0x17832786, 0xd8002224, 0x03886000, 0x66006126, 0xefff6900, 0x60220582, 0x0182dd00, 0x6b00d822, 0xde200182, 0x91201f82,
    0xe3210d82, 0x2c018300, 0x00e4006e, 0x00420000, 0x00050035, 0x24498202, 0x009a00f4, 0x820382a7, 0xf1022505, 0x9b007003, 0x240c0946, 0x00a6009a,
    0x221d8299, 0x829100a6, 0x84852001, 0x00912105, 0x13830787, 0x138d0d87, 0x56009126, 0x70004301, 0x44280384, 0x44016300, 0x67007000, 0x70200182,
    0x44211382, 0x24018901, 0x01b70043, 0x29018950, 0x21002900, 0x23002500, 0x03825000, 0xdf016d22, 0x0134a982, 0xf4010010, 0x00000cfe, 0x36ffb80b,
    0x700b5bfd, 0x01000000, 0x002a0382, 0x00000000, 0x00000000, 0xfa050100, 0x56fb7e11,
};
